fit,subject_ID,seed,human,model,n_games
short,28,0,63.0,67.0,80
short,28,1,63.0,79.0,80
short,28,2,63.0,67.0,80
short,28,3,63.0,40.0,80
short,28,4,63.0,92.0,80
short,28,5,63.0,68.0,80
short,28,6,63.0,75.0,80
short,28,7,63.0,79.0,80
short,28,8,63.0,51.0,80
short,28,9,63.0,67.0,80
short,28,10,63.0,68.0,80
short,28,11,63.0,63.0,80
short,28,12,63.0,44.0,80
short,28,13,63.0,65.0,80
short,28,14,63.0,47.0,80
short,28,15,63.0,58.0,80
short,28,16,63.0,74.0,80
short,28,17,63.0,65.0,80
short,28,18,63.0,77.0,80
short,28,19,63.0,58.0,80
short,28,20,63.0,69.0,80
short,28,21,63.0,73.0,80
short,28,22,63.0,74.0,80
short,28,23,63.0,61.0,80
short,28,24,63.0,86.0,80
short,28,25,63.0,86.0,80
short,28,26,63.0,72.0,80
short,28,27,63.0,68.0,80
short,28,28,63.0,50.0,80
short,28,29,63.0,88.0,80
short,28,30,63.0,70.0,80
short,28,31,63.0,66.0,80
short,28,32,63.0,87.0,80
short,28,33,63.0,64.0,80
short,28,34,63.0,81.0,80
short,28,35,63.0,72.0,80
short,28,36,63.0,78.0,80
short,28,37,63.0,62.0,80
short,28,38,63.0,58.0,80
short,28,39,63.0,61.0,80
short,28,40,63.0,76.0,80
short,28,41,63.0,61.0,80
short,28,42,63.0,70.0,80
short,28,43,63.0,81.0,80
short,28,44,63.0,76.0,80
short,28,45,63.0,59.0,80
short,28,46,63.0,52.0,80
short,28,47,63.0,53.0,80
short,28,48,63.0,67.0,80
short,28,49,63.0,51.0,80
short,10,0,63.0,73.0,80
short,10,1,63.0,53.0,80
short,10,2,63.0,65.0,80
short,10,3,63.0,62.0,80
short,10,4,63.0,35.0,80
short,10,5,63.0,66.0,80
short,10,6,63.0,66.0,80
short,10,7,63.0,81.0,80
short,10,8,63.0,56.0,80
short,10,9,63.0,54.0,80
short,10,10,63.0,40.0,80
short,10,11,63.0,53.0,80
short,10,12,63.0,64.0,80
short,10,13,63.0,37.0,80
short,10,14,63.0,65.0,80
short,10,15,63.0,68.0,80
short,10,16,63.0,81.0,80
short,10,17,63.0,52.0,80
short,10,18,63.0,58.0,80
short,10,19,63.0,49.0,80
short,10,20,63.0,67.0,80
short,10,21,63.0,68.0,80
short,10,22,63.0,60.0,80
short,10,23,63.0,82.0,80
short,10,24,63.0,74.0,80
short,10,25,63.0,64.0,80
short,10,26,63.0,55.0,80
short,10,27,63.0,80.0,80
short,10,28,63.0,53.0,80
short,10,29,63.0,53.0,80
short,10,30,63.0,64.0,80
short,10,31,63.0,78.0,80
short,10,32,63.0,73.0,80
short,10,33,63.0,59.0,80
short,10,34,63.0,78.0,80
short,10,35,63.0,73.0,80
short,10,36,63.0,78.0,80
short,10,37,63.0,50.0,80
short,10,38,63.0,55.0,80
short,10,39,63.0,45.0,80
short,10,40,63.0,77.0,80
short,10,41,63.0,67.0,80
short,10,42,63.0,49.0,80
short,10,43,63.0,61.0,80
short,10,44,63.0,60.0,80
short,10,45,63.0,41.0,80
short,10,46,63.0,69.0,80
short,10,47,63.0,46.0,80
short,10,48,63.0,61.0,80
short,10,49,63.0,53.0,80
short,53,0,82.0,53.0,80
short,53,1,82.0,57.0,80
short,53,2,82.0,56.0,80
short,53,3,82.0,65.0,80
short,53,4,82.0,90.0,80
short,53,5,82.0,81.0,80
short,53,6,82.0,72.0,80
short,53,7,82.0,69.0,80
short,53,8,82.0,68.0,80
short,53,9,82.0,73.0,80
short,53,10,82.0,63.0,80
short,53,11,82.0,71.0,80
short,53,12,82.0,70.0,80
short,53,13,82.0,59.0,80
short,53,14,82.0,60.0,80
short,53,15,82.0,71.0,80
short,53,16,82.0,50.0,80
short,53,17,82.0,55.0,80
short,53,18,82.0,77.0,80
short,53,19,82.0,75.0,80
short,53,20,82.0,57.0,80
short,53,21,82.0,62.0,80
short,53,22,82.0,74.0,80
short,53,23,82.0,83.0,80
short,53,24,82.0,76.0,80
short,53,25,82.0,70.0,80
short,53,26,82.0,58.0,80
short,53,27,82.0,74.0,80
short,53,28,82.0,76.0,80
short,53,29,82.0,57.0,80
short,53,30,82.0,75.0,80
short,53,31,82.0,60.0,80
short,53,32,82.0,91.0,80
short,53,33,82.0,63.0,80
short,53,34,82.0,53.0,80
short,53,35,82.0,71.0,80
short,53,36,82.0,81.0,80
short,53,37,82.0,73.0,80
short,53,38,82.0,63.0,80
short,53,39,82.0,63.0,80
short,53,40,82.0,50.0,80
short,53,41,82.0,71.0,80
short,53,42,82.0,76.0,80
short,53,43,82.0,62.0,80
short,53,44,82.0,69.0,80
short,53,45,82.0,60.0,80
short,53,46,82.0,64.0,80
short,53,47,82.0,74.0,80
short,53,48,82.0,66.0,80
short,53,49,82.0,69.0,80
short,39,0,69.0,74.0,80
short,39,1,69.0,80.0,80
short,39,2,69.0,62.0,80
short,39,3,69.0,39.0,80
short,39,4,69.0,64.0,80
short,39,5,69.0,59.0,80
short,39,6,69.0,77.0,80
short,39,7,69.0,68.0,80
short,39,8,69.0,51.0,80
short,39,9,69.0,56.0,80
short,39,10,69.0,60.0,80
short,39,11,69.0,67.0,80
short,39,12,69.0,92.0,80
short,39,13,69.0,63.0,80
short,39,14,69.0,60.0,80
short,39,15,69.0,74.0,80
short,39,16,69.0,64.0,80
short,39,17,69.0,58.0,80
short,39,18,69.0,70.0,80
short,39,19,69.0,74.0,80
short,39,20,69.0,59.0,80
short,39,21,69.0,58.0,80
short,39,22,69.0,70.0,80
short,39,23,69.0,77.0,80
short,39,24,69.0,52.0,80
short,39,25,69.0,45.0,80
short,39,26,69.0,72.0,80
short,39,27,69.0,75.0,80
short,39,28,69.0,55.0,80
short,39,29,69.0,57.0,80
short,39,30,69.0,65.0,80
short,39,31,69.0,71.0,80
short,39,32,69.0,58.0,80
short,39,33,69.0,74.0,80
short,39,34,69.0,71.0,80
short,39,35,69.0,57.0,80
short,39,36,69.0,68.0,80
short,39,37,69.0,72.0,80
short,39,38,69.0,47.0,80
short,39,39,69.0,78.0,80
short,39,40,69.0,73.0,80
short,39,41,69.0,75.0,80
short,39,42,69.0,66.0,80
short,39,43,69.0,56.0,80
short,39,44,69.0,72.0,80
short,39,45,69.0,79.0,80
short,39,46,69.0,68.0,80
short,39,47,69.0,63.0,80
short,39,48,69.0,58.0,80
short,39,49,69.0,77.0,80
short,37,0,47.0,48.0,80
short,37,1,47.0,23.0,80
short,37,2,47.0,9.0,80
short,37,3,47.0,36.0,80
short,37,4,47.0,32.0,80
short,37,5,47.0,40.0,80
short,37,6,47.0,35.0,80
short,37,7,47.0,21.0,80
short,37,8,47.0,26.0,80
short,37,9,47.0,36.0,80
short,37,10,47.0,42.0,80
short,37,11,47.0,21.0,80
short,37,12,47.0,31.0,80
short,37,13,47.0,48.0,80
short,37,14,47.0,41.0,80
short,37,15,47.0,10.0,80
short,37,16,47.0,12.0,80
short,37,17,47.0,15.0,80
short,37,18,47.0,-5.0,80
short,37,19,47.0,25.0,80
short,37,20,47.0,18.0,80
short,37,21,47.0,12.0,80
short,37,22,47.0,32.0,80
short,37,23,47.0,25.0,80
short,37,24,47.0,47.0,80
short,37,25,47.0,31.0,80
short,37,26,47.0,9.0,80
short,37,27,47.0,18.0,80
short,37,28,47.0,23.0,80
short,37,29,47.0,39.0,80
short,37,30,47.0,15.0,80
short,37,31,47.0,25.0,80
short,37,32,47.0,31.0,80
short,37,33,47.0,23.0,80
short,37,34,47.0,5.0,80
short,37,35,47.0,10.0,80
short,37,36,47.0,32.0,80
short,37,37,47.0,40.0,80
short,37,38,47.0,33.0,80
short,37,39,47.0,35.0,80
short,37,40,47.0,21.0,80
short,37,41,47.0,34.0,80
short,37,42,47.0,17.0,80
short,37,43,47.0,37.0,80
short,37,44,47.0,29.0,80
short,37,45,47.0,36.0,80
short,37,46,47.0,25.0,80
short,37,47,47.0,31.0,80
short,37,48,47.0,44.0,80
short,37,49,47.0,15.0,80
short,1,0,85.0,68.0,80
short,1,1,85.0,47.0,80
short,1,2,85.0,38.0,80
short,1,3,85.0,75.0,80
short,1,4,85.0,51.0,80
short,1,5,85.0,33.0,80
short,1,6,85.0,64.0,80
short,1,7,85.0,74.0,80
short,1,8,85.0,61.0,80
short,1,9,85.0,68.0,80
short,1,10,85.0,71.0,80
short,1,11,85.0,63.0,80
short,1,12,85.0,82.0,80
short,1,13,85.0,56.0,80
short,1,14,85.0,41.0,80
short,1,15,85.0,53.0,80
short,1,16,85.0,51.0,80
short,1,17,85.0,46.0,80
short,1,18,85.0,65.0,80
short,1,19,85.0,50.0,80
short,1,20,85.0,48.0,80
short,1,21,85.0,44.0,80
short,1,22,85.0,67.0,80
short,1,23,85.0,49.0,80
short,1,24,85.0,63.0,80
short,1,25,85.0,29.0,80
short,1,26,85.0,52.0,80
short,1,27,85.0,74.0,80
short,1,28,85.0,56.0,80
short,1,29,85.0,32.0,80
short,1,30,85.0,46.0,80
short,1,31,85.0,33.0,80
short,1,32,85.0,48.0,80
short,1,33,85.0,59.0,80
short,1,34,85.0,54.0,80
short,1,35,85.0,46.0,80
short,1,36,85.0,50.0,80
short,1,37,85.0,60.0,80
short,1,38,85.0,61.0,80
short,1,39,85.0,61.0,80
short,1,40,85.0,54.0,80
short,1,41,85.0,57.0,80
short,1,42,85.0,66.0,80
short,1,43,85.0,66.0,80
short,1,44,85.0,63.0,80
short,1,45,85.0,64.0,80
short,1,46,85.0,63.0,80
short,1,47,85.0,46.0,80
short,1,48,85.0,60.0,80
short,1,49,85.0,35.0,80
short,18,0,94.0,77.0,80
short,18,1,94.0,80.0,80
short,18,2,94.0,72.0,80
short,18,3,94.0,76.0,80
short,18,4,94.0,77.0,80
short,18,5,94.0,87.0,80
short,18,6,94.0,76.0,80
short,18,7,94.0,87.0,80
short,18,8,94.0,82.0,80
short,18,9,94.0,86.0,80
short,18,10,94.0,73.0,80
short,18,11,94.0,71.0,80
short,18,12,94.0,84.0,80
short,18,13,94.0,63.0,80
short,18,14,94.0,57.0,80
short,18,15,94.0,70.0,80
short,18,16,94.0,76.0,80
short,18,17,94.0,69.0,80
short,18,18,94.0,77.0,80
short,18,19,94.0,75.0,80
short,18,20,94.0,66.0,80
short,18,21,94.0,71.0,80
short,18,22,94.0,68.0,80
short,18,23,94.0,72.0,80
short,18,24,94.0,67.0,80
short,18,25,94.0,73.0,80
short,18,26,94.0,77.0,80
short,18,27,94.0,79.0,80
short,18,28,94.0,83.0,80
short,18,29,94.0,89.0,80
short,18,30,94.0,82.0,80
short,18,31,94.0,88.0,80
short,18,32,94.0,85.0,80
short,18,33,94.0,59.0,80
short,18,34,94.0,77.0,80
short,18,35,94.0,85.0,80
short,18,36,94.0,68.0,80
short,18,37,94.0,66.0,80
short,18,38,94.0,71.0,80
short,18,39,94.0,85.0,80
short,18,40,94.0,83.0,80
short,18,41,94.0,70.0,80
short,18,42,94.0,86.0,80
short,18,43,94.0,78.0,80
short,18,44,94.0,68.0,80
short,18,45,94.0,87.0,80
short,18,46,94.0,79.0,80
short,18,47,94.0,73.0,80
short,18,48,94.0,83.0,80
short,18,49,94.0,86.0,80
short,8,0,82.0,86.0,80
short,8,1,82.0,75.0,80
short,8,2,82.0,59.0,80
short,8,3,82.0,79.0,80
short,8,4,82.0,63.0,80
short,8,5,82.0,69.0,80
short,8,6,82.0,69.0,80
short,8,7,82.0,76.0,80
short,8,8,82.0,76.0,80
short,8,9,82.0,87.0,80
short,8,10,82.0,84.0,80
short,8,11,82.0,74.0,80
short,8,12,82.0,75.0,80
short,8,13,82.0,79.0,80
short,8,14,82.0,75.0,80
short,8,15,82.0,66.0,80
short,8,16,82.0,79.0,80
short,8,17,82.0,76.0,80
short,8,18,82.0,75.0,80
short,8,19,82.0,80.0,80
short,8,20,82.0,79.0,80
short,8,21,82.0,62.0,80
short,8,22,82.0,78.0,80
short,8,23,82.0,78.0,80
short,8,24,82.0,76.0,80
short,8,25,82.0,76.0,80
short,8,26,82.0,79.0,80
short,8,27,82.0,60.0,80
short,8,28,82.0,71.0,80
short,8,29,82.0,74.0,80
short,8,30,82.0,79.0,80
short,8,31,82.0,63.0,80
short,8,32,82.0,81.0,80
short,8,33,82.0,83.0,80
short,8,34,82.0,66.0,80
short,8,35,82.0,73.0,80
short,8,36,82.0,72.0,80
short,8,37,82.0,64.0,80
short,8,38,82.0,73.0,80
short,8,39,82.0,82.0,80
short,8,40,82.0,68.0,80
short,8,41,82.0,61.0,80
short,8,42,82.0,59.0,80
short,8,43,82.0,92.0,80
short,8,44,82.0,72.0,80
short,8,45,82.0,72.0,80
short,8,46,82.0,83.0,80
short,8,47,82.0,57.0,80
short,8,48,82.0,59.0,80
short,8,49,82.0,60.0,80
short,32,0,87.0,62.0,80
short,32,1,87.0,58.0,80
short,32,2,87.0,83.0,80
short,32,3,87.0,71.0,80
short,32,4,87.0,56.0,80
short,32,5,87.0,60.0,80
short,32,6,87.0,83.0,80
short,32,7,87.0,80.0,80
short,32,8,87.0,71.0,80
short,32,9,87.0,75.0,80
short,32,10,87.0,46.0,80
short,32,11,87.0,67.0,80
short,32,12,87.0,66.0,80
short,32,13,87.0,60.0,80
short,32,14,87.0,71.0,80
short,32,15,87.0,66.0,80
short,32,16,87.0,47.0,80
short,32,17,87.0,59.0,80
short,32,18,87.0,76.0,80
short,32,19,87.0,57.0,80
short,32,20,87.0,62.0,80
short,32,21,87.0,82.0,80
short,32,22,87.0,60.0,80
short,32,23,87.0,68.0,80
short,32,24,87.0,45.0,80
short,32,25,87.0,48.0,80
short,32,26,87.0,53.0,80
short,32,27,87.0,65.0,80
short,32,28,87.0,62.0,80
short,32,29,87.0,67.0,80
short,32,30,87.0,63.0,80
short,32,31,87.0,66.0,80
short,32,32,87.0,79.0,80
short,32,33,87.0,85.0,80
short,32,34,87.0,41.0,80
short,32,35,87.0,63.0,80
short,32,36,87.0,70.0,80
short,32,37,87.0,59.0,80
short,32,38,87.0,56.0,80
short,32,39,87.0,69.0,80
short,32,40,87.0,61.0,80
short,32,41,87.0,57.0,80
short,32,42,87.0,53.0,80
short,32,43,87.0,74.0,80
short,32,44,87.0,41.0,80
short,32,45,87.0,74.0,80
short,32,46,87.0,57.0,80
short,32,47,87.0,60.0,80
short,32,48,87.0,77.0,80
short,32,49,87.0,73.0,80
short,68,0,73.0,39.0,80
short,68,1,73.0,41.0,80
short,68,2,73.0,56.0,80
short,68,3,73.0,33.0,80
short,68,4,73.0,46.0,80
short,68,5,73.0,77.0,80
short,68,6,73.0,29.0,80
short,68,7,73.0,53.0,80
short,68,8,73.0,54.0,80
short,68,9,73.0,57.0,80
short,68,10,73.0,43.0,80
short,68,11,73.0,63.0,80
short,68,12,73.0,85.0,80
short,68,13,73.0,30.0,80
short,68,14,73.0,63.0,80
short,68,15,73.0,50.0,80
short,68,16,73.0,72.0,80
short,68,17,73.0,58.0,80
short,68,18,73.0,47.0,80
short,68,19,73.0,51.0,80
short,68,20,73.0,25.0,80
short,68,21,73.0,40.0,80
short,68,22,73.0,51.0,80
short,68,23,73.0,35.0,80
short,68,24,73.0,42.0,80
short,68,25,73.0,41.0,80
short,68,26,73.0,23.0,80
short,68,27,73.0,58.0,80
short,68,28,73.0,49.0,80
short,68,29,73.0,39.0,80
short,68,30,73.0,53.0,80
short,68,31,73.0,49.0,80
short,68,32,73.0,66.0,80
short,68,33,73.0,53.0,80
short,68,34,73.0,36.0,80
short,68,35,73.0,48.0,80
short,68,36,73.0,32.0,80
short,68,37,73.0,49.0,80
short,68,38,73.0,29.0,80
short,68,39,73.0,66.0,80
short,68,40,73.0,52.0,80
short,68,41,73.0,22.0,80
short,68,42,73.0,61.0,80
short,68,43,73.0,54.0,80
short,68,44,73.0,68.0,80
short,68,45,73.0,53.0,80
short,68,46,73.0,65.0,80
short,68,47,73.0,67.0,80
short,68,48,73.0,37.0,80
short,68,49,73.0,30.0,80
short,70,0,71.0,72.0,80
short,70,1,71.0,72.0,80
short,70,2,71.0,55.0,80
short,70,3,71.0,60.0,80
short,70,4,71.0,55.0,80
short,70,5,71.0,47.0,80
short,70,6,71.0,62.0,80
short,70,7,71.0,34.0,80
short,70,8,71.0,71.0,80
short,70,9,71.0,61.0,80
short,70,10,71.0,64.0,80
short,70,11,71.0,66.0,80
short,70,12,71.0,58.0,80
short,70,13,71.0,80.0,80
short,70,14,71.0,56.0,80
short,70,15,71.0,63.0,80
short,70,16,71.0,73.0,80
short,70,17,71.0,79.0,80
short,70,18,71.0,60.0,80
short,70,19,71.0,61.0,80
short,70,20,71.0,74.0,80
short,70,21,71.0,83.0,80
short,70,22,71.0,63.0,80
short,70,23,71.0,58.0,80
short,70,24,71.0,63.0,80
short,70,25,71.0,70.0,80
short,70,26,71.0,44.0,80
short,70,27,71.0,62.0,80
short,70,28,71.0,63.0,80
short,70,29,71.0,74.0,80
short,70,30,71.0,65.0,80
short,70,31,71.0,43.0,80
short,70,32,71.0,69.0,80
short,70,33,71.0,73.0,80
short,70,34,71.0,73.0,80
short,70,35,71.0,57.0,80
short,70,36,71.0,62.0,80
short,70,37,71.0,72.0,80
short,70,38,71.0,80.0,80
short,70,39,71.0,58.0,80
short,70,40,71.0,72.0,80
short,70,41,71.0,68.0,80
short,70,42,71.0,67.0,80
short,70,43,71.0,54.0,80
short,70,44,71.0,66.0,80
short,70,45,71.0,58.0,80
short,70,46,71.0,67.0,80
short,70,47,71.0,74.0,80
short,70,48,71.0,42.0,80
short,70,49,71.0,75.0,80
short,44,0,66.0,10.0,80
short,44,1,66.0,48.0,80
short,44,2,66.0,76.0,80
short,44,3,66.0,31.0,80
short,44,4,66.0,40.0,80
short,44,5,66.0,34.0,80
short,44,6,66.0,61.0,80
short,44,7,66.0,56.0,80
short,44,8,66.0,39.0,80
short,44,9,66.0,7.0,80
short,44,10,66.0,34.0,80
short,44,11,66.0,47.0,80
short,44,12,66.0,50.0,80
short,44,13,66.0,57.0,80
short,44,14,66.0,37.0,80
short,44,15,66.0,40.0,80
short,44,16,66.0,55.0,80
short,44,17,66.0,32.0,80
short,44,18,66.0,45.0,80
short,44,19,66.0,27.0,80
short,44,20,66.0,22.0,80
short,44,21,66.0,-1.0,80
short,44,22,66.0,63.0,80
short,44,23,66.0,43.0,80
short,44,24,66.0,31.0,80
short,44,25,66.0,56.0,80
short,44,26,66.0,21.0,80
short,44,27,66.0,60.0,80
short,44,28,66.0,58.0,80
short,44,29,66.0,25.0,80
short,44,30,66.0,22.0,80
short,44,31,66.0,60.0,80
short,44,32,66.0,10.0,80
short,44,33,66.0,27.0,80
short,44,34,66.0,50.0,80
short,44,35,66.0,33.0,80
short,44,36,66.0,34.0,80
short,44,37,66.0,29.0,80
short,44,38,66.0,39.0,80
short,44,39,66.0,20.0,80
short,44,40,66.0,57.0,80
short,44,41,66.0,64.0,80
short,44,42,66.0,17.0,80
short,44,43,66.0,14.0,80
short,44,44,66.0,82.0,80
short,44,45,66.0,42.0,80
short,44,46,66.0,46.0,80
short,44,47,66.0,36.0,80
short,44,48,66.0,-10.0,80
short,44,49,66.0,60.0,80
short,14,0,78.0,56.0,80
short,14,1,78.0,45.0,80
short,14,2,78.0,71.0,80
short,14,3,78.0,66.0,80
short,14,4,78.0,77.0,80
short,14,5,78.0,52.0,80
short,14,6,78.0,70.0,80
short,14,7,78.0,63.0,80
short,14,8,78.0,65.0,80
short,14,9,78.0,52.0,80
short,14,10,78.0,86.0,80
short,14,11,78.0,69.0,80
short,14,12,78.0,76.0,80
short,14,13,78.0,28.0,80
short,14,14,78.0,77.0,80
short,14,15,78.0,52.0,80
short,14,16,78.0,72.0,80
short,14,17,78.0,50.0,80
short,14,18,78.0,56.0,80
short,14,19,78.0,62.0,80
short,14,20,78.0,57.0,80
short,14,21,78.0,55.0,80
short,14,22,78.0,71.0,80
short,14,23,78.0,61.0,80
short,14,24,78.0,57.0,80
short,14,25,78.0,60.0,80
short,14,26,78.0,68.0,80
short,14,27,78.0,70.0,80
short,14,28,78.0,83.0,80
short,14,29,78.0,60.0,80
short,14,30,78.0,66.0,80
short,14,31,78.0,71.0,80
short,14,32,78.0,64.0,80
short,14,33,78.0,43.0,80
short,14,34,78.0,58.0,80
short,14,35,78.0,64.0,80
short,14,36,78.0,72.0,80
short,14,37,78.0,63.0,80
short,14,38,78.0,45.0,80
short,14,39,78.0,35.0,80
short,14,40,78.0,61.0,80
short,14,41,78.0,68.0,80
short,14,42,78.0,64.0,80
short,14,43,78.0,73.0,80
short,14,44,78.0,44.0,80
short,14,45,78.0,54.0,80
short,14,46,78.0,72.0,80
short,14,47,78.0,43.0,80
short,14,48,78.0,72.0,80
short,14,49,78.0,56.0,80
short,78,0,80.0,62.0,80
short,78,1,80.0,54.0,80
short,78,2,80.0,66.0,80
short,78,3,80.0,59.0,80
short,78,4,80.0,61.0,80
short,78,5,80.0,66.0,80
short,78,6,80.0,72.0,80
short,78,7,80.0,67.0,80
short,78,8,80.0,80.0,80
short,78,9,80.0,90.0,80
short,78,10,80.0,56.0,80
short,78,11,80.0,74.0,80
short,78,12,80.0,75.0,80
short,78,13,80.0,61.0,80
short,78,14,80.0,54.0,80
short,78,15,80.0,71.0,80
short,78,16,80.0,62.0,80
short,78,17,80.0,71.0,80
short,78,18,80.0,70.0,80
short,78,19,80.0,64.0,80
short,78,20,80.0,56.0,80
short,78,21,80.0,69.0,80
short,78,22,80.0,54.0,80
short,78,23,80.0,59.0,80
short,78,24,80.0,47.0,80
short,78,25,80.0,88.0,80
short,78,26,80.0,56.0,80
short,78,27,80.0,84.0,80
short,78,28,80.0,70.0,80
short,78,29,80.0,95.0,80
short,78,30,80.0,59.0,80
short,78,31,80.0,70.0,80
short,78,32,80.0,69.0,80
short,78,33,80.0,72.0,80
short,78,34,80.0,87.0,80
short,78,35,80.0,58.0,80
short,78,36,80.0,60.0,80
short,78,37,80.0,45.0,80
short,78,38,80.0,64.0,80
short,78,39,80.0,66.0,80
short,78,40,80.0,47.0,80
short,78,41,80.0,65.0,80
short,78,42,80.0,65.0,80
short,78,43,80.0,69.0,80
short,78,44,80.0,66.0,80
short,78,45,80.0,48.0,80
short,78,46,80.0,56.0,80
short,78,47,80.0,82.0,80
short,78,48,80.0,80.0,80
short,78,49,80.0,81.0,80
short,84,0,63.0,72.0,80
short,84,1,63.0,59.0,80
short,84,2,63.0,64.0,80
short,84,3,63.0,82.0,80
short,84,4,63.0,93.0,80
short,84,5,63.0,66.0,80
short,84,6,63.0,76.0,80
short,84,7,63.0,71.0,80
short,84,8,63.0,82.0,80
short,84,9,63.0,75.0,80
short,84,10,63.0,74.0,80
short,84,11,63.0,73.0,80
short,84,12,63.0,76.0,80
short,84,13,63.0,71.0,80
short,84,14,63.0,58.0,80
short,84,15,63.0,82.0,80
short,84,16,63.0,55.0,80
short,84,17,63.0,67.0,80
short,84,18,63.0,72.0,80
short,84,19,63.0,84.0,80
short,84,20,63.0,86.0,80
short,84,21,63.0,71.0,80
short,84,22,63.0,75.0,80
short,84,23,63.0,80.0,80
short,84,24,63.0,58.0,80
short,84,25,63.0,82.0,80
short,84,26,63.0,71.0,80
short,84,27,63.0,95.0,80
short,84,28,63.0,80.0,80
short,84,29,63.0,83.0,80
short,84,30,63.0,68.0,80
short,84,31,63.0,69.0,80
short,84,32,63.0,83.0,80
short,84,33,63.0,74.0,80
short,84,34,63.0,85.0,80
short,84,35,63.0,77.0,80
short,84,36,63.0,61.0,80
short,84,37,63.0,72.0,80
short,84,38,63.0,91.0,80
short,84,39,63.0,74.0,80
short,84,40,63.0,100.0,80
short,84,41,63.0,70.0,80
short,84,42,63.0,71.0,80
short,84,43,63.0,57.0,80
short,84,44,63.0,66.0,80
short,84,45,63.0,78.0,80
short,84,46,63.0,63.0,80
short,84,47,63.0,58.0,80
short,84,48,63.0,78.0,80
short,84,49,63.0,81.0,80
short,55,0,55.0,68.0,80
short,55,1,55.0,55.0,80
short,55,2,55.0,42.0,80
short,55,3,55.0,31.0,80
short,55,4,55.0,34.0,80
short,55,5,55.0,53.0,80
short,55,6,55.0,43.0,80
short,55,7,55.0,67.0,80
short,55,8,55.0,60.0,80
short,55,9,55.0,49.0,80
short,55,10,55.0,64.0,80
short,55,11,55.0,46.0,80
short,55,12,55.0,32.0,80
short,55,13,55.0,37.0,80
short,55,14,55.0,67.0,80
short,55,15,55.0,53.0,80
short,55,16,55.0,26.0,80
short,55,17,55.0,50.0,80
short,55,18,55.0,53.0,80
short,55,19,55.0,42.0,80
short,55,20,55.0,64.0,80
short,55,21,55.0,55.0,80
short,55,22,55.0,40.0,80
short,55,23,55.0,31.0,80
short,55,24,55.0,42.0,80
short,55,25,55.0,46.0,80
short,55,26,55.0,62.0,80
short,55,27,55.0,60.0,80
short,55,28,55.0,49.0,80
short,55,29,55.0,68.0,80
short,55,30,55.0,61.0,80
short,55,31,55.0,41.0,80
short,55,32,55.0,37.0,80
short,55,33,55.0,75.0,80
short,55,34,55.0,34.0,80
short,55,35,55.0,60.0,80
short,55,36,55.0,46.0,80
short,55,37,55.0,73.0,80
short,55,38,55.0,59.0,80
short,55,39,55.0,42.0,80
short,55,40,55.0,68.0,80
short,55,41,55.0,46.0,80
short,55,42,55.0,43.0,80
short,55,43,55.0,44.0,80
short,55,44,55.0,55.0,80
short,55,45,55.0,40.0,80
short,55,46,55.0,54.0,80
short,55,47,55.0,43.0,80
short,55,48,55.0,70.0,80
short,55,49,55.0,57.0,80
short,34,0,116.0,66.0,80
short,34,1,116.0,83.0,80
short,34,2,116.0,60.0,80
short,34,3,116.0,79.0,80
short,34,4,116.0,62.0,80
short,34,5,116.0,77.0,80
short,34,6,116.0,58.0,80
short,34,7,116.0,71.0,80
short,34,8,116.0,52.0,80
short,34,9,116.0,88.0,80
short,34,10,116.0,88.0,80
short,34,11,116.0,64.0,80
short,34,12,116.0,60.0,80
short,34,13,116.0,83.0,80
short,34,14,116.0,80.0,80
short,34,15,116.0,74.0,80
short,34,16,116.0,67.0,80
short,34,17,116.0,69.0,80
short,34,18,116.0,52.0,80
short,34,19,116.0,64.0,80
short,34,20,116.0,69.0,80
short,34,21,116.0,57.0,80
short,34,22,116.0,75.0,80
short,34,23,116.0,73.0,80
short,34,24,116.0,66.0,80
short,34,25,116.0,57.0,80
short,34,26,116.0,78.0,80
short,34,27,116.0,42.0,80
short,34,28,116.0,77.0,80
short,34,29,116.0,60.0,80
short,34,30,116.0,63.0,80
short,34,31,116.0,63.0,80
short,34,32,116.0,67.0,80
short,34,33,116.0,67.0,80
short,34,34,116.0,60.0,80
short,34,35,116.0,83.0,80
short,34,36,116.0,69.0,80
short,34,37,116.0,90.0,80
short,34,38,116.0,85.0,80
short,34,39,116.0,72.0,80
short,34,40,116.0,99.0,80
short,34,41,116.0,76.0,80
short,34,42,116.0,71.0,80
short,34,43,116.0,86.0,80
short,34,44,116.0,81.0,80
short,34,45,116.0,67.0,80
short,34,46,116.0,62.0,80
short,34,47,116.0,58.0,80
short,34,48,116.0,66.0,80
short,34,49,116.0,74.0,80
short,74,0,82.0,65.0,80
short,74,1,82.0,60.0,80
short,74,2,82.0,62.0,80
short,74,3,82.0,71.0,80
short,74,4,82.0,74.0,80
short,74,5,82.0,53.0,80
short,74,6,82.0,66.0,80
short,74,7,82.0,61.0,80
short,74,8,82.0,55.0,80
short,74,9,82.0,52.0,80
short,74,10,82.0,74.0,80
short,74,11,82.0,83.0,80
short,74,12,82.0,69.0,80
short,74,13,82.0,87.0,80
short,74,14,82.0,53.0,80
short,74,15,82.0,68.0,80
short,74,16,82.0,80.0,80
short,74,17,82.0,46.0,80
short,74,18,82.0,59.0,80
short,74,19,82.0,73.0,80
short,74,20,82.0,64.0,80
short,74,21,82.0,41.0,80
short,74,22,82.0,75.0,80
short,74,23,82.0,58.0,80
short,74,24,82.0,69.0,80
short,74,25,82.0,53.0,80
short,74,26,82.0,68.0,80
short,74,27,82.0,65.0,80
short,74,28,82.0,68.0,80
short,74,29,82.0,57.0,80
short,74,30,82.0,88.0,80
short,74,31,82.0,67.0,80
short,74,32,82.0,49.0,80
short,74,33,82.0,60.0,80
short,74,34,82.0,79.0,80
short,74,35,82.0,80.0,80
short,74,36,82.0,61.0,80
short,74,37,82.0,58.0,80
short,74,38,82.0,80.0,80
short,74,39,82.0,67.0,80
short,74,40,82.0,68.0,80
short,74,41,82.0,60.0,80
short,74,42,82.0,80.0,80
short,74,43,82.0,50.0,80
short,74,44,82.0,36.0,80
short,74,45,82.0,81.0,80
short,74,46,82.0,60.0,80
short,74,47,82.0,51.0,80
short,74,48,82.0,39.0,80
short,74,49,82.0,51.0,80
short,65,0,92.0,65.0,80
short,65,1,92.0,67.0,80
short,65,2,92.0,82.0,80
short,65,3,92.0,77.0,80
short,65,4,92.0,85.0,80
short,65,5,92.0,64.0,80
short,65,6,92.0,71.0,80
short,65,7,92.0,82.0,80
short,65,8,92.0,79.0,80
short,65,9,92.0,58.0,80
short,65,10,92.0,82.0,80
short,65,11,92.0,80.0,80
short,65,12,92.0,76.0,80
short,65,13,92.0,87.0,80
short,65,14,92.0,89.0,80
short,65,15,92.0,54.0,80
short,65,16,92.0,60.0,80
short,65,17,92.0,81.0,80
short,65,18,92.0,81.0,80
short,65,19,92.0,96.0,80
short,65,20,92.0,64.0,80
short,65,21,92.0,77.0,80
short,65,22,92.0,83.0,80
short,65,23,92.0,68.0,80
short,65,24,92.0,68.0,80
short,65,25,92.0,59.0,80
short,65,26,92.0,69.0,80
short,65,27,92.0,79.0,80
short,65,28,92.0,98.0,80
short,65,29,92.0,81.0,80
short,65,30,92.0,100.0,80
short,65,31,92.0,72.0,80
short,65,32,92.0,70.0,80
short,65,33,92.0,86.0,80
short,65,34,92.0,77.0,80
short,65,35,92.0,76.0,80
short,65,36,92.0,82.0,80
short,65,37,92.0,98.0,80
short,65,38,92.0,84.0,80
short,65,39,92.0,67.0,80
short,65,40,92.0,82.0,80
short,65,41,92.0,68.0,80
short,65,42,92.0,71.0,80
short,65,43,92.0,62.0,80
short,65,44,92.0,72.0,80
short,65,45,92.0,82.0,80
short,65,46,92.0,65.0,80
short,65,47,92.0,46.0,80
short,65,48,92.0,73.0,80
short,65,49,92.0,81.0,80
short,49,0,56.0,65.0,80
short,49,1,56.0,61.0,80
short,49,2,56.0,35.0,80
short,49,3,56.0,45.0,80
short,49,4,56.0,36.0,80
short,49,5,56.0,65.0,80
short,49,6,56.0,62.0,80
short,49,7,56.0,73.0,80
short,49,8,56.0,57.0,80
short,49,9,56.0,57.0,80
short,49,10,56.0,45.0,80
short,49,11,56.0,69.0,80
short,49,12,56.0,61.0,80
short,49,13,56.0,60.0,80
short,49,14,56.0,68.0,80
short,49,15,56.0,54.0,80
short,49,16,56.0,77.0,80
short,49,17,56.0,56.0,80
short,49,18,56.0,61.0,80
short,49,19,56.0,54.0,80
short,49,20,56.0,47.0,80
short,49,21,56.0,60.0,80
short,49,22,56.0,56.0,80
short,49,23,56.0,54.0,80
short,49,24,56.0,52.0,80
short,49,25,56.0,50.0,80
short,49,26,56.0,83.0,80
short,49,27,56.0,52.0,80
short,49,28,56.0,69.0,80
short,49,29,56.0,66.0,80
short,49,30,56.0,45.0,80
short,49,31,56.0,56.0,80
short,49,32,56.0,55.0,80
short,49,33,56.0,51.0,80
short,49,34,56.0,60.0,80
short,49,35,56.0,66.0,80
short,49,36,56.0,34.0,80
short,49,37,56.0,49.0,80
short,49,38,56.0,66.0,80
short,49,39,56.0,57.0,80
short,49,40,56.0,43.0,80
short,49,41,56.0,55.0,80
short,49,42,56.0,32.0,80
short,49,43,56.0,39.0,80
short,49,44,56.0,37.0,80
short,49,45,56.0,41.0,80
short,49,46,56.0,58.0,80
short,49,47,56.0,67.0,80
short,49,48,56.0,74.0,80
short,49,49,56.0,58.0,80
short,104,0,64.0,83.0,80
short,104,1,64.0,41.0,80
short,104,2,64.0,83.0,80
short,104,3,64.0,68.0,80
short,104,4,64.0,72.0,80
short,104,5,64.0,69.0,80
short,104,6,64.0,71.0,80
short,104,7,64.0,52.0,80
short,104,8,64.0,77.0,80
short,104,9,64.0,50.0,80
short,104,10,64.0,60.0,80
short,104,11,64.0,73.0,80
short,104,12,64.0,86.0,80
short,104,13,64.0,60.0,80
short,104,14,64.0,74.0,80
short,104,15,64.0,60.0,80
short,104,16,64.0,74.0,80
short,104,17,64.0,86.0,80
short,104,18,64.0,71.0,80
short,104,19,64.0,64.0,80
short,104,20,64.0,70.0,80
short,104,21,64.0,47.0,80
short,104,22,64.0,46.0,80
short,104,23,64.0,68.0,80
short,104,24,64.0,65.0,80
short,104,25,64.0,72.0,80
short,104,26,64.0,74.0,80
short,104,27,64.0,67.0,80
short,104,28,64.0,60.0,80
short,104,29,64.0,67.0,80
short,104,30,64.0,63.0,80
short,104,31,64.0,60.0,80
short,104,32,64.0,45.0,80
short,104,33,64.0,75.0,80
short,104,34,64.0,60.0,80
short,104,35,64.0,55.0,80
short,104,36,64.0,54.0,80
short,104,37,64.0,57.0,80
short,104,38,64.0,66.0,80
short,104,39,64.0,83.0,80
short,104,40,64.0,57.0,80
short,104,41,64.0,58.0,80
short,104,42,64.0,61.0,80
short,104,43,64.0,52.0,80
short,104,44,64.0,45.0,80
short,104,45,64.0,81.0,80
short,104,46,64.0,65.0,80
short,104,47,64.0,53.0,80
short,104,48,64.0,70.0,80
short,104,49,64.0,56.0,80
short,89,0,76.0,62.0,80
short,89,1,76.0,55.0,80
short,89,2,76.0,68.0,80
short,89,3,76.0,60.0,80
short,89,4,76.0,61.0,80
short,89,5,76.0,59.0,80
short,89,6,76.0,65.0,80
short,89,7,76.0,92.0,80
short,89,8,76.0,38.0,80
short,89,9,76.0,66.0,80
short,89,10,76.0,62.0,80
short,89,11,76.0,58.0,80
short,89,12,76.0,77.0,80
short,89,13,76.0,58.0,80
short,89,14,76.0,32.0,80
short,89,15,76.0,72.0,80
short,89,16,76.0,56.0,80
short,89,17,76.0,73.0,80
short,89,18,76.0,48.0,80
short,89,19,76.0,63.0,80
short,89,20,76.0,78.0,80
short,89,21,76.0,67.0,80
short,89,22,76.0,65.0,80
short,89,23,76.0,60.0,80
short,89,24,76.0,73.0,80
short,89,25,76.0,75.0,80
short,89,26,76.0,67.0,80
short,89,27,76.0,59.0,80
short,89,28,76.0,88.0,80
short,89,29,76.0,57.0,80
short,89,30,76.0,40.0,80
short,89,31,76.0,42.0,80
short,89,32,76.0,50.0,80
short,89,33,76.0,64.0,80
short,89,34,76.0,63.0,80
short,89,35,76.0,57.0,80
short,89,36,76.0,40.0,80
short,89,37,76.0,69.0,80
short,89,38,76.0,54.0,80
short,89,39,76.0,69.0,80
short,89,40,76.0,34.0,80
short,89,41,76.0,51.0,80
short,89,42,76.0,56.0,80
short,89,43,76.0,71.0,80
short,89,44,76.0,67.0,80
short,89,45,76.0,42.0,80
short,89,46,76.0,66.0,80
short,89,47,76.0,65.0,80
short,89,48,76.0,71.0,80
short,89,49,76.0,55.0,80
short,56,0,71.0,75.0,80
short,56,1,71.0,62.0,80
short,56,2,71.0,83.0,80
short,56,3,71.0,71.0,80
short,56,4,71.0,56.0,80
short,56,5,71.0,80.0,80
short,56,6,71.0,56.0,80
short,56,7,71.0,71.0,80
short,56,8,71.0,82.0,80
short,56,9,71.0,61.0,80
short,56,10,71.0,60.0,80
short,56,11,71.0,51.0,80
short,56,12,71.0,66.0,80
short,56,13,71.0,79.0,80
short,56,14,71.0,70.0,80
short,56,15,71.0,62.0,80
short,56,16,71.0,61.0,80
short,56,17,71.0,61.0,80
short,56,18,71.0,82.0,80
short,56,19,71.0,52.0,80
short,56,20,71.0,52.0,80
short,56,21,71.0,78.0,80
short,56,22,71.0,66.0,80
short,56,23,71.0,54.0,80
short,56,24,71.0,73.0,80
short,56,25,71.0,61.0,80
short,56,26,71.0,61.0,80
short,56,27,71.0,71.0,80
short,56,28,71.0,81.0,80
short,56,29,71.0,56.0,80
short,56,30,71.0,58.0,80
short,56,31,71.0,76.0,80
short,56,32,71.0,64.0,80
short,56,33,71.0,62.0,80
short,56,34,71.0,97.0,80
short,56,35,71.0,63.0,80
short,56,36,71.0,69.0,80
short,56,37,71.0,73.0,80
short,56,38,71.0,55.0,80
short,56,39,71.0,57.0,80
short,56,40,71.0,89.0,80
short,56,41,71.0,96.0,80
short,56,42,71.0,62.0,80
short,56,43,71.0,72.0,80
short,56,44,71.0,66.0,80
short,56,45,71.0,70.0,80
short,56,46,71.0,50.0,80
short,56,47,71.0,73.0,80
short,56,48,71.0,57.0,80
short,56,49,71.0,50.0,80
short,4,0,83.0,74.0,80
short,4,1,83.0,67.0,80
short,4,2,83.0,74.0,80
short,4,3,83.0,81.0,80
short,4,4,83.0,86.0,80
short,4,5,83.0,68.0,80
short,4,6,83.0,85.0,80
short,4,7,83.0,75.0,80
short,4,8,83.0,83.0,80
short,4,9,83.0,46.0,80
short,4,10,83.0,54.0,80
short,4,11,83.0,62.0,80
short,4,12,83.0,59.0,80
short,4,13,83.0,78.0,80
short,4,14,83.0,77.0,80
short,4,15,83.0,62.0,80
short,4,16,83.0,77.0,80
short,4,17,83.0,74.0,80
short,4,18,83.0,86.0,80
short,4,19,83.0,81.0,80
short,4,20,83.0,63.0,80
short,4,21,83.0,79.0,80
short,4,22,83.0,77.0,80
short,4,23,83.0,62.0,80
short,4,24,83.0,56.0,80
short,4,25,83.0,69.0,80
short,4,26,83.0,87.0,80
short,4,27,83.0,54.0,80
short,4,28,83.0,67.0,80
short,4,29,83.0,76.0,80
short,4,30,83.0,63.0,80
short,4,31,83.0,72.0,80
short,4,32,83.0,81.0,80
short,4,33,83.0,88.0,80
short,4,34,83.0,88.0,80
short,4,35,83.0,63.0,80
short,4,36,83.0,69.0,80
short,4,37,83.0,56.0,80
short,4,38,83.0,71.0,80
short,4,39,83.0,77.0,80
short,4,40,83.0,87.0,80
short,4,41,83.0,78.0,80
short,4,42,83.0,49.0,80
short,4,43,83.0,86.0,80
short,4,44,83.0,75.0,80
short,4,45,83.0,53.0,80
short,4,46,83.0,44.0,80
short,4,47,83.0,79.0,80
short,4,48,83.0,69.0,80
short,4,49,83.0,68.0,80
short,33,0,94.0,74.0,80
short,33,1,94.0,58.0,80
short,33,2,94.0,80.0,80
short,33,3,94.0,63.0,80
short,33,4,94.0,68.0,80
short,33,5,94.0,97.0,80
short,33,6,94.0,69.0,80
short,33,7,94.0,79.0,80
short,33,8,94.0,71.0,80
short,33,9,94.0,76.0,80
short,33,10,94.0,83.0,80
short,33,11,94.0,82.0,80
short,33,12,94.0,73.0,80
short,33,13,94.0,82.0,80
short,33,14,94.0,66.0,80
short,33,15,94.0,67.0,80
short,33,16,94.0,57.0,80
short,33,17,94.0,79.0,80
short,33,18,94.0,85.0,80
short,33,19,94.0,62.0,80
short,33,20,94.0,77.0,80
short,33,21,94.0,60.0,80
short,33,22,94.0,78.0,80
short,33,23,94.0,66.0,80
short,33,24,94.0,73.0,80
short,33,25,94.0,74.0,80
short,33,26,94.0,83.0,80
short,33,27,94.0,66.0,80
short,33,28,94.0,81.0,80
short,33,29,94.0,81.0,80
short,33,30,94.0,46.0,80
short,33,31,94.0,69.0,80
short,33,32,94.0,76.0,80
short,33,33,94.0,64.0,80
short,33,34,94.0,69.0,80
short,33,35,94.0,47.0,80
short,33,36,94.0,65.0,80
short,33,37,94.0,74.0,80
short,33,38,94.0,72.0,80
short,33,39,94.0,57.0,80
short,33,40,94.0,77.0,80
short,33,41,94.0,84.0,80
short,33,42,94.0,92.0,80
short,33,43,94.0,82.0,80
short,33,44,94.0,88.0,80
short,33,45,94.0,66.0,80
short,33,46,94.0,72.0,80
short,33,47,94.0,63.0,80
short,33,48,94.0,58.0,80
short,33,49,94.0,54.0,80
short,82,0,72.0,68.0,80
short,82,1,72.0,73.0,80
short,82,2,72.0,65.0,80
short,82,3,72.0,90.0,80
short,82,4,72.0,92.0,80
short,82,5,72.0,54.0,80
short,82,6,72.0,78.0,80
short,82,7,72.0,76.0,80
short,82,8,72.0,57.0,80
short,82,9,72.0,67.0,80
short,82,10,72.0,71.0,80
short,82,11,72.0,87.0,80
short,82,12,72.0,52.0,80
short,82,13,72.0,76.0,80
short,82,14,72.0,63.0,80
short,82,15,72.0,56.0,80
short,82,16,72.0,62.0,80
short,82,17,72.0,90.0,80
short,82,18,72.0,70.0,80
short,82,19,72.0,70.0,80
short,82,20,72.0,77.0,80
short,82,21,72.0,69.0,80
short,82,22,72.0,72.0,80
short,82,23,72.0,79.0,80
short,82,24,72.0,81.0,80
short,82,25,72.0,54.0,80
short,82,26,72.0,66.0,80
short,82,27,72.0,77.0,80
short,82,28,72.0,73.0,80
short,82,29,72.0,67.0,80
short,82,30,72.0,55.0,80
short,82,31,72.0,84.0,80
short,82,32,72.0,76.0,80
short,82,33,72.0,85.0,80
short,82,34,72.0,64.0,80
short,82,35,72.0,79.0,80
short,82,36,72.0,83.0,80
short,82,37,72.0,73.0,80
short,82,38,72.0,71.0,80
short,82,39,72.0,79.0,80
short,82,40,72.0,80.0,80
short,82,41,72.0,70.0,80
short,82,42,72.0,85.0,80
short,82,43,72.0,67.0,80
short,82,44,72.0,76.0,80
short,82,45,72.0,81.0,80
short,82,46,72.0,84.0,80
short,82,47,72.0,72.0,80
short,82,48,72.0,86.0,80
short,82,49,72.0,71.0,80
short,41,0,57.0,73.0,80
short,41,1,57.0,56.0,80
short,41,2,57.0,57.0,80
short,41,3,57.0,79.0,80
short,41,4,57.0,45.0,80
short,41,5,57.0,66.0,80
short,41,6,57.0,49.0,80
short,41,7,57.0,74.0,80
short,41,8,57.0,47.0,80
short,41,9,57.0,64.0,80
short,41,10,57.0,58.0,80
short,41,11,57.0,71.0,80
short,41,12,57.0,64.0,80
short,41,13,57.0,64.0,80
short,41,14,57.0,61.0,80
short,41,15,57.0,46.0,80
short,41,16,57.0,57.0,80
short,41,17,57.0,58.0,80
short,41,18,57.0,71.0,80
short,41,19,57.0,80.0,80
short,41,20,57.0,75.0,80
short,41,21,57.0,57.0,80
short,41,22,57.0,59.0,80
short,41,23,57.0,71.0,80
short,41,24,57.0,69.0,80
short,41,25,57.0,64.0,80
short,41,26,57.0,77.0,80
short,41,27,57.0,62.0,80
short,41,28,57.0,88.0,80
short,41,29,57.0,56.0,80
short,41,30,57.0,60.0,80
short,41,31,57.0,69.0,80
short,41,32,57.0,51.0,80
short,41,33,57.0,73.0,80
short,41,34,57.0,75.0,80
short,41,35,57.0,70.0,80
short,41,36,57.0,68.0,80
short,41,37,57.0,70.0,80
short,41,38,57.0,58.0,80
short,41,39,57.0,69.0,80
short,41,40,57.0,53.0,80
short,41,41,57.0,93.0,80
short,41,42,57.0,62.0,80
short,41,43,57.0,54.0,80
short,41,44,57.0,60.0,80
short,41,45,57.0,54.0,80
short,41,46,57.0,68.0,80
short,41,47,57.0,87.0,80
short,41,48,57.0,67.0,80
short,41,49,57.0,75.0,80
short,47,0,79.0,96.0,80
short,47,1,79.0,89.0,80
short,47,2,79.0,67.0,80
short,47,3,79.0,73.0,80
short,47,4,79.0,69.0,80
short,47,5,79.0,82.0,80
short,47,6,79.0,83.0,80
short,47,7,79.0,63.0,80
short,47,8,79.0,92.0,80
short,47,9,79.0,73.0,80
short,47,10,79.0,59.0,80
short,47,11,79.0,82.0,80
short,47,12,79.0,83.0,80
short,47,13,79.0,78.0,80
short,47,14,79.0,96.0,80
short,47,15,79.0,61.0,80
short,47,16,79.0,104.0,80
short,47,17,79.0,69.0,80
short,47,18,79.0,62.0,80
short,47,19,79.0,71.0,80
short,47,20,79.0,52.0,80
short,47,21,79.0,76.0,80
short,47,22,79.0,65.0,80
short,47,23,79.0,77.0,80
short,47,24,79.0,71.0,80
short,47,25,79.0,87.0,80
short,47,26,79.0,73.0,80
short,47,27,79.0,99.0,80
short,47,28,79.0,79.0,80
short,47,29,79.0,75.0,80
short,47,30,79.0,87.0,80
short,47,31,79.0,80.0,80
short,47,32,79.0,79.0,80
short,47,33,79.0,90.0,80
short,47,34,79.0,87.0,80
short,47,35,79.0,81.0,80
short,47,36,79.0,68.0,80
short,47,37,79.0,68.0,80
short,47,38,79.0,75.0,80
short,47,39,79.0,92.0,80
short,47,40,79.0,66.0,80
short,47,41,79.0,77.0,80
short,47,42,79.0,82.0,80
short,47,43,79.0,80.0,80
short,47,44,79.0,73.0,80
short,47,45,79.0,83.0,80
short,47,46,79.0,70.0,80
short,47,47,79.0,68.0,80
short,47,48,79.0,72.0,80
short,47,49,79.0,88.0,80
short,51,0,71.0,56.0,80
short,51,1,71.0,45.0,80
short,51,2,71.0,65.0,80
short,51,3,71.0,64.0,80
short,51,4,71.0,61.0,80
short,51,5,71.0,77.0,80
short,51,6,71.0,43.0,80
short,51,7,71.0,68.0,80
short,51,8,71.0,69.0,80
short,51,9,71.0,42.0,80
short,51,10,71.0,52.0,80
short,51,11,71.0,59.0,80
short,51,12,71.0,63.0,80
short,51,13,71.0,72.0,80
short,51,14,71.0,66.0,80
short,51,15,71.0,76.0,80
short,51,16,71.0,66.0,80
short,51,17,71.0,43.0,80
short,51,18,71.0,51.0,80
short,51,19,71.0,65.0,80
short,51,20,71.0,63.0,80
short,51,21,71.0,51.0,80
short,51,22,71.0,72.0,80
short,51,23,71.0,55.0,80
short,51,24,71.0,51.0,80
short,51,25,71.0,74.0,80
short,51,26,71.0,66.0,80
short,51,27,71.0,49.0,80
short,51,28,71.0,63.0,80
short,51,29,71.0,56.0,80
short,51,30,71.0,69.0,80
short,51,31,71.0,32.0,80
short,51,32,71.0,81.0,80
short,51,33,71.0,53.0,80
short,51,34,71.0,67.0,80
short,51,35,71.0,57.0,80
short,51,36,71.0,58.0,80
short,51,37,71.0,54.0,80
short,51,38,71.0,62.0,80
short,51,39,71.0,45.0,80
short,51,40,71.0,61.0,80
short,51,41,71.0,45.0,80
short,51,42,71.0,62.0,80
short,51,43,71.0,53.0,80
short,51,44,71.0,53.0,80
short,51,45,71.0,52.0,80
short,51,46,71.0,80.0,80
short,51,47,71.0,72.0,80
short,51,48,71.0,81.0,80
short,51,49,71.0,71.0,80
short,63,0,79.0,68.0,80
short,63,1,79.0,57.0,80
short,63,2,79.0,89.0,80
short,63,3,79.0,76.0,80
short,63,4,79.0,70.0,80
short,63,5,79.0,75.0,80
short,63,6,79.0,70.0,80
short,63,7,79.0,77.0,80
short,63,8,79.0,75.0,80
short,63,9,79.0,79.0,80
short,63,10,79.0,80.0,80
short,63,11,79.0,73.0,80
short,63,12,79.0,51.0,80
short,63,13,79.0,80.0,80
short,63,14,79.0,80.0,80
short,63,15,79.0,64.0,80
short,63,16,79.0,88.0,80
short,63,17,79.0,74.0,80
short,63,18,79.0,85.0,80
short,63,19,79.0,82.0,80
short,63,20,79.0,78.0,80
short,63,21,79.0,82.0,80
short,63,22,79.0,65.0,80
short,63,23,79.0,76.0,80
short,63,24,79.0,68.0,80
short,63,25,79.0,73.0,80
short,63,26,79.0,80.0,80
short,63,27,79.0,70.0,80
short,63,28,79.0,77.0,80
short,63,29,79.0,74.0,80
short,63,30,79.0,68.0,80
short,63,31,79.0,76.0,80
short,63,32,79.0,84.0,80
short,63,33,79.0,65.0,80
short,63,34,79.0,79.0,80
short,63,35,79.0,68.0,80
short,63,36,79.0,90.0,80
short,63,37,79.0,67.0,80
short,63,38,79.0,85.0,80
short,63,39,79.0,73.0,80
short,63,40,79.0,63.0,80
short,63,41,79.0,76.0,80
short,63,42,79.0,92.0,80
short,63,43,79.0,72.0,80
short,63,44,79.0,63.0,80
short,63,45,79.0,78.0,80
short,63,46,79.0,68.0,80
short,63,47,79.0,72.0,80
short,63,48,79.0,69.0,80
short,63,49,79.0,72.0,80
short,99,0,100.0,52.0,80
short,99,1,100.0,75.0,80
short,99,2,100.0,59.0,80
short,99,3,100.0,66.0,80
short,99,4,100.0,69.0,80
short,99,5,100.0,78.0,80
short,99,6,100.0,72.0,80
short,99,7,100.0,72.0,80
short,99,8,100.0,84.0,80
short,99,9,100.0,80.0,80
short,99,10,100.0,59.0,80
short,99,11,100.0,55.0,80
short,99,12,100.0,78.0,80
short,99,13,100.0,52.0,80
short,99,14,100.0,67.0,80
short,99,15,100.0,49.0,80
short,99,16,100.0,80.0,80
short,99,17,100.0,82.0,80
short,99,18,100.0,61.0,80
short,99,19,100.0,58.0,80
short,99,20,100.0,46.0,80
short,99,21,100.0,53.0,80
short,99,22,100.0,56.0,80
short,99,23,100.0,75.0,80
short,99,24,100.0,80.0,80
short,99,25,100.0,52.0,80
short,99,26,100.0,63.0,80
short,99,27,100.0,55.0,80
short,99,28,100.0,61.0,80
short,99,29,100.0,69.0,80
short,99,30,100.0,74.0,80
short,99,31,100.0,70.0,80
short,99,32,100.0,72.0,80
short,99,33,100.0,73.0,80
short,99,34,100.0,69.0,80
short,99,35,100.0,64.0,80
short,99,36,100.0,82.0,80
short,99,37,100.0,81.0,80
short,99,38,100.0,62.0,80
short,99,39,100.0,65.0,80
short,99,40,100.0,48.0,80
short,99,41,100.0,66.0,80
short,99,42,100.0,39.0,80
short,99,43,100.0,80.0,80
short,99,44,100.0,67.0,80
short,99,45,100.0,74.0,80
short,99,46,100.0,63.0,80
short,99,47,100.0,85.0,80
short,99,48,100.0,60.0,80
short,99,49,100.0,63.0,80
short,26,0,95.0,56.0,80
short,26,1,95.0,62.0,80
short,26,2,95.0,72.0,80
short,26,3,95.0,80.0,80
short,26,4,95.0,90.0,80
short,26,5,95.0,67.0,80
short,26,6,95.0,67.0,80
short,26,7,95.0,86.0,80
short,26,8,95.0,79.0,80
short,26,9,95.0,84.0,80
short,26,10,95.0,69.0,80
short,26,11,95.0,53.0,80
short,26,12,95.0,59.0,80
short,26,13,95.0,65.0,80
short,26,14,95.0,86.0,80
short,26,15,95.0,77.0,80
short,26,16,95.0,71.0,80
short,26,17,95.0,70.0,80
short,26,18,95.0,71.0,80
short,26,19,95.0,55.0,80
short,26,20,95.0,66.0,80
short,26,21,95.0,55.0,80
short,26,22,95.0,68.0,80
short,26,23,95.0,60.0,80
short,26,24,95.0,57.0,80
short,26,25,95.0,83.0,80
short,26,26,95.0,71.0,80
short,26,27,95.0,66.0,80
short,26,28,95.0,81.0,80
short,26,29,95.0,76.0,80
short,26,30,95.0,81.0,80
short,26,31,95.0,58.0,80
short,26,32,95.0,77.0,80
short,26,33,95.0,76.0,80
short,26,34,95.0,72.0,80
short,26,35,95.0,83.0,80
short,26,36,95.0,58.0,80
short,26,37,95.0,91.0,80
short,26,38,95.0,49.0,80
short,26,39,95.0,72.0,80
short,26,40,95.0,78.0,80
short,26,41,95.0,69.0,80
short,26,42,95.0,53.0,80
short,26,43,95.0,57.0,80
short,26,44,95.0,59.0,80
short,26,45,95.0,90.0,80
short,26,46,95.0,78.0,80
short,26,47,95.0,69.0,80
short,26,48,95.0,78.0,80
short,26,49,95.0,77.0,80
short,80,0,29.0,35.0,80
short,80,1,29.0,7.0,80
short,80,2,29.0,23.0,80
short,80,3,29.0,51.0,80
short,80,4,29.0,23.0,80
short,80,5,29.0,31.0,80
short,80,6,29.0,42.0,80
short,80,7,29.0,47.0,80
short,80,8,29.0,18.0,80
short,80,9,29.0,37.0,80
short,80,10,29.0,41.0,80
short,80,11,29.0,45.0,80
short,80,12,29.0,32.0,80
short,80,13,29.0,37.0,80
short,80,14,29.0,36.0,80
short,80,15,29.0,32.0,80
short,80,16,29.0,53.0,80
short,80,17,29.0,22.0,80
short,80,18,29.0,19.0,80
short,80,19,29.0,54.0,80
short,80,20,29.0,52.0,80
short,80,21,29.0,56.0,80
short,80,22,29.0,50.0,80
short,80,23,29.0,37.0,80
short,80,24,29.0,41.0,80
short,80,25,29.0,19.0,80
short,80,26,29.0,22.0,80
short,80,27,29.0,27.0,80
short,80,28,29.0,31.0,80
short,80,29,29.0,28.0,80
short,80,30,29.0,40.0,80
short,80,31,29.0,39.0,80
short,80,32,29.0,18.0,80
short,80,33,29.0,22.0,80
short,80,34,29.0,19.0,80
short,80,35,29.0,49.0,80
short,80,36,29.0,43.0,80
short,80,37,29.0,14.0,80
short,80,38,29.0,61.0,80
short,80,39,29.0,23.0,80
short,80,40,29.0,22.0,80
short,80,41,29.0,10.0,80
short,80,42,29.0,25.0,80
short,80,43,29.0,36.0,80
short,80,44,29.0,27.0,80
short,80,45,29.0,24.0,80
short,80,46,29.0,33.0,80
short,80,47,29.0,30.0,80
short,80,48,29.0,11.0,80
short,80,49,29.0,36.0,80
short,75,0,66.0,80.0,80
short,75,1,66.0,76.0,80
short,75,2,66.0,86.0,80
short,75,3,66.0,80.0,80
short,75,4,66.0,93.0,80
short,75,5,66.0,61.0,80
short,75,6,66.0,63.0,80
short,75,7,66.0,68.0,80
short,75,8,66.0,66.0,80
short,75,9,66.0,85.0,80
short,75,10,66.0,67.0,80
short,75,11,66.0,75.0,80
short,75,12,66.0,60.0,80
short,75,13,66.0,90.0,80
short,75,14,66.0,80.0,80
short,75,15,66.0,72.0,80
short,75,16,66.0,85.0,80
short,75,17,66.0,68.0,80
short,75,18,66.0,72.0,80
short,75,19,66.0,87.0,80
short,75,20,66.0,77.0,80
short,75,21,66.0,73.0,80
short,75,22,66.0,83.0,80
short,75,23,66.0,56.0,80
short,75,24,66.0,78.0,80
short,75,25,66.0,79.0,80
short,75,26,66.0,95.0,80
short,75,27,66.0,80.0,80
short,75,28,66.0,62.0,80
short,75,29,66.0,69.0,80
short,75,30,66.0,64.0,80
short,75,31,66.0,75.0,80
short,75,32,66.0,93.0,80
short,75,33,66.0,82.0,80
short,75,34,66.0,75.0,80
short,75,35,66.0,63.0,80
short,75,36,66.0,77.0,80
short,75,37,66.0,77.0,80
short,75,38,66.0,76.0,80
short,75,39,66.0,77.0,80
short,75,40,66.0,85.0,80
short,75,41,66.0,82.0,80
short,75,42,66.0,96.0,80
short,75,43,66.0,86.0,80
short,75,44,66.0,72.0,80
short,75,45,66.0,74.0,80
short,75,46,66.0,76.0,80
short,75,47,66.0,62.0,80
short,75,48,66.0,77.0,80
short,75,49,66.0,67.0,80
short,13,0,62.0,84.0,80
short,13,1,62.0,81.0,80
short,13,2,62.0,62.0,80
short,13,3,62.0,59.0,80
short,13,4,62.0,75.0,80
short,13,5,62.0,72.0,80
short,13,6,62.0,65.0,80
short,13,7,62.0,75.0,80
short,13,8,62.0,86.0,80
short,13,9,62.0,71.0,80
short,13,10,62.0,67.0,80
short,13,11,62.0,69.0,80
short,13,12,62.0,58.0,80
short,13,13,62.0,69.0,80
short,13,14,62.0,83.0,80
short,13,15,62.0,93.0,80
short,13,16,62.0,75.0,80
short,13,17,62.0,76.0,80
short,13,18,62.0,69.0,80
short,13,19,62.0,68.0,80
short,13,20,62.0,70.0,80
short,13,21,62.0,76.0,80
short,13,22,62.0,66.0,80
short,13,23,62.0,84.0,80
short,13,24,62.0,65.0,80
short,13,25,62.0,69.0,80
short,13,26,62.0,63.0,80
short,13,27,62.0,88.0,80
short,13,28,62.0,62.0,80
short,13,29,62.0,62.0,80
short,13,30,62.0,62.0,80
short,13,31,62.0,70.0,80
short,13,32,62.0,61.0,80
short,13,33,62.0,55.0,80
short,13,34,62.0,70.0,80
short,13,35,62.0,69.0,80
short,13,36,62.0,85.0,80
short,13,37,62.0,52.0,80
short,13,38,62.0,75.0,80
short,13,39,62.0,63.0,80
short,13,40,62.0,75.0,80
short,13,41,62.0,75.0,80
short,13,42,62.0,73.0,80
short,13,43,62.0,66.0,80
short,13,44,62.0,80.0,80
short,13,45,62.0,71.0,80
short,13,46,62.0,71.0,80
short,13,47,62.0,70.0,80
short,13,48,62.0,59.0,80
short,13,49,62.0,59.0,80
short,29,0,65.0,57.0,80
short,29,1,65.0,62.0,80
short,29,2,65.0,47.0,80
short,29,3,65.0,32.0,80
short,29,4,65.0,91.0,80
short,29,5,65.0,57.0,80
short,29,6,65.0,53.0,80
short,29,7,65.0,78.0,80
short,29,8,65.0,90.0,80
short,29,9,65.0,62.0,80
short,29,10,65.0,82.0,80
short,29,11,65.0,68.0,80
short,29,12,65.0,65.0,80
short,29,13,65.0,63.0,80
short,29,14,65.0,60.0,80
short,29,15,65.0,72.0,80
short,29,16,65.0,101.0,80
short,29,17,65.0,93.0,80
short,29,18,65.0,66.0,80
short,29,19,65.0,80.0,80
short,29,20,65.0,78.0,80
short,29,21,65.0,56.0,80
short,29,22,65.0,60.0,80
short,29,23,65.0,82.0,80
short,29,24,65.0,60.0,80
short,29,25,65.0,69.0,80
short,29,26,65.0,62.0,80
short,29,27,65.0,65.0,80
short,29,28,65.0,61.0,80
short,29,29,65.0,60.0,80
short,29,30,65.0,79.0,80
short,29,31,65.0,66.0,80
short,29,32,65.0,75.0,80
short,29,33,65.0,63.0,80
short,29,34,65.0,61.0,80
short,29,35,65.0,68.0,80
short,29,36,65.0,78.0,80
short,29,37,65.0,70.0,80
short,29,38,65.0,69.0,80
short,29,39,65.0,78.0,80
short,29,40,65.0,72.0,80
short,29,41,65.0,76.0,80
short,29,42,65.0,61.0,80
short,29,43,65.0,51.0,80
short,29,44,65.0,56.0,80
short,29,45,65.0,72.0,80
short,29,46,65.0,59.0,80
short,29,47,65.0,77.0,80
short,29,48,65.0,83.0,80
short,29,49,65.0,35.0,80
short,46,0,64.0,74.0,80
short,46,1,64.0,57.0,80
short,46,2,64.0,63.0,80
short,46,3,64.0,51.0,80
short,46,4,64.0,63.0,80
short,46,5,64.0,53.0,80
short,46,6,64.0,56.0,80
short,46,7,64.0,63.0,80
short,46,8,64.0,53.0,80
short,46,9,64.0,57.0,80
short,46,10,64.0,66.0,80
short,46,11,64.0,74.0,80
short,46,12,64.0,61.0,80
short,46,13,64.0,47.0,80
short,46,14,64.0,45.0,80
short,46,15,64.0,47.0,80
short,46,16,64.0,58.0,80
short,46,17,64.0,78.0,80
short,46,18,64.0,42.0,80
short,46,19,64.0,69.0,80
short,46,20,64.0,79.0,80
short,46,21,64.0,66.0,80
short,46,22,64.0,69.0,80
short,46,23,64.0,68.0,80
short,46,24,64.0,77.0,80
short,46,25,64.0,79.0,80
short,46,26,64.0,52.0,80
short,46,27,64.0,84.0,80
short,46,28,64.0,46.0,80
short,46,29,64.0,58.0,80
short,46,30,64.0,63.0,80
short,46,31,64.0,57.0,80
short,46,32,64.0,77.0,80
short,46,33,64.0,57.0,80
short,46,34,64.0,48.0,80
short,46,35,64.0,44.0,80
short,46,36,64.0,48.0,80
short,46,37,64.0,66.0,80
short,46,38,64.0,69.0,80
short,46,39,64.0,60.0,80
short,46,40,64.0,58.0,80
short,46,41,64.0,74.0,80
short,46,42,64.0,87.0,80
short,46,43,64.0,55.0,80
short,46,44,64.0,61.0,80
short,46,45,64.0,71.0,80
short,46,46,64.0,63.0,80
short,46,47,64.0,62.0,80
short,46,48,64.0,71.0,80
short,46,49,64.0,66.0,80
short,52,0,75.0,43.0,80
short,52,1,75.0,64.0,80
short,52,2,75.0,43.0,80
short,52,3,75.0,47.0,80
short,52,4,75.0,33.0,80
short,52,5,75.0,67.0,80
short,52,6,75.0,45.0,80
short,52,7,75.0,52.0,80
short,52,8,75.0,61.0,80
short,52,9,75.0,24.0,80
short,52,10,75.0,54.0,80
short,52,11,75.0,34.0,80
short,52,12,75.0,44.0,80
short,52,13,75.0,48.0,80
short,52,14,75.0,57.0,80
short,52,15,75.0,67.0,80
short,52,16,75.0,23.0,80
short,52,17,75.0,33.0,80
short,52,18,75.0,63.0,80
short,52,19,75.0,59.0,80
short,52,20,75.0,49.0,80
short,52,21,75.0,42.0,80
short,52,22,75.0,66.0,80
short,52,23,75.0,44.0,80
short,52,24,75.0,12.0,80
short,52,25,75.0,29.0,80
short,52,26,75.0,52.0,80
short,52,27,75.0,53.0,80
short,52,28,75.0,55.0,80
short,52,29,75.0,42.0,80
short,52,30,75.0,57.0,80
short,52,31,75.0,72.0,80
short,52,32,75.0,40.0,80
short,52,33,75.0,50.0,80
short,52,34,75.0,55.0,80
short,52,35,75.0,48.0,80
short,52,36,75.0,12.0,80
short,52,37,75.0,40.0,80
short,52,38,75.0,45.0,80
short,52,39,75.0,47.0,80
short,52,40,75.0,46.0,80
short,52,41,75.0,40.0,80
short,52,42,75.0,42.0,80
short,52,43,75.0,57.0,80
short,52,44,75.0,53.0,80
short,52,45,75.0,45.0,80
short,52,46,75.0,45.0,80
short,52,47,75.0,62.0,80
short,52,48,75.0,46.0,80
short,52,49,75.0,20.0,80
short,67,0,78.0,70.0,80
short,67,1,78.0,64.0,80
short,67,2,78.0,86.0,80
short,67,3,78.0,64.0,80
short,67,4,78.0,62.0,80
short,67,5,78.0,82.0,80
short,67,6,78.0,81.0,80
short,67,7,78.0,78.0,80
short,67,8,78.0,75.0,80
short,67,9,78.0,75.0,80
short,67,10,78.0,74.0,80
short,67,11,78.0,65.0,80
short,67,12,78.0,64.0,80
short,67,13,78.0,77.0,80
short,67,14,78.0,67.0,80
short,67,15,78.0,92.0,80
short,67,16,78.0,78.0,80
short,67,17,78.0,82.0,80
short,67,18,78.0,73.0,80
short,67,19,78.0,64.0,80
short,67,20,78.0,75.0,80
short,67,21,78.0,77.0,80
short,67,22,78.0,68.0,80
short,67,23,78.0,72.0,80
short,67,24,78.0,73.0,80
short,67,25,78.0,71.0,80
short,67,26,78.0,77.0,80
short,67,27,78.0,74.0,80
short,67,28,78.0,62.0,80
short,67,29,78.0,73.0,80
short,67,30,78.0,67.0,80
short,67,31,78.0,87.0,80
short,67,32,78.0,74.0,80
short,67,33,78.0,67.0,80
short,67,34,78.0,72.0,80
short,67,35,78.0,60.0,80
short,67,36,78.0,77.0,80
short,67,37,78.0,66.0,80
short,67,38,78.0,53.0,80
short,67,39,78.0,79.0,80
short,67,40,78.0,75.0,80
short,67,41,78.0,56.0,80
short,67,42,78.0,75.0,80
short,67,43,78.0,75.0,80
short,67,44,78.0,73.0,80
short,67,45,78.0,74.0,80
short,67,46,78.0,71.0,80
short,67,47,78.0,71.0,80
short,67,48,78.0,72.0,80
short,67,49,78.0,70.0,80
short,105,0,86.0,65.0,80
short,105,1,86.0,61.0,80
short,105,2,86.0,49.0,80
short,105,3,86.0,69.0,80
short,105,4,86.0,50.0,80
short,105,5,86.0,75.0,80
short,105,6,86.0,58.0,80
short,105,7,86.0,75.0,80
short,105,8,86.0,102.0,80
short,105,9,86.0,49.0,80
short,105,10,86.0,74.0,80
short,105,11,86.0,59.0,80
short,105,12,86.0,51.0,80
short,105,13,86.0,75.0,80
short,105,14,86.0,52.0,80
short,105,15,86.0,52.0,80
short,105,16,86.0,104.0,80
short,105,17,86.0,73.0,80
short,105,18,86.0,63.0,80
short,105,19,86.0,53.0,80
short,105,20,86.0,83.0,80
short,105,21,86.0,62.0,80
short,105,22,86.0,65.0,80
short,105,23,86.0,57.0,80
short,105,24,86.0,60.0,80
short,105,25,86.0,54.0,80
short,105,26,86.0,75.0,80
short,105,27,86.0,72.0,80
short,105,28,86.0,47.0,80
short,105,29,86.0,69.0,80
short,105,30,86.0,55.0,80
short,105,31,86.0,66.0,80
short,105,32,86.0,46.0,80
short,105,33,86.0,66.0,80
short,105,34,86.0,65.0,80
short,105,35,86.0,59.0,80
short,105,36,86.0,70.0,80
short,105,37,86.0,65.0,80
short,105,38,86.0,74.0,80
short,105,39,86.0,69.0,80
short,105,40,86.0,75.0,80
short,105,41,86.0,82.0,80
short,105,42,86.0,64.0,80
short,105,43,86.0,74.0,80
short,105,44,86.0,66.0,80
short,105,45,86.0,51.0,80
short,105,46,86.0,52.0,80
short,105,47,86.0,48.0,80
short,105,48,86.0,55.0,80
short,105,49,86.0,52.0,80
short,101,0,53.0,73.0,80
short,101,1,53.0,77.0,80
short,101,2,53.0,52.0,80
short,101,3,53.0,57.0,80
short,101,4,53.0,60.0,80
short,101,5,53.0,54.0,80
short,101,6,53.0,51.0,80
short,101,7,53.0,61.0,80
short,101,8,53.0,47.0,80
short,101,9,53.0,57.0,80
short,101,10,53.0,55.0,80
short,101,11,53.0,35.0,80
short,101,12,53.0,48.0,80
short,101,13,53.0,54.0,80
short,101,14,53.0,50.0,80
short,101,15,53.0,61.0,80
short,101,16,53.0,73.0,80
short,101,17,53.0,50.0,80
short,101,18,53.0,54.0,80
short,101,19,53.0,71.0,80
short,101,20,53.0,59.0,80
short,101,21,53.0,67.0,80
short,101,22,53.0,41.0,80
short,101,23,53.0,68.0,80
short,101,24,53.0,65.0,80
short,101,25,53.0,53.0,80
short,101,26,53.0,41.0,80
short,101,27,53.0,49.0,80
short,101,28,53.0,61.0,80
short,101,29,53.0,73.0,80
short,101,30,53.0,33.0,80
short,101,31,53.0,83.0,80
short,101,32,53.0,53.0,80
short,101,33,53.0,56.0,80
short,101,34,53.0,74.0,80
short,101,35,53.0,34.0,80
short,101,36,53.0,42.0,80
short,101,37,53.0,48.0,80
short,101,38,53.0,44.0,80
short,101,39,53.0,53.0,80
short,101,40,53.0,54.0,80
short,101,41,53.0,63.0,80
short,101,42,53.0,61.0,80
short,101,43,53.0,78.0,80
short,101,44,53.0,67.0,80
short,101,45,53.0,48.0,80
short,101,46,53.0,57.0,80
short,101,47,53.0,54.0,80
short,101,48,53.0,66.0,80
short,101,49,53.0,48.0,80
short,61,0,99.0,96.0,80
short,61,1,99.0,64.0,80
short,61,2,99.0,77.0,80
short,61,3,99.0,57.0,80
short,61,4,99.0,81.0,80
short,61,5,99.0,83.0,80
short,61,6,99.0,47.0,80
short,61,7,99.0,61.0,80
short,61,8,99.0,76.0,80
short,61,9,99.0,88.0,80
short,61,10,99.0,70.0,80
short,61,11,99.0,61.0,80
short,61,12,99.0,87.0,80
short,61,13,99.0,76.0,80
short,61,14,99.0,62.0,80
short,61,15,99.0,80.0,80
short,61,16,99.0,63.0,80
short,61,17,99.0,72.0,80
short,61,18,99.0,61.0,80
short,61,19,99.0,67.0,80
short,61,20,99.0,72.0,80
short,61,21,99.0,67.0,80
short,61,22,99.0,63.0,80
short,61,23,99.0,68.0,80
short,61,24,99.0,71.0,80
short,61,25,99.0,78.0,80
short,61,26,99.0,70.0,80
short,61,27,99.0,67.0,80
short,61,28,99.0,60.0,80
short,61,29,99.0,62.0,80
short,61,30,99.0,91.0,80
short,61,31,99.0,83.0,80
short,61,32,99.0,73.0,80
short,61,33,99.0,99.0,80
short,61,34,99.0,34.0,80
short,61,35,99.0,66.0,80
short,61,36,99.0,63.0,80
short,61,37,99.0,79.0,80
short,61,38,99.0,77.0,80
short,61,39,99.0,60.0,80
short,61,40,99.0,69.0,80
short,61,41,99.0,77.0,80
short,61,42,99.0,69.0,80
short,61,43,99.0,77.0,80
short,61,44,99.0,70.0,80
short,61,45,99.0,77.0,80
short,61,46,99.0,72.0,80
short,61,47,99.0,76.0,80
short,61,48,99.0,66.0,80
short,61,49,99.0,81.0,80
short,27,0,67.0,47.0,80
short,27,1,67.0,70.0,80
short,27,2,67.0,76.0,80
short,27,3,67.0,63.0,80
short,27,4,67.0,65.0,80
short,27,5,67.0,46.0,80
short,27,6,67.0,68.0,80
short,27,7,67.0,68.0,80
short,27,8,67.0,62.0,80
short,27,9,67.0,57.0,80
short,27,10,67.0,56.0,80
short,27,11,67.0,45.0,80
short,27,12,67.0,60.0,80
short,27,13,67.0,37.0,80
short,27,14,67.0,62.0,80
short,27,15,67.0,64.0,80
short,27,16,67.0,54.0,80
short,27,17,67.0,61.0,80
short,27,18,67.0,52.0,80
short,27,19,67.0,60.0,80
short,27,20,67.0,52.0,80
short,27,21,67.0,66.0,80
short,27,22,67.0,63.0,80
short,27,23,67.0,56.0,80
short,27,24,67.0,82.0,80
short,27,25,67.0,63.0,80
short,27,26,67.0,66.0,80
short,27,27,67.0,52.0,80
short,27,28,67.0,36.0,80
short,27,29,67.0,74.0,80
short,27,30,67.0,75.0,80
short,27,31,67.0,62.0,80
short,27,32,67.0,60.0,80
short,27,33,67.0,59.0,80
short,27,34,67.0,54.0,80
short,27,35,67.0,78.0,80
short,27,36,67.0,67.0,80
short,27,37,67.0,39.0,80
short,27,38,67.0,69.0,80
short,27,39,67.0,63.0,80
short,27,40,67.0,46.0,80
short,27,41,67.0,80.0,80
short,27,42,67.0,74.0,80
short,27,43,67.0,61.0,80
short,27,44,67.0,69.0,80
short,27,45,67.0,60.0,80
short,27,46,67.0,55.0,80
short,27,47,67.0,53.0,80
short,27,48,67.0,66.0,80
short,27,49,67.0,80.0,80
short,93,0,46.0,41.0,80
short,93,1,46.0,44.0,80
short,93,2,46.0,55.0,80
short,93,3,46.0,54.0,80
short,93,4,46.0,63.0,80
short,93,5,46.0,57.0,80
short,93,6,46.0,52.0,80
short,93,7,46.0,40.0,80
short,93,8,46.0,80.0,80
short,93,9,46.0,54.0,80
short,93,10,46.0,56.0,80
short,93,11,46.0,57.0,80
short,93,12,46.0,55.0,80
short,93,13,46.0,68.0,80
short,93,14,46.0,62.0,80
short,93,15,46.0,33.0,80
short,93,16,46.0,52.0,80
short,93,17,46.0,58.0,80
short,93,18,46.0,41.0,80
short,93,19,46.0,48.0,80
short,93,20,46.0,73.0,80
short,93,21,46.0,60.0,80
short,93,22,46.0,55.0,80
short,93,23,46.0,45.0,80
short,93,24,46.0,50.0,80
short,93,25,46.0,48.0,80
short,93,26,46.0,31.0,80
short,93,27,46.0,44.0,80
short,93,28,46.0,72.0,80
short,93,29,46.0,57.0,80
short,93,30,46.0,57.0,80
short,93,31,46.0,55.0,80
short,93,32,46.0,77.0,80
short,93,33,46.0,58.0,80
short,93,34,46.0,51.0,80
short,93,35,46.0,36.0,80
short,93,36,46.0,45.0,80
short,93,37,46.0,20.0,80
short,93,38,46.0,55.0,80
short,93,39,46.0,50.0,80
short,93,40,46.0,57.0,80
short,93,41,46.0,65.0,80
short,93,42,46.0,61.0,80
short,93,43,46.0,57.0,80
short,93,44,46.0,61.0,80
short,93,45,46.0,73.0,80
short,93,46,46.0,60.0,80
short,93,47,46.0,78.0,80
short,93,48,46.0,54.0,80
short,93,49,46.0,58.0,80
short,17,0,80.0,33.0,80
short,17,1,80.0,50.0,80
short,17,2,80.0,55.0,80
short,17,3,80.0,54.0,80
short,17,4,80.0,56.0,80
short,17,5,80.0,57.0,80
short,17,6,80.0,55.0,80
short,17,7,80.0,39.0,80
short,17,8,80.0,51.0,80
short,17,9,80.0,53.0,80
short,17,10,80.0,55.0,80
short,17,11,80.0,50.0,80
short,17,12,80.0,46.0,80
short,17,13,80.0,51.0,80
short,17,14,80.0,34.0,80
short,17,15,80.0,58.0,80
short,17,16,80.0,39.0,80
short,17,17,80.0,55.0,80
short,17,18,80.0,56.0,80
short,17,19,80.0,37.0,80
short,17,20,80.0,36.0,80
short,17,21,80.0,53.0,80
short,17,22,80.0,61.0,80
short,17,23,80.0,60.0,80
short,17,24,80.0,52.0,80
short,17,25,80.0,39.0,80
short,17,26,80.0,44.0,80
short,17,27,80.0,54.0,80
short,17,28,80.0,60.0,80
short,17,29,80.0,51.0,80
short,17,30,80.0,36.0,80
short,17,31,80.0,67.0,80
short,17,32,80.0,54.0,80
short,17,33,80.0,61.0,80
short,17,34,80.0,30.0,80
short,17,35,80.0,42.0,80
short,17,36,80.0,49.0,80
short,17,37,80.0,56.0,80
short,17,38,80.0,41.0,80
short,17,39,80.0,58.0,80
short,17,40,80.0,30.0,80
short,17,41,80.0,56.0,80
short,17,42,80.0,48.0,80
short,17,43,80.0,33.0,80
short,17,44,80.0,22.0,80
short,17,45,80.0,57.0,80
short,17,46,80.0,38.0,80
short,17,47,80.0,54.0,80
short,17,48,80.0,50.0,80
short,17,49,80.0,57.0,80
short,7,0,81.0,77.0,80
short,7,1,81.0,80.0,80
short,7,2,81.0,77.0,80
short,7,3,81.0,67.0,80
short,7,4,81.0,84.0,80
short,7,5,81.0,81.0,80
short,7,6,81.0,92.0,80
short,7,7,81.0,69.0,80
short,7,8,81.0,74.0,80
short,7,9,81.0,71.0,80
short,7,10,81.0,73.0,80
short,7,11,81.0,79.0,80
short,7,12,81.0,82.0,80
short,7,13,81.0,88.0,80
short,7,14,81.0,84.0,80
short,7,15,81.0,89.0,80
short,7,16,81.0,70.0,80
short,7,17,81.0,55.0,80
short,7,18,81.0,69.0,80
short,7,19,81.0,78.0,80
short,7,20,81.0,74.0,80
short,7,21,81.0,64.0,80
short,7,22,81.0,86.0,80
short,7,23,81.0,59.0,80
short,7,24,81.0,79.0,80
short,7,25,81.0,58.0,80
short,7,26,81.0,94.0,80
short,7,27,81.0,86.0,80
short,7,28,81.0,91.0,80
short,7,29,81.0,84.0,80
short,7,30,81.0,76.0,80
short,7,31,81.0,76.0,80
short,7,32,81.0,81.0,80
short,7,33,81.0,70.0,80
short,7,34,81.0,63.0,80
short,7,35,81.0,83.0,80
short,7,36,81.0,79.0,80
short,7,37,81.0,86.0,80
short,7,38,81.0,63.0,80
short,7,39,81.0,61.0,80
short,7,40,81.0,81.0,80
short,7,41,81.0,81.0,80
short,7,42,81.0,78.0,80
short,7,43,81.0,100.0,80
short,7,44,81.0,73.0,80
short,7,45,81.0,83.0,80
short,7,46,81.0,73.0,80
short,7,47,81.0,74.0,80
short,7,48,81.0,101.0,80
short,7,49,81.0,72.0,80
short,12,0,60.0,78.0,80
short,12,1,60.0,66.0,80
short,12,2,60.0,74.0,80
short,12,3,60.0,82.0,80
short,12,4,60.0,73.0,80
short,12,5,60.0,52.0,80
short,12,6,60.0,46.0,80
short,12,7,60.0,62.0,80
short,12,8,60.0,60.0,80
short,12,9,60.0,90.0,80
short,12,10,60.0,63.0,80
short,12,11,60.0,54.0,80
short,12,12,60.0,51.0,80
short,12,13,60.0,30.0,80
short,12,14,60.0,86.0,80
short,12,15,60.0,50.0,80
short,12,16,60.0,79.0,80
short,12,17,60.0,84.0,80
short,12,18,60.0,86.0,80
short,12,19,60.0,54.0,80
short,12,20,60.0,48.0,80
short,12,21,60.0,81.0,80
short,12,22,60.0,53.0,80
short,12,23,60.0,66.0,80
short,12,24,60.0,81.0,80
short,12,25,60.0,78.0,80
short,12,26,60.0,72.0,80
short,12,27,60.0,60.0,80
short,12,28,60.0,55.0,80
short,12,29,60.0,65.0,80
short,12,30,60.0,72.0,80
short,12,31,60.0,60.0,80
short,12,32,60.0,60.0,80
short,12,33,60.0,78.0,80
short,12,34,60.0,78.0,80
short,12,35,60.0,45.0,80
short,12,36,60.0,77.0,80
short,12,37,60.0,77.0,80
short,12,38,60.0,59.0,80
short,12,39,60.0,89.0,80
short,12,40,60.0,76.0,80
short,12,41,60.0,71.0,80
short,12,42,60.0,58.0,80
short,12,43,60.0,64.0,80
short,12,44,60.0,59.0,80
short,12,45,60.0,81.0,80
short,12,46,60.0,66.0,80
short,12,47,60.0,61.0,80
short,12,48,60.0,44.0,80
short,12,49,60.0,55.0,80
short,103,0,70.0,54.0,80
short,103,1,70.0,66.0,80
short,103,2,70.0,54.0,80
short,103,3,70.0,44.0,80
short,103,4,70.0,47.0,80
short,103,5,70.0,57.0,80
short,103,6,70.0,41.0,80
short,103,7,70.0,54.0,80
short,103,8,70.0,51.0,80
short,103,9,70.0,57.0,80
short,103,10,70.0,77.0,80
short,103,11,70.0,54.0,80
short,103,12,70.0,44.0,80
short,103,13,70.0,50.0,80
short,103,14,70.0,35.0,80
short,103,15,70.0,38.0,80
short,103,16,70.0,46.0,80
short,103,17,70.0,66.0,80
short,103,18,70.0,47.0,80
short,103,19,70.0,34.0,80
short,103,20,70.0,76.0,80
short,103,21,70.0,62.0,80
short,103,22,70.0,65.0,80
short,103,23,70.0,61.0,80
short,103,24,70.0,68.0,80
short,103,25,70.0,57.0,80
short,103,26,70.0,51.0,80
short,103,27,70.0,64.0,80
short,103,28,70.0,60.0,80
short,103,29,70.0,10.0,80
short,103,30,70.0,31.0,80
short,103,31,70.0,53.0,80
short,103,32,70.0,60.0,80
short,103,33,70.0,66.0,80
short,103,34,70.0,24.0,80
short,103,35,70.0,58.0,80
short,103,36,70.0,59.0,80
short,103,37,70.0,68.0,80
short,103,38,70.0,53.0,80
short,103,39,70.0,39.0,80
short,103,40,70.0,48.0,80
short,103,41,70.0,57.0,80
short,103,42,70.0,59.0,80
short,103,43,70.0,74.0,80
short,103,44,70.0,61.0,80
short,103,45,70.0,61.0,80
short,103,46,70.0,33.0,80
short,103,47,70.0,39.0,80
short,103,48,70.0,56.0,80
short,103,49,70.0,74.0,80
short,48,0,69.0,76.0,80
short,48,1,69.0,70.0,80
short,48,2,69.0,51.0,80
short,48,3,69.0,69.0,80
short,48,4,69.0,88.0,80
short,48,5,69.0,65.0,80
short,48,6,69.0,64.0,80
short,48,7,69.0,79.0,80
short,48,8,69.0,63.0,80
short,48,9,69.0,63.0,80
short,48,10,69.0,77.0,80
short,48,11,69.0,73.0,80
short,48,12,69.0,71.0,80
short,48,13,69.0,50.0,80
short,48,14,69.0,87.0,80
short,48,15,69.0,89.0,80
short,48,16,69.0,63.0,80
short,48,17,69.0,71.0,80
short,48,18,69.0,72.0,80
short,48,19,69.0,72.0,80
short,48,20,69.0,65.0,80
short,48,21,69.0,80.0,80
short,48,22,69.0,56.0,80
short,48,23,69.0,65.0,80
short,48,24,69.0,72.0,80
short,48,25,69.0,74.0,80
short,48,26,69.0,73.0,80
short,48,27,69.0,74.0,80
short,48,28,69.0,62.0,80
short,48,29,69.0,85.0,80
short,48,30,69.0,68.0,80
short,48,31,69.0,74.0,80
short,48,32,69.0,60.0,80
short,48,33,69.0,60.0,80
short,48,34,69.0,68.0,80
short,48,35,69.0,79.0,80
short,48,36,69.0,57.0,80
short,48,37,69.0,73.0,80
short,48,38,69.0,76.0,80
short,48,39,69.0,79.0,80
short,48,40,69.0,59.0,80
short,48,41,69.0,67.0,80
short,48,42,69.0,73.0,80
short,48,43,69.0,71.0,80
short,48,44,69.0,39.0,80
short,48,45,69.0,62.0,80
short,48,46,69.0,80.0,80
short,48,47,69.0,84.0,80
short,48,48,69.0,59.0,80
short,48,49,69.0,74.0,80
short,43,0,74.0,52.0,80
short,43,1,74.0,50.0,80
short,43,2,74.0,62.0,80
short,43,3,74.0,48.0,80
short,43,4,74.0,56.0,80
short,43,5,74.0,58.0,80
short,43,6,74.0,83.0,80
short,43,7,74.0,49.0,80
short,43,8,74.0,63.0,80
short,43,9,74.0,67.0,80
short,43,10,74.0,79.0,80
short,43,11,74.0,64.0,80
short,43,12,74.0,61.0,80
short,43,13,74.0,69.0,80
short,43,14,74.0,54.0,80
short,43,15,74.0,55.0,80
short,43,16,74.0,67.0,80
short,43,17,74.0,66.0,80
short,43,18,74.0,76.0,80
short,43,19,74.0,60.0,80
short,43,20,74.0,57.0,80
short,43,21,74.0,80.0,80
short,43,22,74.0,75.0,80
short,43,23,74.0,68.0,80
short,43,24,74.0,64.0,80
short,43,25,74.0,64.0,80
short,43,26,74.0,70.0,80
short,43,27,74.0,71.0,80
short,43,28,74.0,59.0,80
short,43,29,74.0,66.0,80
short,43,30,74.0,77.0,80
short,43,31,74.0,81.0,80
short,43,32,74.0,41.0,80
short,43,33,74.0,48.0,80
short,43,34,74.0,56.0,80
short,43,35,74.0,43.0,80
short,43,36,74.0,49.0,80
short,43,37,74.0,76.0,80
short,43,38,74.0,70.0,80
short,43,39,74.0,54.0,80
short,43,40,74.0,57.0,80
short,43,41,74.0,51.0,80
short,43,42,74.0,57.0,80
short,43,43,74.0,21.0,80
short,43,44,74.0,66.0,80
short,43,45,74.0,35.0,80
short,43,46,74.0,62.0,80
short,43,47,74.0,61.0,80
short,43,48,74.0,46.0,80
short,43,49,74.0,57.0,80
short,100,0,58.0,71.0,80
short,100,1,58.0,52.0,80
short,100,2,58.0,49.0,80
short,100,3,58.0,50.0,80
short,100,4,58.0,68.0,80
short,100,5,58.0,54.0,80
short,100,6,58.0,58.0,80
short,100,7,58.0,53.0,80
short,100,8,58.0,39.0,80
short,100,9,58.0,74.0,80
short,100,10,58.0,59.0,80
short,100,11,58.0,51.0,80
short,100,12,58.0,51.0,80
short,100,13,58.0,64.0,80
short,100,14,58.0,70.0,80
short,100,15,58.0,66.0,80
short,100,16,58.0,56.0,80
short,100,17,58.0,58.0,80
short,100,18,58.0,60.0,80
short,100,19,58.0,61.0,80
short,100,20,58.0,57.0,80
short,100,21,58.0,72.0,80
short,100,22,58.0,59.0,80
short,100,23,58.0,35.0,80
short,100,24,58.0,61.0,80
short,100,25,58.0,54.0,80
short,100,26,58.0,68.0,80
short,100,27,58.0,84.0,80
short,100,28,58.0,39.0,80
short,100,29,58.0,61.0,80
short,100,30,58.0,32.0,80
short,100,31,58.0,45.0,80
short,100,32,58.0,44.0,80
short,100,33,58.0,45.0,80
short,100,34,58.0,52.0,80
short,100,35,58.0,57.0,80
short,100,36,58.0,61.0,80
short,100,37,58.0,66.0,80
short,100,38,58.0,41.0,80
short,100,39,58.0,55.0,80
short,100,40,58.0,54.0,80
short,100,41,58.0,53.0,80
short,100,42,58.0,62.0,80
short,100,43,58.0,59.0,80
short,100,44,58.0,44.0,80
short,100,45,58.0,45.0,80
short,100,46,58.0,51.0,80
short,100,47,58.0,52.0,80
short,100,48,58.0,55.0,80
short,100,49,58.0,43.0,80
short,45,0,68.0,56.0,80
short,45,1,68.0,76.0,80
short,45,2,68.0,48.0,80
short,45,3,68.0,51.0,80
short,45,4,68.0,68.0,80
short,45,5,68.0,68.0,80
short,45,6,68.0,63.0,80
short,45,7,68.0,65.0,80
short,45,8,68.0,51.0,80
short,45,9,68.0,77.0,80
short,45,10,68.0,54.0,80
short,45,11,68.0,74.0,80
short,45,12,68.0,60.0,80
short,45,13,68.0,67.0,80
short,45,14,68.0,61.0,80
short,45,15,68.0,48.0,80
short,45,16,68.0,66.0,80
short,45,17,68.0,67.0,80
short,45,18,68.0,77.0,80
short,45,19,68.0,75.0,80
short,45,20,68.0,62.0,80
short,45,21,68.0,60.0,80
short,45,22,68.0,43.0,80
short,45,23,68.0,64.0,80
short,45,24,68.0,68.0,80
short,45,25,68.0,70.0,80
short,45,26,68.0,83.0,80
short,45,27,68.0,66.0,80
short,45,28,68.0,72.0,80
short,45,29,68.0,66.0,80
short,45,30,68.0,75.0,80
short,45,31,68.0,72.0,80
short,45,32,68.0,84.0,80
short,45,33,68.0,61.0,80
short,45,34,68.0,79.0,80
short,45,35,68.0,67.0,80
short,45,36,68.0,63.0,80
short,45,37,68.0,66.0,80
short,45,38,68.0,76.0,80
short,45,39,68.0,42.0,80
short,45,40,68.0,87.0,80
short,45,41,68.0,65.0,80
short,45,42,68.0,51.0,80
short,45,43,68.0,52.0,80
short,45,44,68.0,70.0,80
short,45,45,68.0,58.0,80
short,45,46,68.0,51.0,80
short,45,47,68.0,73.0,80
short,45,48,68.0,62.0,80
short,45,49,68.0,62.0,80
short,73,0,94.0,73.0,80
short,73,1,94.0,66.0,80
short,73,2,94.0,76.0,80
short,73,3,94.0,70.0,80
short,73,4,94.0,61.0,80
short,73,5,94.0,67.0,80
short,73,6,94.0,71.0,80
short,73,7,94.0,59.0,80
short,73,8,94.0,79.0,80
short,73,9,94.0,83.0,80
short,73,10,94.0,70.0,80
short,73,11,94.0,61.0,80
short,73,12,94.0,78.0,80
short,73,13,94.0,58.0,80
short,73,14,94.0,75.0,80
short,73,15,94.0,82.0,80
short,73,16,94.0,69.0,80
short,73,17,94.0,86.0,80
short,73,18,94.0,60.0,80
short,73,19,94.0,74.0,80
short,73,20,94.0,67.0,80
short,73,21,94.0,50.0,80
short,73,22,94.0,77.0,80
short,73,23,94.0,82.0,80
short,73,24,94.0,66.0,80
short,73,25,94.0,67.0,80
short,73,26,94.0,75.0,80
short,73,27,94.0,83.0,80
short,73,28,94.0,73.0,80
short,73,29,94.0,56.0,80
short,73,30,94.0,80.0,80
short,73,31,94.0,90.0,80
short,73,32,94.0,74.0,80
short,73,33,94.0,72.0,80
short,73,34,94.0,61.0,80
short,73,35,94.0,64.0,80
short,73,36,94.0,72.0,80
short,73,37,94.0,56.0,80
short,73,38,94.0,66.0,80
short,73,39,94.0,81.0,80
short,73,40,94.0,74.0,80
short,73,41,94.0,91.0,80
short,73,42,94.0,74.0,80
short,73,43,94.0,59.0,80
short,73,44,94.0,79.0,80
short,73,45,94.0,78.0,80
short,73,46,94.0,73.0,80
short,73,47,94.0,58.0,80
short,73,48,94.0,76.0,80
short,73,49,94.0,68.0,80
short,24,0,60.0,67.0,80
short,24,1,60.0,70.0,80
short,24,2,60.0,52.0,80
short,24,3,60.0,72.0,80
short,24,4,60.0,67.0,80
short,24,5,60.0,79.0,80
short,24,6,60.0,84.0,80
short,24,7,60.0,71.0,80
short,24,8,60.0,58.0,80
short,24,9,60.0,70.0,80
short,24,10,60.0,63.0,80
short,24,11,60.0,48.0,80
short,24,12,60.0,85.0,80
short,24,13,60.0,76.0,80
short,24,14,60.0,83.0,80
short,24,15,60.0,66.0,80
short,24,16,60.0,73.0,80
short,24,17,60.0,66.0,80
short,24,18,60.0,47.0,80
short,24,19,60.0,68.0,80
short,24,20,60.0,53.0,80
short,24,21,60.0,71.0,80
short,24,22,60.0,58.0,80
short,24,23,60.0,72.0,80
short,24,24,60.0,66.0,80
short,24,25,60.0,64.0,80
short,24,26,60.0,67.0,80
short,24,27,60.0,81.0,80
short,24,28,60.0,89.0,80
short,24,29,60.0,62.0,80
short,24,30,60.0,62.0,80
short,24,31,60.0,68.0,80
short,24,32,60.0,59.0,80
short,24,33,60.0,78.0,80
short,24,34,60.0,84.0,80
short,24,35,60.0,46.0,80
short,24,36,60.0,72.0,80
short,24,37,60.0,66.0,80
short,24,38,60.0,59.0,80
short,24,39,60.0,59.0,80
short,24,40,60.0,76.0,80
short,24,41,60.0,70.0,80
short,24,42,60.0,65.0,80
short,24,43,60.0,51.0,80
short,24,44,60.0,76.0,80
short,24,45,60.0,66.0,80
short,24,46,60.0,67.0,80
short,24,47,60.0,55.0,80
short,24,48,60.0,81.0,80
short,24,49,60.0,76.0,80
short,71,0,80.0,48.0,80
short,71,1,80.0,47.0,80
short,71,2,80.0,58.0,80
short,71,3,80.0,69.0,80
short,71,4,80.0,66.0,80
short,71,5,80.0,65.0,80
short,71,6,80.0,77.0,80
short,71,7,80.0,69.0,80
short,71,8,80.0,53.0,80
short,71,9,80.0,57.0,80
short,71,10,80.0,59.0,80
short,71,11,80.0,71.0,80
short,71,12,80.0,70.0,80
short,71,13,80.0,85.0,80
short,71,14,80.0,59.0,80
short,71,15,80.0,65.0,80
short,71,16,80.0,37.0,80
short,71,17,80.0,65.0,80
short,71,18,80.0,55.0,80
short,71,19,80.0,65.0,80
short,71,20,80.0,36.0,80
short,71,21,80.0,66.0,80
short,71,22,80.0,57.0,80
short,71,23,80.0,67.0,80
short,71,24,80.0,60.0,80
short,71,25,80.0,61.0,80
short,71,26,80.0,67.0,80
short,71,27,80.0,72.0,80
short,71,28,80.0,89.0,80
short,71,29,80.0,46.0,80
short,71,30,80.0,65.0,80
short,71,31,80.0,72.0,80
short,71,32,80.0,68.0,80
short,71,33,80.0,72.0,80
short,71,34,80.0,77.0,80
short,71,35,80.0,78.0,80
short,71,36,80.0,63.0,80
short,71,37,80.0,58.0,80
short,71,38,80.0,77.0,80
short,71,39,80.0,61.0,80
short,71,40,80.0,65.0,80
short,71,41,80.0,47.0,80
short,71,42,80.0,66.0,80
short,71,43,80.0,59.0,80
short,71,44,80.0,54.0,80
short,71,45,80.0,50.0,80
short,71,46,80.0,40.0,80
short,71,47,80.0,62.0,80
short,71,48,80.0,59.0,80
short,71,49,80.0,49.0,80
short,76,0,69.0,47.0,80
short,76,1,69.0,67.0,80
short,76,2,69.0,41.0,80
short,76,3,69.0,33.0,80
short,76,4,69.0,62.0,80
short,76,5,69.0,75.0,80
short,76,6,69.0,68.0,80
short,76,7,69.0,53.0,80
short,76,8,69.0,68.0,80
short,76,9,69.0,43.0,80
short,76,10,69.0,28.0,80
short,76,11,69.0,38.0,80
short,76,12,69.0,67.0,80
short,76,13,69.0,56.0,80
short,76,14,69.0,54.0,80
short,76,15,69.0,33.0,80
short,76,16,69.0,60.0,80
short,76,17,69.0,43.0,80
short,76,18,69.0,51.0,80
short,76,19,69.0,51.0,80
short,76,20,69.0,49.0,80
short,76,21,69.0,47.0,80
short,76,22,69.0,72.0,80
short,76,23,69.0,51.0,80
short,76,24,69.0,52.0,80
short,76,25,69.0,67.0,80
short,76,26,69.0,38.0,80
short,76,27,69.0,54.0,80
short,76,28,69.0,47.0,80
short,76,29,69.0,56.0,80
short,76,30,69.0,28.0,80
short,76,31,69.0,65.0,80
short,76,32,69.0,38.0,80
short,76,33,69.0,66.0,80
short,76,34,69.0,45.0,80
short,76,35,69.0,14.0,80
short,76,36,69.0,41.0,80
short,76,37,69.0,65.0,80
short,76,38,69.0,70.0,80
short,76,39,69.0,69.0,80
short,76,40,69.0,31.0,80
short,76,41,69.0,60.0,80
short,76,42,69.0,67.0,80
short,76,43,69.0,38.0,80
short,76,44,69.0,61.0,80
short,76,45,69.0,63.0,80
short,76,46,69.0,36.0,80
short,76,47,69.0,76.0,80
short,76,48,69.0,45.0,80
short,76,49,69.0,52.0,80
short,96,0,68.0,49.0,80
short,96,1,68.0,59.0,80
short,96,2,68.0,63.0,80
short,96,3,68.0,50.0,80
short,96,4,68.0,50.0,80
short,96,5,68.0,57.0,80
short,96,6,68.0,48.0,80
short,96,7,68.0,43.0,80
short,96,8,68.0,58.0,80
short,96,9,68.0,49.0,80
short,96,10,68.0,74.0,80
short,96,11,68.0,46.0,80
short,96,12,68.0,59.0,80
short,96,13,68.0,62.0,80
short,96,14,68.0,63.0,80
short,96,15,68.0,53.0,80
short,96,16,68.0,58.0,80
short,96,17,68.0,40.0,80
short,96,18,68.0,44.0,80
short,96,19,68.0,64.0,80
short,96,20,68.0,50.0,80
short,96,21,68.0,53.0,80
short,96,22,68.0,76.0,80
short,96,23,68.0,50.0,80
short,96,24,68.0,35.0,80
short,96,25,68.0,46.0,80
short,96,26,68.0,66.0,80
short,96,27,68.0,50.0,80
short,96,28,68.0,70.0,80
short,96,29,68.0,49.0,80
short,96,30,68.0,74.0,80
short,96,31,68.0,49.0,80
short,96,32,68.0,52.0,80
short,96,33,68.0,64.0,80
short,96,34,68.0,51.0,80
short,96,35,68.0,88.0,80
short,96,36,68.0,48.0,80
short,96,37,68.0,45.0,80
short,96,38,68.0,49.0,80
short,96,39,68.0,53.0,80
short,96,40,68.0,54.0,80
short,96,41,68.0,65.0,80
short,96,42,68.0,72.0,80
short,96,43,68.0,55.0,80
short,96,44,68.0,50.0,80
short,96,45,68.0,70.0,80
short,96,46,68.0,67.0,80
short,96,47,68.0,54.0,80
short,96,48,68.0,56.0,80
short,96,49,68.0,50.0,80
short,98,0,78.0,76.0,80
short,98,1,78.0,70.0,80
short,98,2,78.0,51.0,80
short,98,3,78.0,36.0,80
short,98,4,78.0,73.0,80
short,98,5,78.0,63.0,80
short,98,6,78.0,46.0,80
short,98,7,78.0,71.0,80
short,98,8,78.0,68.0,80
short,98,9,78.0,56.0,80
short,98,10,78.0,65.0,80
short,98,11,78.0,48.0,80
short,98,12,78.0,66.0,80
short,98,13,78.0,67.0,80
short,98,14,78.0,50.0,80
short,98,15,78.0,56.0,80
short,98,16,78.0,77.0,80
short,98,17,78.0,72.0,80
short,98,18,78.0,41.0,80
short,98,19,78.0,66.0,80
short,98,20,78.0,81.0,80
short,98,21,78.0,59.0,80
short,98,22,78.0,56.0,80
short,98,23,78.0,64.0,80
short,98,24,78.0,31.0,80
short,98,25,78.0,69.0,80
short,98,26,78.0,61.0,80
short,98,27,78.0,41.0,80
short,98,28,78.0,50.0,80
short,98,29,78.0,82.0,80
short,98,30,78.0,68.0,80
short,98,31,78.0,62.0,80
short,98,32,78.0,63.0,80
short,98,33,78.0,71.0,80
short,98,34,78.0,56.0,80
short,98,35,78.0,68.0,80
short,98,36,78.0,64.0,80
short,98,37,78.0,72.0,80
short,98,38,78.0,63.0,80
short,98,39,78.0,56.0,80
short,98,40,78.0,72.0,80
short,98,41,78.0,52.0,80
short,98,42,78.0,58.0,80
short,98,43,78.0,70.0,80
short,98,44,78.0,56.0,80
short,98,45,78.0,61.0,80
short,98,46,78.0,79.0,80
short,98,47,78.0,34.0,80
short,98,48,78.0,54.0,80
short,98,49,78.0,54.0,80
short,97,0,65.0,51.0,80
short,97,1,65.0,57.0,80
short,97,2,65.0,75.0,80
short,97,3,65.0,69.0,80
short,97,4,65.0,60.0,80
short,97,5,65.0,43.0,80
short,97,6,65.0,47.0,80
short,97,7,65.0,38.0,80
short,97,8,65.0,46.0,80
short,97,9,65.0,59.0,80
short,97,10,65.0,49.0,80
short,97,11,65.0,51.0,80
short,97,12,65.0,34.0,80
short,97,13,65.0,62.0,80
short,97,14,65.0,37.0,80
short,97,15,65.0,69.0,80
short,97,16,65.0,55.0,80
short,97,17,65.0,53.0,80
short,97,18,65.0,62.0,80
short,97,19,65.0,67.0,80
short,97,20,65.0,68.0,80
short,97,21,65.0,63.0,80
short,97,22,65.0,67.0,80
short,97,23,65.0,82.0,80
short,97,24,65.0,46.0,80
short,97,25,65.0,48.0,80
short,97,26,65.0,71.0,80
short,97,27,65.0,58.0,80
short,97,28,65.0,79.0,80
short,97,29,65.0,62.0,80
short,97,30,65.0,50.0,80
short,97,31,65.0,54.0,80
short,97,32,65.0,52.0,80
short,97,33,65.0,67.0,80
short,97,34,65.0,70.0,80
short,97,35,65.0,51.0,80
short,97,36,65.0,62.0,80
short,97,37,65.0,73.0,80
short,97,38,65.0,58.0,80
short,97,39,65.0,66.0,80
short,97,40,65.0,53.0,80
short,97,41,65.0,51.0,80
short,97,42,65.0,64.0,80
short,97,43,65.0,78.0,80
short,97,44,65.0,71.0,80
short,97,45,65.0,49.0,80
short,97,46,65.0,70.0,80
short,97,47,65.0,76.0,80
short,97,48,65.0,41.0,80
short,97,49,65.0,67.0,80
short,79,0,62.0,74.0,80
short,79,1,62.0,61.0,80
short,79,2,62.0,69.0,80
short,79,3,62.0,55.0,80
short,79,4,62.0,33.0,80
short,79,5,62.0,83.0,80
short,79,6,62.0,57.0,80
short,79,7,62.0,66.0,80
short,79,8,62.0,74.0,80
short,79,9,62.0,88.0,80
short,79,10,62.0,58.0,80
short,79,11,62.0,41.0,80
short,79,12,62.0,53.0,80
short,79,13,62.0,65.0,80
short,79,14,62.0,68.0,80
short,79,15,62.0,49.0,80
short,79,16,62.0,39.0,80
short,79,17,62.0,46.0,80
short,79,18,62.0,57.0,80
short,79,19,62.0,72.0,80
short,79,20,62.0,65.0,80
short,79,21,62.0,65.0,80
short,79,22,62.0,79.0,80
short,79,23,62.0,45.0,80
short,79,24,62.0,72.0,80
short,79,25,62.0,62.0,80
short,79,26,62.0,71.0,80
short,79,27,62.0,71.0,80
short,79,28,62.0,74.0,80
short,79,29,62.0,52.0,80
short,79,30,62.0,73.0,80
short,79,31,62.0,43.0,80
short,79,32,62.0,59.0,80
short,79,33,62.0,68.0,80
short,79,34,62.0,35.0,80
short,79,35,62.0,51.0,80
short,79,36,62.0,50.0,80
short,79,37,62.0,58.0,80
short,79,38,62.0,74.0,80
short,79,39,62.0,67.0,80
short,79,40,62.0,71.0,80
short,79,41,62.0,76.0,80
short,79,42,62.0,63.0,80
short,79,43,62.0,79.0,80
short,79,44,62.0,52.0,80
short,79,45,62.0,58.0,80
short,79,46,62.0,48.0,80
short,79,47,62.0,62.0,80
short,79,48,62.0,63.0,80
short,79,49,62.0,41.0,80
short,58,0,61.0,60.0,80
short,58,1,61.0,48.0,80
short,58,2,61.0,54.0,80
short,58,3,61.0,70.0,80
short,58,4,61.0,69.0,80
short,58,5,61.0,52.0,80
short,58,6,61.0,47.0,80
short,58,7,61.0,60.0,80
short,58,8,61.0,36.0,80
short,58,9,61.0,71.0,80
short,58,10,61.0,71.0,80
short,58,11,61.0,75.0,80
short,58,12,61.0,43.0,80
short,58,13,61.0,53.0,80
short,58,14,61.0,32.0,80
short,58,15,61.0,64.0,80
short,58,16,61.0,58.0,80
short,58,17,61.0,49.0,80
short,58,18,61.0,50.0,80
short,58,19,61.0,55.0,80
short,58,20,61.0,65.0,80
short,58,21,61.0,57.0,80
short,58,22,61.0,61.0,80
short,58,23,61.0,53.0,80
short,58,24,61.0,61.0,80
short,58,25,61.0,58.0,80
short,58,26,61.0,53.0,80
short,58,27,61.0,61.0,80
short,58,28,61.0,76.0,80
short,58,29,61.0,49.0,80
short,58,30,61.0,56.0,80
short,58,31,61.0,54.0,80
short,58,32,61.0,61.0,80
short,58,33,61.0,61.0,80
short,58,34,61.0,53.0,80
short,58,35,61.0,52.0,80
short,58,36,61.0,62.0,80
short,58,37,61.0,55.0,80
short,58,38,61.0,28.0,80
short,58,39,61.0,61.0,80
short,58,40,61.0,51.0,80
short,58,41,61.0,57.0,80
short,58,42,61.0,61.0,80
short,58,43,61.0,40.0,80
short,58,44,61.0,49.0,80
short,58,45,61.0,64.0,80
short,58,46,61.0,44.0,80
short,58,47,61.0,81.0,80
short,58,48,61.0,75.0,80
short,58,49,61.0,52.0,80
short,9,0,88.0,72.0,80
short,9,1,88.0,71.0,80
short,9,2,88.0,73.0,80
short,9,3,88.0,77.0,80
short,9,4,88.0,83.0,80
short,9,5,88.0,81.0,80
short,9,6,88.0,79.0,80
short,9,7,88.0,78.0,80
short,9,8,88.0,77.0,80
short,9,9,88.0,75.0,80
short,9,10,88.0,54.0,80
short,9,11,88.0,75.0,80
short,9,12,88.0,51.0,80
short,9,13,88.0,63.0,80
short,9,14,88.0,79.0,80
short,9,15,88.0,79.0,80
short,9,16,88.0,84.0,80
short,9,17,88.0,80.0,80
short,9,18,88.0,68.0,80
short,9,19,88.0,74.0,80
short,9,20,88.0,76.0,80
short,9,21,88.0,79.0,80
short,9,22,88.0,75.0,80
short,9,23,88.0,69.0,80
short,9,24,88.0,87.0,80
short,9,25,88.0,74.0,80
short,9,26,88.0,56.0,80
short,9,27,88.0,69.0,80
short,9,28,88.0,68.0,80
short,9,29,88.0,67.0,80
short,9,30,88.0,75.0,80
short,9,31,88.0,89.0,80
short,9,32,88.0,66.0,80
short,9,33,88.0,76.0,80
short,9,34,88.0,69.0,80
short,9,35,88.0,79.0,80
short,9,36,88.0,55.0,80
short,9,37,88.0,74.0,80
short,9,38,88.0,76.0,80
short,9,39,88.0,71.0,80
short,9,40,88.0,58.0,80
short,9,41,88.0,74.0,80
short,9,42,88.0,67.0,80
short,9,43,88.0,86.0,80
short,9,44,88.0,83.0,80
short,9,45,88.0,84.0,80
short,9,46,88.0,56.0,80
short,9,47,88.0,75.0,80
short,9,48,88.0,87.0,80
short,9,49,88.0,76.0,80
short,35,0,83.0,59.0,80
short,35,1,83.0,47.0,80
short,35,2,83.0,54.0,80
short,35,3,83.0,61.0,80
short,35,4,83.0,77.0,80
short,35,5,83.0,80.0,80
short,35,6,83.0,55.0,80
short,35,7,83.0,70.0,80
short,35,8,83.0,62.0,80
short,35,9,83.0,72.0,80
short,35,10,83.0,61.0,80
short,35,11,83.0,76.0,80
short,35,12,83.0,66.0,80
short,35,13,83.0,69.0,80
short,35,14,83.0,61.0,80
short,35,15,83.0,54.0,80
short,35,16,83.0,72.0,80
short,35,17,83.0,83.0,80
short,35,18,83.0,65.0,80
short,35,19,83.0,57.0,80
short,35,20,83.0,85.0,80
short,35,21,83.0,68.0,80
short,35,22,83.0,56.0,80
short,35,23,83.0,57.0,80
short,35,24,83.0,50.0,80
short,35,25,83.0,71.0,80
short,35,26,83.0,63.0,80
short,35,27,83.0,72.0,80
short,35,28,83.0,84.0,80
short,35,29,83.0,72.0,80
short,35,30,83.0,72.0,80
short,35,31,83.0,79.0,80
short,35,32,83.0,72.0,80
short,35,33,83.0,67.0,80
short,35,34,83.0,66.0,80
short,35,35,83.0,66.0,80
short,35,36,83.0,77.0,80
short,35,37,83.0,74.0,80
short,35,38,83.0,66.0,80
short,35,39,83.0,52.0,80
short,35,40,83.0,78.0,80
short,35,41,83.0,81.0,80
short,35,42,83.0,73.0,80
short,35,43,83.0,63.0,80
short,35,44,83.0,64.0,80
short,35,45,83.0,63.0,80
short,35,46,83.0,71.0,80
short,35,47,83.0,55.0,80
short,35,48,83.0,62.0,80
short,35,49,83.0,69.0,80
short,92,0,66.0,39.0,80
short,92,1,66.0,68.0,80
short,92,2,66.0,54.0,80
short,92,3,66.0,50.0,80
short,92,4,66.0,51.0,80
short,92,5,66.0,59.0,80
short,92,6,66.0,68.0,80
short,92,7,66.0,49.0,80
short,92,8,66.0,70.0,80
short,92,9,66.0,47.0,80
short,92,10,66.0,79.0,80
short,92,11,66.0,42.0,80
short,92,12,66.0,52.0,80
short,92,13,66.0,93.0,80
short,92,14,66.0,95.0,80
short,92,15,66.0,42.0,80
short,92,16,66.0,66.0,80
short,92,17,66.0,58.0,80
short,92,18,66.0,59.0,80
short,92,19,66.0,65.0,80
short,92,20,66.0,60.0,80
short,92,21,66.0,64.0,80
short,92,22,66.0,76.0,80
short,92,23,66.0,60.0,80
short,92,24,66.0,51.0,80
short,92,25,66.0,59.0,80
short,92,26,66.0,62.0,80
short,92,27,66.0,79.0,80
short,92,28,66.0,74.0,80
short,92,29,66.0,54.0,80
short,92,30,66.0,45.0,80
short,92,31,66.0,64.0,80
short,92,32,66.0,40.0,80
short,92,33,66.0,66.0,80
short,92,34,66.0,73.0,80
short,92,35,66.0,71.0,80
short,92,36,66.0,71.0,80
short,92,37,66.0,75.0,80
short,92,38,66.0,81.0,80
short,92,39,66.0,88.0,80
short,92,40,66.0,71.0,80
short,92,41,66.0,54.0,80
short,92,42,66.0,70.0,80
short,92,43,66.0,65.0,80
short,92,44,66.0,63.0,80
short,92,45,66.0,66.0,80
short,92,46,66.0,56.0,80
short,92,47,66.0,60.0,80
short,92,48,66.0,47.0,80
short,92,49,66.0,46.0,80
short,42,0,64.0,76.0,80
short,42,1,64.0,79.0,80
short,42,2,64.0,84.0,80
short,42,3,64.0,56.0,80
short,42,4,64.0,78.0,80
short,42,5,64.0,71.0,80
short,42,6,64.0,76.0,80
short,42,7,64.0,58.0,80
short,42,8,64.0,71.0,80
short,42,9,64.0,55.0,80
short,42,10,64.0,66.0,80
short,42,11,64.0,70.0,80
short,42,12,64.0,80.0,80
short,42,13,64.0,61.0,80
short,42,14,64.0,83.0,80
short,42,15,64.0,62.0,80
short,42,16,64.0,62.0,80
short,42,17,64.0,60.0,80
short,42,18,64.0,61.0,80
short,42,19,64.0,67.0,80
short,42,20,64.0,84.0,80
short,42,21,64.0,66.0,80
short,42,22,64.0,72.0,80
short,42,23,64.0,78.0,80
short,42,24,64.0,32.0,80
short,42,25,64.0,63.0,80
short,42,26,64.0,49.0,80
short,42,27,64.0,68.0,80
short,42,28,64.0,57.0,80
short,42,29,64.0,76.0,80
short,42,30,64.0,68.0,80
short,42,31,64.0,55.0,80
short,42,32,64.0,75.0,80
short,42,33,64.0,51.0,80
short,42,34,64.0,70.0,80
short,42,35,64.0,72.0,80
short,42,36,64.0,61.0,80
short,42,37,64.0,56.0,80
short,42,38,64.0,53.0,80
short,42,39,64.0,77.0,80
short,42,40,64.0,70.0,80
short,42,41,64.0,64.0,80
short,42,42,64.0,71.0,80
short,42,43,64.0,57.0,80
short,42,44,64.0,69.0,80
short,42,45,64.0,68.0,80
short,42,46,64.0,70.0,80
short,42,47,64.0,66.0,80
short,42,48,64.0,64.0,80
short,42,49,64.0,70.0,80
short,40,0,12.0,31.0,80
short,40,1,12.0,36.0,80
short,40,2,12.0,38.0,80
short,40,3,12.0,30.0,80
short,40,4,12.0,66.0,80
short,40,5,12.0,49.0,80
short,40,6,12.0,66.0,80
short,40,7,12.0,73.0,80
short,40,8,12.0,49.0,80
short,40,9,12.0,42.0,80
short,40,10,12.0,45.0,80
short,40,11,12.0,28.0,80
short,40,12,12.0,33.0,80
short,40,13,12.0,40.0,80
short,40,14,12.0,38.0,80
short,40,15,12.0,58.0,80
short,40,16,12.0,17.0,80
short,40,17,12.0,47.0,80
short,40,18,12.0,41.0,80
short,40,19,12.0,54.0,80
short,40,20,12.0,47.0,80
short,40,21,12.0,32.0,80
short,40,22,12.0,50.0,80
short,40,23,12.0,31.0,80
short,40,24,12.0,30.0,80
short,40,25,12.0,30.0,80
short,40,26,12.0,62.0,80
short,40,27,12.0,34.0,80
short,40,28,12.0,42.0,80
short,40,29,12.0,22.0,80
short,40,30,12.0,44.0,80
short,40,31,12.0,62.0,80
short,40,32,12.0,32.0,80
short,40,33,12.0,28.0,80
short,40,34,12.0,38.0,80
short,40,35,12.0,40.0,80
short,40,36,12.0,47.0,80
short,40,37,12.0,34.0,80
short,40,38,12.0,23.0,80
short,40,39,12.0,68.0,80
short,40,40,12.0,41.0,80
short,40,41,12.0,29.0,80
short,40,42,12.0,30.0,80
short,40,43,12.0,28.0,80
short,40,44,12.0,34.0,80
short,40,45,12.0,39.0,80
short,40,46,12.0,51.0,80
short,40,47,12.0,28.0,80
short,40,48,12.0,38.0,80
short,40,49,12.0,43.0,80
short,50,0,76.0,89.0,80
short,50,1,76.0,63.0,80
short,50,2,76.0,80.0,80
short,50,3,76.0,80.0,80
short,50,4,76.0,81.0,80
short,50,5,76.0,38.0,80
short,50,6,76.0,64.0,80
short,50,7,76.0,69.0,80
short,50,8,76.0,52.0,80
short,50,9,76.0,71.0,80
short,50,10,76.0,76.0,80
short,50,11,76.0,72.0,80
short,50,12,76.0,61.0,80
short,50,13,76.0,88.0,80
short,50,14,76.0,75.0,80
short,50,15,76.0,67.0,80
short,50,16,76.0,55.0,80
short,50,17,76.0,70.0,80
short,50,18,76.0,63.0,80
short,50,19,76.0,67.0,80
short,50,20,76.0,55.0,80
short,50,21,76.0,75.0,80
short,50,22,76.0,74.0,80
short,50,23,76.0,55.0,80
short,50,24,76.0,61.0,80
short,50,25,76.0,72.0,80
short,50,26,76.0,62.0,80
short,50,27,76.0,75.0,80
short,50,28,76.0,79.0,80
short,50,29,76.0,70.0,80
short,50,30,76.0,53.0,80
short,50,31,76.0,73.0,80
short,50,32,76.0,49.0,80
short,50,33,76.0,82.0,80
short,50,34,76.0,78.0,80
short,50,35,76.0,69.0,80
short,50,36,76.0,86.0,80
short,50,37,76.0,67.0,80
short,50,38,76.0,71.0,80
short,50,39,76.0,67.0,80
short,50,40,76.0,68.0,80
short,50,41,76.0,68.0,80
short,50,42,76.0,72.0,80
short,50,43,76.0,63.0,80
short,50,44,76.0,46.0,80
short,50,45,76.0,68.0,80
short,50,46,76.0,78.0,80
short,50,47,76.0,69.0,80
short,50,48,76.0,61.0,80
short,50,49,76.0,62.0,80
short,30,0,63.0,63.0,80
short,30,1,63.0,54.0,80
short,30,2,63.0,53.0,80
short,30,3,63.0,61.0,80
short,30,4,63.0,80.0,80
short,30,5,63.0,63.0,80
short,30,6,63.0,65.0,80
short,30,7,63.0,64.0,80
short,30,8,63.0,56.0,80
short,30,9,63.0,60.0,80
short,30,10,63.0,61.0,80
short,30,11,63.0,65.0,80
short,30,12,63.0,67.0,80
short,30,13,63.0,50.0,80
short,30,14,63.0,51.0,80
short,30,15,63.0,70.0,80
short,30,16,63.0,63.0,80
short,30,17,63.0,72.0,80
short,30,18,63.0,77.0,80
short,30,19,63.0,50.0,80
short,30,20,63.0,48.0,80
short,30,21,63.0,63.0,80
short,30,22,63.0,59.0,80
short,30,23,63.0,63.0,80
short,30,24,63.0,48.0,80
short,30,25,63.0,78.0,80
short,30,26,63.0,64.0,80
short,30,27,63.0,73.0,80
short,30,28,63.0,66.0,80
short,30,29,63.0,51.0,80
short,30,30,63.0,61.0,80
short,30,31,63.0,54.0,80
short,30,32,63.0,39.0,80
short,30,33,63.0,55.0,80
short,30,34,63.0,57.0,80
short,30,35,63.0,74.0,80
short,30,36,63.0,74.0,80
short,30,37,63.0,67.0,80
short,30,38,63.0,74.0,80
short,30,39,63.0,73.0,80
short,30,40,63.0,64.0,80
short,30,41,63.0,71.0,80
short,30,42,63.0,60.0,80
short,30,43,63.0,72.0,80
short,30,44,63.0,79.0,80
short,30,45,63.0,57.0,80
short,30,46,63.0,59.0,80
short,30,47,63.0,72.0,80
short,30,48,63.0,64.0,80
short,30,49,63.0,61.0,80
short,85,0,62.0,53.0,80
short,85,1,62.0,58.0,80
short,85,2,62.0,54.0,80
short,85,3,62.0,60.0,80
short,85,4,62.0,67.0,80
short,85,5,62.0,78.0,80
short,85,6,62.0,60.0,80
short,85,7,62.0,55.0,80
short,85,8,62.0,71.0,80
short,85,9,62.0,56.0,80
short,85,10,62.0,59.0,80
short,85,11,62.0,64.0,80
short,85,12,62.0,50.0,80
short,85,13,62.0,54.0,80
short,85,14,62.0,54.0,80
short,85,15,62.0,26.0,80
short,85,16,62.0,63.0,80
short,85,17,62.0,60.0,80
short,85,18,62.0,28.0,80
short,85,19,62.0,63.0,80
short,85,20,62.0,74.0,80
short,85,21,62.0,77.0,80
short,85,22,62.0,55.0,80
short,85,23,62.0,65.0,80
short,85,24,62.0,56.0,80
short,85,25,62.0,42.0,80
short,85,26,62.0,64.0,80
short,85,27,62.0,31.0,80
short,85,28,62.0,63.0,80
short,85,29,62.0,47.0,80
short,85,30,62.0,59.0,80
short,85,31,62.0,59.0,80
short,85,32,62.0,37.0,80
short,85,33,62.0,58.0,80
short,85,34,62.0,61.0,80
short,85,35,62.0,58.0,80
short,85,36,62.0,78.0,80
short,85,37,62.0,76.0,80
short,85,38,62.0,65.0,80
short,85,39,62.0,68.0,80
short,85,40,62.0,74.0,80
short,85,41,62.0,43.0,80
short,85,42,62.0,69.0,80
short,85,43,62.0,51.0,80
short,85,44,62.0,73.0,80
short,85,45,62.0,55.0,80
short,85,46,62.0,56.0,80
short,85,47,62.0,46.0,80
short,85,48,62.0,61.0,80
short,85,49,62.0,63.0,80
short,57,0,79.0,70.0,80
short,57,1,79.0,58.0,80
short,57,2,79.0,71.0,80
short,57,3,79.0,63.0,80
short,57,4,79.0,51.0,80
short,57,5,79.0,75.0,80
short,57,6,79.0,62.0,80
short,57,7,79.0,51.0,80
short,57,8,79.0,48.0,80
short,57,9,79.0,60.0,80
short,57,10,79.0,58.0,80
short,57,11,79.0,61.0,80
short,57,12,79.0,77.0,80
short,57,13,79.0,60.0,80
short,57,14,79.0,81.0,80
short,57,15,79.0,72.0,80
short,57,16,79.0,58.0,80
short,57,17,79.0,50.0,80
short,57,18,79.0,35.0,80
short,57,19,79.0,54.0,80
short,57,20,79.0,61.0,80
short,57,21,79.0,75.0,80
short,57,22,79.0,35.0,80
short,57,23,79.0,55.0,80
short,57,24,79.0,61.0,80
short,57,25,79.0,40.0,80
short,57,26,79.0,52.0,80
short,57,27,79.0,43.0,80
short,57,28,79.0,56.0,80
short,57,29,79.0,49.0,80
short,57,30,79.0,60.0,80
short,57,31,79.0,79.0,80
short,57,32,79.0,47.0,80
short,57,33,79.0,79.0,80
short,57,34,79.0,39.0,80
short,57,35,79.0,58.0,80
short,57,36,79.0,64.0,80
short,57,37,79.0,45.0,80
short,57,38,79.0,63.0,80
short,57,39,79.0,54.0,80
short,57,40,79.0,60.0,80
short,57,41,79.0,41.0,80
short,57,42,79.0,69.0,80
short,57,43,79.0,72.0,80
short,57,44,79.0,59.0,80
short,57,45,79.0,68.0,80
short,57,46,79.0,57.0,80
short,57,47,79.0,47.0,80
short,57,48,79.0,67.0,80
short,57,49,79.0,66.0,80
short,95,0,89.0,83.0,80
short,95,1,89.0,60.0,80
short,95,2,89.0,68.0,80
short,95,3,89.0,58.0,80
short,95,4,89.0,65.0,80
short,95,5,89.0,74.0,80
short,95,6,89.0,85.0,80
short,95,7,89.0,75.0,80
short,95,8,89.0,58.0,80
short,95,9,89.0,75.0,80
short,95,10,89.0,81.0,80
short,95,11,89.0,68.0,80
short,95,12,89.0,82.0,80
short,95,13,89.0,77.0,80
short,95,14,89.0,46.0,80
short,95,15,89.0,85.0,80
short,95,16,89.0,67.0,80
short,95,17,89.0,64.0,80
short,95,18,89.0,64.0,80
short,95,19,89.0,69.0,80
short,95,20,89.0,76.0,80
short,95,21,89.0,71.0,80
short,95,22,89.0,72.0,80
short,95,23,89.0,93.0,80
short,95,24,89.0,48.0,80
short,95,25,89.0,84.0,80
short,95,26,89.0,61.0,80
short,95,27,89.0,74.0,80
short,95,28,89.0,82.0,80
short,95,29,89.0,75.0,80
short,95,30,89.0,79.0,80
short,95,31,89.0,88.0,80
short,95,32,89.0,69.0,80
short,95,33,89.0,73.0,80
short,95,34,89.0,84.0,80
short,95,35,89.0,74.0,80
short,95,36,89.0,65.0,80
short,95,37,89.0,72.0,80
short,95,38,89.0,66.0,80
short,95,39,89.0,62.0,80
short,95,40,89.0,76.0,80
short,95,41,89.0,96.0,80
short,95,42,89.0,76.0,80
short,95,43,89.0,72.0,80
short,95,44,89.0,77.0,80
short,95,45,89.0,81.0,80
short,95,46,89.0,68.0,80
short,95,47,89.0,66.0,80
short,95,48,89.0,61.0,80
short,95,49,89.0,76.0,80
short,21,0,96.0,55.0,80
short,21,1,96.0,62.0,80
short,21,2,96.0,58.0,80
short,21,3,96.0,42.0,80
short,21,4,96.0,36.0,80
short,21,5,96.0,55.0,80
short,21,6,96.0,58.0,80
short,21,7,96.0,55.0,80
short,21,8,96.0,42.0,80
short,21,9,96.0,40.0,80
short,21,10,96.0,31.0,80
short,21,11,96.0,46.0,80
short,21,12,96.0,71.0,80
short,21,13,96.0,69.0,80
short,21,14,96.0,48.0,80
short,21,15,96.0,55.0,80
short,21,16,96.0,61.0,80
short,21,17,96.0,22.0,80
short,21,18,96.0,62.0,80
short,21,19,96.0,46.0,80
short,21,20,96.0,50.0,80
short,21,21,96.0,34.0,80
short,21,22,96.0,59.0,80
short,21,23,96.0,63.0,80
short,21,24,96.0,46.0,80
short,21,25,96.0,73.0,80
short,21,26,96.0,57.0,80
short,21,27,96.0,50.0,80
short,21,28,96.0,61.0,80
short,21,29,96.0,52.0,80
short,21,30,96.0,57.0,80
short,21,31,96.0,58.0,80
short,21,32,96.0,63.0,80
short,21,33,96.0,61.0,80
short,21,34,96.0,50.0,80
short,21,35,96.0,70.0,80
short,21,36,96.0,52.0,80
short,21,37,96.0,57.0,80
short,21,38,96.0,61.0,80
short,21,39,96.0,75.0,80
short,21,40,96.0,18.0,80
short,21,41,96.0,18.0,80
short,21,42,96.0,34.0,80
short,21,43,96.0,57.0,80
short,21,44,96.0,78.0,80
short,21,45,96.0,71.0,80
short,21,46,96.0,69.0,80
short,21,47,96.0,59.0,80
short,21,48,96.0,58.0,80
short,21,49,96.0,49.0,80
short,5,0,62.0,52.0,80
short,5,1,62.0,68.0,80
short,5,2,62.0,50.0,80
short,5,3,62.0,47.0,80
short,5,4,62.0,56.0,80
short,5,5,62.0,42.0,80
short,5,6,62.0,59.0,80
short,5,7,62.0,58.0,80
short,5,8,62.0,49.0,80
short,5,9,62.0,71.0,80
short,5,10,62.0,61.0,80
short,5,11,62.0,56.0,80
short,5,12,62.0,56.0,80
short,5,13,62.0,47.0,80
short,5,14,62.0,47.0,80
short,5,15,62.0,49.0,80
short,5,16,62.0,55.0,80
short,5,17,62.0,60.0,80
short,5,18,62.0,63.0,80
short,5,19,62.0,82.0,80
short,5,20,62.0,30.0,80
short,5,21,62.0,59.0,80
short,5,22,62.0,65.0,80
short,5,23,62.0,68.0,80
short,5,24,62.0,47.0,80
short,5,25,62.0,51.0,80
short,5,26,62.0,62.0,80
short,5,27,62.0,56.0,80
short,5,28,62.0,47.0,80
short,5,29,62.0,62.0,80
short,5,30,62.0,71.0,80
short,5,31,62.0,55.0,80
short,5,32,62.0,80.0,80
short,5,33,62.0,31.0,80
short,5,34,62.0,43.0,80
short,5,35,62.0,63.0,80
short,5,36,62.0,67.0,80
short,5,37,62.0,55.0,80
short,5,38,62.0,65.0,80
short,5,39,62.0,47.0,80
short,5,40,62.0,72.0,80
short,5,41,62.0,35.0,80
short,5,42,62.0,51.0,80
short,5,43,62.0,45.0,80
short,5,44,62.0,42.0,80
short,5,45,62.0,71.0,80
short,5,46,62.0,52.0,80
short,5,47,62.0,77.0,80
short,5,48,62.0,43.0,80
short,5,49,62.0,50.0,80
short,72,0,64.0,31.0,80
short,72,1,64.0,31.0,80
short,72,2,64.0,48.0,80
short,72,3,64.0,34.0,80
short,72,4,64.0,36.0,80
short,72,5,64.0,47.0,80
short,72,6,64.0,44.0,80
short,72,7,64.0,32.0,80
short,72,8,64.0,35.0,80
short,72,9,64.0,21.0,80
short,72,10,64.0,28.0,80
short,72,11,64.0,22.0,80
short,72,12,64.0,65.0,80
short,72,13,64.0,22.0,80
short,72,14,64.0,52.0,80
short,72,15,64.0,29.0,80
short,72,16,64.0,33.0,80
short,72,17,64.0,49.0,80
short,72,18,64.0,46.0,80
short,72,19,64.0,51.0,80
short,72,20,64.0,34.0,80
short,72,21,64.0,49.0,80
short,72,22,64.0,28.0,80
short,72,23,64.0,26.0,80
short,72,24,64.0,28.0,80
short,72,25,64.0,47.0,80
short,72,26,64.0,32.0,80
short,72,27,64.0,45.0,80
short,72,28,64.0,54.0,80
short,72,29,64.0,42.0,80
short,72,30,64.0,35.0,80
short,72,31,64.0,47.0,80
short,72,32,64.0,37.0,80
short,72,33,64.0,31.0,80
short,72,34,64.0,20.0,80
short,72,35,64.0,52.0,80
short,72,36,64.0,55.0,80
short,72,37,64.0,29.0,80
short,72,38,64.0,40.0,80
short,72,39,64.0,36.0,80
short,72,40,64.0,31.0,80
short,72,41,64.0,17.0,80
short,72,42,64.0,53.0,80
short,72,43,64.0,48.0,80
short,72,44,64.0,35.0,80
short,72,45,64.0,39.0,80
short,72,46,64.0,21.0,80
short,72,47,64.0,39.0,80
short,72,48,64.0,26.0,80
short,72,49,64.0,15.0,80
short,22,0,76.0,82.0,80
short,22,1,76.0,62.0,80
short,22,2,76.0,36.0,80
short,22,3,76.0,64.0,80
short,22,4,76.0,61.0,80
short,22,5,76.0,80.0,80
short,22,6,76.0,73.0,80
short,22,7,76.0,65.0,80
short,22,8,76.0,71.0,80
short,22,9,76.0,62.0,80
short,22,10,76.0,83.0,80
short,22,11,76.0,71.0,80
short,22,12,76.0,83.0,80
short,22,13,76.0,71.0,80
short,22,14,76.0,90.0,80
short,22,15,76.0,65.0,80
short,22,16,76.0,77.0,80
short,22,17,76.0,65.0,80
short,22,18,76.0,71.0,80
short,22,19,76.0,83.0,80
short,22,20,76.0,69.0,80
short,22,21,76.0,68.0,80
short,22,22,76.0,77.0,80
short,22,23,76.0,73.0,80
short,22,24,76.0,74.0,80
short,22,25,76.0,82.0,80
short,22,26,76.0,88.0,80
short,22,27,76.0,62.0,80
short,22,28,76.0,87.0,80
short,22,29,76.0,70.0,80
short,22,30,76.0,70.0,80
short,22,31,76.0,77.0,80
short,22,32,76.0,81.0,80
short,22,33,76.0,79.0,80
short,22,34,76.0,84.0,80
short,22,35,76.0,66.0,80
short,22,36,76.0,65.0,80
short,22,37,76.0,71.0,80
short,22,38,76.0,76.0,80
short,22,39,76.0,79.0,80
short,22,40,76.0,80.0,80
short,22,41,76.0,73.0,80
short,22,42,76.0,82.0,80
short,22,43,76.0,54.0,80
short,22,44,76.0,61.0,80
short,22,45,76.0,69.0,80
short,22,46,76.0,68.0,80
short,22,47,76.0,87.0,80
short,22,48,76.0,88.0,80
short,22,49,76.0,47.0,80
short,87,0,85.0,54.0,80
short,87,1,85.0,72.0,80
short,87,2,85.0,68.0,80
short,87,3,85.0,68.0,80
short,87,4,85.0,55.0,80
short,87,5,85.0,72.0,80
short,87,6,85.0,60.0,80
short,87,7,85.0,45.0,80
short,87,8,85.0,75.0,80
short,87,9,85.0,55.0,80
short,87,10,85.0,70.0,80
short,87,11,85.0,67.0,80
short,87,12,85.0,59.0,80
short,87,13,85.0,69.0,80
short,87,14,85.0,72.0,80
short,87,15,85.0,75.0,80
short,87,16,85.0,79.0,80
short,87,17,85.0,55.0,80
short,87,18,85.0,75.0,80
short,87,19,85.0,67.0,80
short,87,20,85.0,69.0,80
short,87,21,85.0,92.0,80
short,87,22,85.0,48.0,80
short,87,23,85.0,68.0,80
short,87,24,85.0,58.0,80
short,87,25,85.0,59.0,80
short,87,26,85.0,66.0,80
short,87,27,85.0,66.0,80
short,87,28,85.0,61.0,80
short,87,29,85.0,84.0,80
short,87,30,85.0,56.0,80
short,87,31,85.0,65.0,80
short,87,32,85.0,89.0,80
short,87,33,85.0,63.0,80
short,87,34,85.0,46.0,80
short,87,35,85.0,59.0,80
short,87,36,85.0,58.0,80
short,87,37,85.0,60.0,80
short,87,38,85.0,60.0,80
short,87,39,85.0,56.0,80
short,87,40,85.0,74.0,80
short,87,41,85.0,67.0,80
short,87,42,85.0,65.0,80
short,87,43,85.0,65.0,80
short,87,44,85.0,57.0,80
short,87,45,85.0,42.0,80
short,87,46,85.0,92.0,80
short,87,47,85.0,64.0,80
short,87,48,85.0,63.0,80
short,87,49,85.0,49.0,80
short,3,0,101.0,62.0,80
short,3,1,101.0,61.0,80
short,3,2,101.0,73.0,80
short,3,3,101.0,62.0,80
short,3,4,101.0,58.0,80
short,3,5,101.0,53.0,80
short,3,6,101.0,60.0,80
short,3,7,101.0,44.0,80
short,3,8,101.0,78.0,80
short,3,9,101.0,43.0,80
short,3,10,101.0,64.0,80
short,3,11,101.0,38.0,80
short,3,12,101.0,42.0,80
short,3,13,101.0,48.0,80
short,3,14,101.0,74.0,80
short,3,15,101.0,58.0,80
short,3,16,101.0,46.0,80
short,3,17,101.0,56.0,80
short,3,18,101.0,55.0,80
short,3,19,101.0,54.0,80
short,3,20,101.0,48.0,80
short,3,21,101.0,52.0,80
short,3,22,101.0,50.0,80
short,3,23,101.0,48.0,80
short,3,24,101.0,75.0,80
short,3,25,101.0,74.0,80
short,3,26,101.0,38.0,80
short,3,27,101.0,60.0,80
short,3,28,101.0,73.0,80
short,3,29,101.0,62.0,80
short,3,30,101.0,76.0,80
short,3,31,101.0,47.0,80
short,3,32,101.0,61.0,80
short,3,33,101.0,56.0,80
short,3,34,101.0,72.0,80
short,3,35,101.0,66.0,80
short,3,36,101.0,57.0,80
short,3,37,101.0,48.0,80
short,3,38,101.0,51.0,80
short,3,39,101.0,49.0,80
short,3,40,101.0,77.0,80
short,3,41,101.0,66.0,80
short,3,42,101.0,64.0,80
short,3,43,101.0,48.0,80
short,3,44,101.0,50.0,80
short,3,45,101.0,59.0,80
short,3,46,101.0,70.0,80
short,3,47,101.0,75.0,80
short,3,48,101.0,44.0,80
short,3,49,101.0,54.0,80
short,15,0,43.0,58.0,80
short,15,1,43.0,54.0,80
short,15,2,43.0,36.0,80
short,15,3,43.0,48.0,80
short,15,4,43.0,68.0,80
short,15,5,43.0,55.0,80
short,15,6,43.0,52.0,80
short,15,7,43.0,28.0,80
short,15,8,43.0,31.0,80
short,15,9,43.0,65.0,80
short,15,10,43.0,59.0,80
short,15,11,43.0,66.0,80
short,15,12,43.0,35.0,80
short,15,13,43.0,32.0,80
short,15,14,43.0,42.0,80
short,15,15,43.0,69.0,80
short,15,16,43.0,51.0,80
short,15,17,43.0,28.0,80
short,15,18,43.0,61.0,80
short,15,19,43.0,57.0,80
short,15,20,43.0,32.0,80
short,15,21,43.0,49.0,80
short,15,22,43.0,27.0,80
short,15,23,43.0,48.0,80
short,15,24,43.0,39.0,80
short,15,25,43.0,83.0,80
short,15,26,43.0,59.0,80
short,15,27,43.0,54.0,80
short,15,28,43.0,56.0,80
short,15,29,43.0,51.0,80
short,15,30,43.0,54.0,80
short,15,31,43.0,29.0,80
short,15,32,43.0,38.0,80
short,15,33,43.0,25.0,80
short,15,34,43.0,60.0,80
short,15,35,43.0,67.0,80
short,15,36,43.0,51.0,80
short,15,37,43.0,62.0,80
short,15,38,43.0,51.0,80
short,15,39,43.0,38.0,80
short,15,40,43.0,59.0,80
short,15,41,43.0,50.0,80
short,15,42,43.0,70.0,80
short,15,43,43.0,68.0,80
short,15,44,43.0,69.0,80
short,15,45,43.0,50.0,80
short,15,46,43.0,32.0,80
short,15,47,43.0,61.0,80
short,15,48,43.0,49.0,80
short,15,49,43.0,65.0,80
short,60,0,75.0,63.0,80
short,60,1,75.0,78.0,80
short,60,2,75.0,72.0,80
short,60,3,75.0,95.0,80
short,60,4,75.0,94.0,80
short,60,5,75.0,84.0,80
short,60,6,75.0,83.0,80
short,60,7,75.0,64.0,80
short,60,8,75.0,72.0,80
short,60,9,75.0,88.0,80
short,60,10,75.0,72.0,80
short,60,11,75.0,54.0,80
short,60,12,75.0,89.0,80
short,60,13,75.0,88.0,80
short,60,14,75.0,65.0,80
short,60,15,75.0,85.0,80
short,60,16,75.0,85.0,80
short,60,17,75.0,81.0,80
short,60,18,75.0,85.0,80
short,60,19,75.0,66.0,80
short,60,20,75.0,86.0,80
short,60,21,75.0,98.0,80
short,60,22,75.0,66.0,80
short,60,23,75.0,77.0,80
short,60,24,75.0,88.0,80
short,60,25,75.0,75.0,80
short,60,26,75.0,100.0,80
short,60,27,75.0,72.0,80
short,60,28,75.0,69.0,80
short,60,29,75.0,77.0,80
short,60,30,75.0,80.0,80
short,60,31,75.0,86.0,80
short,60,32,75.0,68.0,80
short,60,33,75.0,83.0,80
short,60,34,75.0,97.0,80
short,60,35,75.0,80.0,80
short,60,36,75.0,69.0,80
short,60,37,75.0,63.0,80
short,60,38,75.0,86.0,80
short,60,39,75.0,87.0,80
short,60,40,75.0,79.0,80
short,60,41,75.0,87.0,80
short,60,42,75.0,103.0,80
short,60,43,75.0,91.0,80
short,60,44,75.0,80.0,80
short,60,45,75.0,62.0,80
short,60,46,75.0,83.0,80
short,60,47,75.0,83.0,80
short,60,48,75.0,79.0,80
short,60,49,75.0,84.0,80
short,16,0,70.0,47.0,80
short,16,1,70.0,59.0,80
short,16,2,70.0,55.0,80
short,16,3,70.0,26.0,80
short,16,4,70.0,82.0,80
short,16,5,70.0,56.0,80
short,16,6,70.0,54.0,80
short,16,7,70.0,28.0,80
short,16,8,70.0,51.0,80
short,16,9,70.0,46.0,80
short,16,10,70.0,39.0,80
short,16,11,70.0,67.0,80
short,16,12,70.0,54.0,80
short,16,13,70.0,57.0,80
short,16,14,70.0,54.0,80
short,16,15,70.0,52.0,80
short,16,16,70.0,59.0,80
short,16,17,70.0,70.0,80
short,16,18,70.0,59.0,80
short,16,19,70.0,52.0,80
short,16,20,70.0,38.0,80
short,16,21,70.0,32.0,80
short,16,22,70.0,56.0,80
short,16,23,70.0,53.0,80
short,16,24,70.0,43.0,80
short,16,25,70.0,46.0,80
short,16,26,70.0,35.0,80
short,16,27,70.0,35.0,80
short,16,28,70.0,50.0,80
short,16,29,70.0,81.0,80
short,16,30,70.0,65.0,80
short,16,31,70.0,51.0,80
short,16,32,70.0,49.0,80
short,16,33,70.0,82.0,80
short,16,34,70.0,33.0,80
short,16,35,70.0,44.0,80
short,16,36,70.0,56.0,80
short,16,37,70.0,27.0,80
short,16,38,70.0,56.0,80
short,16,39,70.0,34.0,80
short,16,40,70.0,25.0,80
short,16,41,70.0,28.0,80
short,16,42,70.0,58.0,80
short,16,43,70.0,84.0,80
short,16,44,70.0,34.0,80
short,16,45,70.0,18.0,80
short,16,46,70.0,79.0,80
short,16,47,70.0,38.0,80
short,16,48,70.0,25.0,80
short,16,49,70.0,66.0,80
short,11,0,88.0,63.0,80
short,11,1,88.0,72.0,80
short,11,2,88.0,55.0,80
short,11,3,88.0,75.0,80
short,11,4,88.0,71.0,80
short,11,5,88.0,66.0,80
short,11,6,88.0,72.0,80
short,11,7,88.0,56.0,80
short,11,8,88.0,61.0,80
short,11,9,88.0,78.0,80
short,11,10,88.0,72.0,80
short,11,11,88.0,80.0,80
short,11,12,88.0,76.0,80
short,11,13,88.0,64.0,80
short,11,14,88.0,62.0,80
short,11,15,88.0,72.0,80
short,11,16,88.0,58.0,80
short,11,17,88.0,60.0,80
short,11,18,88.0,54.0,80
short,11,19,88.0,72.0,80
short,11,20,88.0,60.0,80
short,11,21,88.0,63.0,80
short,11,22,88.0,74.0,80
short,11,23,88.0,73.0,80
short,11,24,88.0,63.0,80
short,11,25,88.0,76.0,80
short,11,26,88.0,86.0,80
short,11,27,88.0,61.0,80
short,11,28,88.0,69.0,80
short,11,29,88.0,77.0,80
short,11,30,88.0,73.0,80
short,11,31,88.0,85.0,80
short,11,32,88.0,76.0,80
short,11,33,88.0,60.0,80
short,11,34,88.0,70.0,80
short,11,35,88.0,66.0,80
short,11,36,88.0,76.0,80
short,11,37,88.0,66.0,80
short,11,38,88.0,66.0,80
short,11,39,88.0,54.0,80
short,11,40,88.0,70.0,80
short,11,41,88.0,59.0,80
short,11,42,88.0,84.0,80
short,11,43,88.0,57.0,80
short,11,44,88.0,71.0,80
short,11,45,88.0,54.0,80
short,11,46,88.0,81.0,80
short,11,47,88.0,62.0,80
short,11,48,88.0,79.0,80
short,11,49,88.0,80.0,80
short,83,0,66.0,76.0,80
short,83,1,66.0,89.0,80
short,83,2,66.0,61.0,80
short,83,3,66.0,92.0,80
short,83,4,66.0,79.0,80
short,83,5,66.0,76.0,80
short,83,6,66.0,56.0,80
short,83,7,66.0,81.0,80
short,83,8,66.0,87.0,80
short,83,9,66.0,73.0,80
short,83,10,66.0,71.0,80
short,83,11,66.0,60.0,80
short,83,12,66.0,67.0,80
short,83,13,66.0,65.0,80
short,83,14,66.0,37.0,80
short,83,15,66.0,73.0,80
short,83,16,66.0,71.0,80
short,83,17,66.0,56.0,80
short,83,18,66.0,66.0,80
short,83,19,66.0,86.0,80
short,83,20,66.0,72.0,80
short,83,21,66.0,57.0,80
short,83,22,66.0,84.0,80
short,83,23,66.0,65.0,80
short,83,24,66.0,68.0,80
short,83,25,66.0,84.0,80
short,83,26,66.0,80.0,80
short,83,27,66.0,68.0,80
short,83,28,66.0,74.0,80
short,83,29,66.0,91.0,80
short,83,30,66.0,62.0,80
short,83,31,66.0,70.0,80
short,83,32,66.0,68.0,80
short,83,33,66.0,78.0,80
short,83,34,66.0,65.0,80
short,83,35,66.0,84.0,80
short,83,36,66.0,84.0,80
short,83,37,66.0,78.0,80
short,83,38,66.0,67.0,80
short,83,39,66.0,72.0,80
short,83,40,66.0,47.0,80
short,83,41,66.0,65.0,80
short,83,42,66.0,78.0,80
short,83,43,66.0,58.0,80
short,83,44,66.0,64.0,80
short,83,45,66.0,62.0,80
short,83,46,66.0,58.0,80
short,83,47,66.0,69.0,80
short,83,48,66.0,70.0,80
short,83,49,66.0,71.0,80
short,66,0,74.0,71.0,80
short,66,1,74.0,83.0,80
short,66,2,74.0,41.0,80
short,66,3,74.0,73.0,80
short,66,4,74.0,70.0,80
short,66,5,74.0,63.0,80
short,66,6,74.0,52.0,80
short,66,7,74.0,97.0,80
short,66,8,74.0,77.0,80
short,66,9,74.0,54.0,80
short,66,10,74.0,62.0,80
short,66,11,74.0,52.0,80
short,66,12,74.0,68.0,80
short,66,13,74.0,63.0,80
short,66,14,74.0,89.0,80
short,66,15,74.0,51.0,80
short,66,16,74.0,67.0,80
short,66,17,74.0,95.0,80
short,66,18,74.0,68.0,80
short,66,19,74.0,79.0,80
short,66,20,74.0,54.0,80
short,66,21,74.0,71.0,80
short,66,22,74.0,81.0,80
short,66,23,74.0,64.0,80
short,66,24,74.0,70.0,80
short,66,25,74.0,53.0,80
short,66,26,74.0,59.0,80
short,66,27,74.0,48.0,80
short,66,28,74.0,66.0,80
short,66,29,74.0,40.0,80
short,66,30,74.0,67.0,80
short,66,31,74.0,68.0,80
short,66,32,74.0,72.0,80
short,66,33,74.0,47.0,80
short,66,34,74.0,85.0,80
short,66,35,74.0,74.0,80
short,66,36,74.0,89.0,80
short,66,37,74.0,49.0,80
short,66,38,74.0,61.0,80
short,66,39,74.0,57.0,80
short,66,40,74.0,74.0,80
short,66,41,74.0,51.0,80
short,66,42,74.0,78.0,80
short,66,43,74.0,71.0,80
short,66,44,74.0,76.0,80
short,66,45,74.0,90.0,80
short,66,46,74.0,66.0,80
short,66,47,74.0,62.0,80
short,66,48,74.0,68.0,80
short,66,49,74.0,78.0,80
short,25,0,74.0,82.0,80
short,25,1,74.0,55.0,80
short,25,2,74.0,51.0,80
short,25,3,74.0,77.0,80
short,25,4,74.0,80.0,80
short,25,5,74.0,79.0,80
short,25,6,74.0,66.0,80
short,25,7,74.0,70.0,80
short,25,8,74.0,45.0,80
short,25,9,74.0,78.0,80
short,25,10,74.0,70.0,80
short,25,11,74.0,61.0,80
short,25,12,74.0,90.0,80
short,25,13,74.0,70.0,80
short,25,14,74.0,82.0,80
short,25,15,74.0,77.0,80
short,25,16,74.0,101.0,80
short,25,17,74.0,75.0,80
short,25,18,74.0,62.0,80
short,25,19,74.0,75.0,80
short,25,20,74.0,82.0,80
short,25,21,74.0,82.0,80
short,25,22,74.0,50.0,80
short,25,23,74.0,64.0,80
short,25,24,74.0,70.0,80
short,25,25,74.0,88.0,80
short,25,26,74.0,62.0,80
short,25,27,74.0,82.0,80
short,25,28,74.0,72.0,80
short,25,29,74.0,74.0,80
short,25,30,74.0,67.0,80
short,25,31,74.0,62.0,80
short,25,32,74.0,91.0,80
short,25,33,74.0,59.0,80
short,25,34,74.0,70.0,80
short,25,35,74.0,92.0,80
short,25,36,74.0,71.0,80
short,25,37,74.0,68.0,80
short,25,38,74.0,61.0,80
short,25,39,74.0,70.0,80
short,25,40,74.0,45.0,80
short,25,41,74.0,77.0,80
short,25,42,74.0,66.0,80
short,25,43,74.0,74.0,80
short,25,44,74.0,71.0,80
short,25,45,74.0,73.0,80
short,25,46,74.0,50.0,80
short,25,47,74.0,77.0,80
short,25,48,74.0,75.0,80
short,25,49,74.0,74.0,80
short,2,0,79.0,62.0,80
short,2,1,79.0,64.0,80
short,2,2,79.0,83.0,80
short,2,3,79.0,58.0,80
short,2,4,79.0,69.0,80
short,2,5,79.0,57.0,80
short,2,6,79.0,64.0,80
short,2,7,79.0,74.0,80
short,2,8,79.0,67.0,80
short,2,9,79.0,57.0,80
short,2,10,79.0,66.0,80
short,2,11,79.0,65.0,80
short,2,12,79.0,44.0,80
short,2,13,79.0,61.0,80
short,2,14,79.0,40.0,80
short,2,15,79.0,65.0,80
short,2,16,79.0,64.0,80
short,2,17,79.0,61.0,80
short,2,18,79.0,85.0,80
short,2,19,79.0,61.0,80
short,2,20,79.0,70.0,80
short,2,21,79.0,80.0,80
short,2,22,79.0,68.0,80
short,2,23,79.0,89.0,80
short,2,24,79.0,84.0,80
short,2,25,79.0,79.0,80
short,2,26,79.0,64.0,80
short,2,27,79.0,62.0,80
short,2,28,79.0,66.0,80
short,2,29,79.0,73.0,80
short,2,30,79.0,72.0,80
short,2,31,79.0,53.0,80
short,2,32,79.0,76.0,80
short,2,33,79.0,65.0,80
short,2,34,79.0,66.0,80
short,2,35,79.0,60.0,80
short,2,36,79.0,55.0,80
short,2,37,79.0,57.0,80
short,2,38,79.0,89.0,80
short,2,39,79.0,86.0,80
short,2,40,79.0,82.0,80
short,2,41,79.0,62.0,80
short,2,42,79.0,67.0,80
short,2,43,79.0,76.0,80
short,2,44,79.0,46.0,80
short,2,45,79.0,48.0,80
short,2,46,79.0,64.0,80
short,2,47,79.0,64.0,80
short,2,48,79.0,53.0,80
short,2,49,79.0,67.0,80
short,91,0,62.0,100.0,80
short,91,1,62.0,92.0,80
short,91,2,62.0,73.0,80
short,91,3,62.0,69.0,80
short,91,4,62.0,56.0,80
short,91,5,62.0,51.0,80
short,91,6,62.0,79.0,80
short,91,7,62.0,59.0,80
short,91,8,62.0,75.0,80
short,91,9,62.0,39.0,80
short,91,10,62.0,68.0,80
short,91,11,62.0,53.0,80
short,91,12,62.0,81.0,80
short,91,13,62.0,76.0,80
short,91,14,62.0,70.0,80
short,91,15,62.0,81.0,80
short,91,16,62.0,56.0,80
short,91,17,62.0,80.0,80
short,91,18,62.0,65.0,80
short,91,19,62.0,56.0,80
short,91,20,62.0,79.0,80
short,91,21,62.0,53.0,80
short,91,22,62.0,53.0,80
short,91,23,62.0,56.0,80
short,91,24,62.0,65.0,80
short,91,25,62.0,77.0,80
short,91,26,62.0,62.0,80
short,91,27,62.0,69.0,80
short,91,28,62.0,80.0,80
short,91,29,62.0,65.0,80
short,91,30,62.0,89.0,80
short,91,31,62.0,69.0,80
short,91,32,62.0,64.0,80
short,91,33,62.0,64.0,80
short,91,34,62.0,73.0,80
short,91,35,62.0,87.0,80
short,91,36,62.0,58.0,80
short,91,37,62.0,45.0,80
short,91,38,62.0,93.0,80
short,91,39,62.0,79.0,80
short,91,40,62.0,73.0,80
short,91,41,62.0,90.0,80
short,91,42,62.0,65.0,80
short,91,43,62.0,59.0,80
short,91,44,62.0,54.0,80
short,91,45,62.0,70.0,80
short,91,46,62.0,61.0,80
short,91,47,62.0,75.0,80
short,91,48,62.0,68.0,80
short,91,49,62.0,81.0,80
short,19,0,57.0,53.0,80
short,19,1,57.0,51.0,80
short,19,2,57.0,75.0,80
short,19,3,57.0,50.0,80
short,19,4,57.0,75.0,80
short,19,5,57.0,83.0,80
short,19,6,57.0,38.0,80
short,19,7,57.0,71.0,80
short,19,8,57.0,44.0,80
short,19,9,57.0,59.0,80
short,19,10,57.0,60.0,80
short,19,11,57.0,52.0,80
short,19,12,57.0,58.0,80
short,19,13,57.0,38.0,80
short,19,14,57.0,52.0,80
short,19,15,57.0,69.0,80
short,19,16,57.0,58.0,80
short,19,17,57.0,67.0,80
short,19,18,57.0,58.0,80
short,19,19,57.0,67.0,80
short,19,20,57.0,45.0,80
short,19,21,57.0,57.0,80
short,19,22,57.0,57.0,80
short,19,23,57.0,67.0,80
short,19,24,57.0,63.0,80
short,19,25,57.0,52.0,80
short,19,26,57.0,72.0,80
short,19,27,57.0,60.0,80
short,19,28,57.0,63.0,80
short,19,29,57.0,65.0,80
short,19,30,57.0,50.0,80
short,19,31,57.0,50.0,80
short,19,32,57.0,48.0,80
short,19,33,57.0,61.0,80
short,19,34,57.0,72.0,80
short,19,35,57.0,65.0,80
short,19,36,57.0,45.0,80
short,19,37,57.0,59.0,80
short,19,38,57.0,46.0,80
short,19,39,57.0,51.0,80
short,19,40,57.0,67.0,80
short,19,41,57.0,48.0,80
short,19,42,57.0,47.0,80
short,19,43,57.0,72.0,80
short,19,44,57.0,61.0,80
short,19,45,57.0,56.0,80
short,19,46,57.0,65.0,80
short,19,47,57.0,62.0,80
short,19,48,57.0,46.0,80
short,19,49,57.0,60.0,80
short,90,0,81.0,53.0,80
short,90,1,81.0,50.0,80
short,90,2,81.0,47.0,80
short,90,3,81.0,62.0,80
short,90,4,81.0,29.0,80
short,90,5,81.0,43.0,80
short,90,6,81.0,44.0,80
short,90,7,81.0,46.0,80
short,90,8,81.0,38.0,80
short,90,9,81.0,35.0,80
short,90,10,81.0,50.0,80
short,90,11,81.0,51.0,80
short,90,12,81.0,51.0,80
short,90,13,81.0,78.0,80
short,90,14,81.0,51.0,80
short,90,15,81.0,52.0,80
short,90,16,81.0,42.0,80
short,90,17,81.0,41.0,80
short,90,18,81.0,38.0,80
short,90,19,81.0,59.0,80
short,90,20,81.0,35.0,80
short,90,21,81.0,53.0,80
short,90,22,81.0,40.0,80
short,90,23,81.0,46.0,80
short,90,24,81.0,52.0,80
short,90,25,81.0,55.0,80
short,90,26,81.0,69.0,80
short,90,27,81.0,57.0,80
short,90,28,81.0,52.0,80
short,90,29,81.0,33.0,80
short,90,30,81.0,31.0,80
short,90,31,81.0,47.0,80
short,90,32,81.0,42.0,80
short,90,33,81.0,49.0,80
short,90,34,81.0,63.0,80
short,90,35,81.0,68.0,80
short,90,36,81.0,52.0,80
short,90,37,81.0,69.0,80
short,90,38,81.0,52.0,80
short,90,39,81.0,71.0,80
short,90,40,81.0,50.0,80
short,90,41,81.0,59.0,80
short,90,42,81.0,35.0,80
short,90,43,81.0,52.0,80
short,90,44,81.0,61.0,80
short,90,45,81.0,54.0,80
short,90,46,81.0,50.0,80
short,90,47,81.0,42.0,80
short,90,48,81.0,70.0,80
short,90,49,81.0,46.0,80
short,69,0,72.0,73.0,80
short,69,1,72.0,82.0,80
short,69,2,72.0,75.0,80
short,69,3,72.0,64.0,80
short,69,4,72.0,53.0,80
short,69,5,72.0,73.0,80
short,69,6,72.0,56.0,80
short,69,7,72.0,47.0,80
short,69,8,72.0,70.0,80
short,69,9,72.0,87.0,80
short,69,10,72.0,79.0,80
short,69,11,72.0,61.0,80
short,69,12,72.0,64.0,80
short,69,13,72.0,63.0,80
short,69,14,72.0,71.0,80
short,69,15,72.0,68.0,80
short,69,16,72.0,72.0,80
short,69,17,72.0,56.0,80
short,69,18,72.0,61.0,80
short,69,19,72.0,72.0,80
short,69,20,72.0,49.0,80
short,69,21,72.0,66.0,80
short,69,22,72.0,66.0,80
short,69,23,72.0,64.0,80
short,69,24,72.0,58.0,80
short,69,25,72.0,74.0,80
short,69,26,72.0,86.0,80
short,69,27,72.0,61.0,80
short,69,28,72.0,47.0,80
short,69,29,72.0,46.0,80
short,69,30,72.0,65.0,80
short,69,31,72.0,74.0,80
short,69,32,72.0,62.0,80
short,69,33,72.0,50.0,80
short,69,34,72.0,69.0,80
short,69,35,72.0,37.0,80
short,69,36,72.0,50.0,80
short,69,37,72.0,69.0,80
short,69,38,72.0,55.0,80
short,69,39,72.0,74.0,80
short,69,40,72.0,90.0,80
short,69,41,72.0,60.0,80
short,69,42,72.0,74.0,80
short,69,43,72.0,74.0,80
short,69,44,72.0,83.0,80
short,69,45,72.0,73.0,80
short,69,46,72.0,73.0,80
short,69,47,72.0,55.0,80
short,69,48,72.0,61.0,80
short,69,49,72.0,69.0,80
short,31,0,67.0,78.0,80
short,31,1,67.0,73.0,80
short,31,2,67.0,56.0,80
short,31,3,67.0,50.0,80
short,31,4,67.0,46.0,80
short,31,5,67.0,64.0,80
short,31,6,67.0,81.0,80
short,31,7,67.0,47.0,80
short,31,8,67.0,81.0,80
short,31,9,67.0,58.0,80
short,31,10,67.0,80.0,80
short,31,11,67.0,70.0,80
short,31,12,67.0,69.0,80
short,31,13,67.0,62.0,80
short,31,14,67.0,70.0,80
short,31,15,67.0,75.0,80
short,31,16,67.0,97.0,80
short,31,17,67.0,77.0,80
short,31,18,67.0,66.0,80
short,31,19,67.0,70.0,80
short,31,20,67.0,46.0,80
short,31,21,67.0,53.0,80
short,31,22,67.0,69.0,80
short,31,23,67.0,65.0,80
short,31,24,67.0,65.0,80
short,31,25,67.0,61.0,80
short,31,26,67.0,48.0,80
short,31,27,67.0,53.0,80
short,31,28,67.0,71.0,80
short,31,29,67.0,64.0,80
short,31,30,67.0,58.0,80
short,31,31,67.0,76.0,80
short,31,32,67.0,72.0,80
short,31,33,67.0,73.0,80
short,31,34,67.0,65.0,80
short,31,35,67.0,73.0,80
short,31,36,67.0,84.0,80
short,31,37,67.0,55.0,80
short,31,38,67.0,65.0,80
short,31,39,67.0,37.0,80
short,31,40,67.0,60.0,80
short,31,41,67.0,59.0,80
short,31,42,67.0,69.0,80
short,31,43,67.0,70.0,80
short,31,44,67.0,90.0,80
short,31,45,67.0,71.0,80
short,31,46,67.0,62.0,80
short,31,47,67.0,64.0,80
short,31,48,67.0,71.0,80
short,31,49,67.0,71.0,80
short,6,0,70.0,82.0,80
short,6,1,70.0,73.0,80
short,6,2,70.0,80.0,80
short,6,3,70.0,73.0,80
short,6,4,70.0,42.0,80
short,6,5,70.0,57.0,80
short,6,6,70.0,71.0,80
short,6,7,70.0,68.0,80
short,6,8,70.0,53.0,80
short,6,9,70.0,79.0,80
short,6,10,70.0,50.0,80
short,6,11,70.0,77.0,80
short,6,12,70.0,72.0,80
short,6,13,70.0,55.0,80
short,6,14,70.0,63.0,80
short,6,15,70.0,73.0,80
short,6,16,70.0,57.0,80
short,6,17,70.0,67.0,80
short,6,18,70.0,65.0,80
short,6,19,70.0,62.0,80
short,6,20,70.0,80.0,80
short,6,21,70.0,73.0,80
short,6,22,70.0,79.0,80
short,6,23,70.0,60.0,80
short,6,24,70.0,81.0,80
short,6,25,70.0,71.0,80
short,6,26,70.0,85.0,80
short,6,27,70.0,75.0,80
short,6,28,70.0,81.0,80
short,6,29,70.0,69.0,80
short,6,30,70.0,70.0,80
short,6,31,70.0,75.0,80
short,6,32,70.0,67.0,80
short,6,33,70.0,60.0,80
short,6,34,70.0,85.0,80
short,6,35,70.0,70.0,80
short,6,36,70.0,70.0,80
short,6,37,70.0,65.0,80
short,6,38,70.0,86.0,80
short,6,39,70.0,83.0,80
short,6,40,70.0,62.0,80
short,6,41,70.0,79.0,80
short,6,42,70.0,79.0,80
short,6,43,70.0,59.0,80
short,6,44,70.0,93.0,80
short,6,45,70.0,47.0,80
short,6,46,70.0,67.0,80
short,6,47,70.0,58.0,80
short,6,48,70.0,71.0,80
short,6,49,70.0,71.0,80
short,62,0,98.0,64.0,80
short,62,1,98.0,71.0,80
short,62,2,98.0,66.0,80
short,62,3,98.0,73.0,80
short,62,4,98.0,63.0,80
short,62,5,98.0,55.0,80
short,62,6,98.0,78.0,80
short,62,7,98.0,74.0,80
short,62,8,98.0,61.0,80
short,62,9,98.0,52.0,80
short,62,10,98.0,66.0,80
short,62,11,98.0,70.0,80
short,62,12,98.0,90.0,80
short,62,13,98.0,74.0,80
short,62,14,98.0,79.0,80
short,62,15,98.0,53.0,80
short,62,16,98.0,65.0,80
short,62,17,98.0,61.0,80
short,62,18,98.0,67.0,80
short,62,19,98.0,92.0,80
short,62,20,98.0,73.0,80
short,62,21,98.0,64.0,80
short,62,22,98.0,64.0,80
short,62,23,98.0,64.0,80
short,62,24,98.0,69.0,80
short,62,25,98.0,81.0,80
short,62,26,98.0,69.0,80
short,62,27,98.0,86.0,80
short,62,28,98.0,71.0,80
short,62,29,98.0,73.0,80
short,62,30,98.0,67.0,80
short,62,31,98.0,72.0,80
short,62,32,98.0,59.0,80
short,62,33,98.0,78.0,80
short,62,34,98.0,69.0,80
short,62,35,98.0,74.0,80
short,62,36,98.0,49.0,80
short,62,37,98.0,70.0,80
short,62,38,98.0,77.0,80
short,62,39,98.0,55.0,80
short,62,40,98.0,96.0,80
short,62,41,98.0,52.0,80
short,62,42,98.0,97.0,80
short,62,43,98.0,79.0,80
short,62,44,98.0,67.0,80
short,62,45,98.0,76.0,80
short,62,46,98.0,85.0,80
short,62,47,98.0,67.0,80
short,62,48,98.0,55.0,80
short,62,49,98.0,55.0,80
short,59,0,49.0,41.0,80
short,59,1,49.0,22.0,80
short,59,2,49.0,55.0,80
short,59,3,49.0,36.0,80
short,59,4,49.0,38.0,80
short,59,5,49.0,58.0,80
short,59,6,49.0,36.0,80
short,59,7,49.0,52.0,80
short,59,8,49.0,23.0,80
short,59,9,49.0,52.0,80
short,59,10,49.0,48.0,80
short,59,11,49.0,71.0,80
short,59,12,49.0,46.0,80
short,59,13,49.0,30.0,80
short,59,14,49.0,43.0,80
short,59,15,49.0,27.0,80
short,59,16,49.0,20.0,80
short,59,17,49.0,48.0,80
short,59,18,49.0,53.0,80
short,59,19,49.0,68.0,80
short,59,20,49.0,42.0,80
short,59,21,49.0,36.0,80
short,59,22,49.0,29.0,80
short,59,23,49.0,34.0,80
short,59,24,49.0,53.0,80
short,59,25,49.0,50.0,80
short,59,26,49.0,43.0,80
short,59,27,49.0,37.0,80
short,59,28,49.0,52.0,80
short,59,29,49.0,63.0,80
short,59,30,49.0,32.0,80
short,59,31,49.0,36.0,80
short,59,32,49.0,62.0,80
short,59,33,49.0,35.0,80
short,59,34,49.0,65.0,80
short,59,35,49.0,35.0,80
short,59,36,49.0,39.0,80
short,59,37,49.0,61.0,80
short,59,38,49.0,34.0,80
short,59,39,49.0,64.0,80
short,59,40,49.0,37.0,80
short,59,41,49.0,35.0,80
short,59,42,49.0,52.0,80
short,59,43,49.0,64.0,80
short,59,44,49.0,55.0,80
short,59,45,49.0,24.0,80
short,59,46,49.0,48.0,80
short,59,47,49.0,17.0,80
short,59,48,49.0,51.0,80
short,59,49,49.0,45.0,80
short,36,0,70.0,58.0,80
short,36,1,70.0,65.0,80
short,36,2,70.0,81.0,80
short,36,3,70.0,65.0,80
short,36,4,70.0,70.0,80
short,36,5,70.0,72.0,80
short,36,6,70.0,62.0,80
short,36,7,70.0,84.0,80
short,36,8,70.0,73.0,80
short,36,9,70.0,70.0,80
short,36,10,70.0,65.0,80
short,36,11,70.0,74.0,80
short,36,12,70.0,66.0,80
short,36,13,70.0,67.0,80
short,36,14,70.0,91.0,80
short,36,15,70.0,52.0,80
short,36,16,70.0,67.0,80
short,36,17,70.0,71.0,80
short,36,18,70.0,69.0,80
short,36,19,70.0,70.0,80
short,36,20,70.0,75.0,80
short,36,21,70.0,59.0,80
short,36,22,70.0,56.0,80
short,36,23,70.0,93.0,80
short,36,24,70.0,60.0,80
short,36,25,70.0,77.0,80
short,36,26,70.0,82.0,80
short,36,27,70.0,56.0,80
short,36,28,70.0,76.0,80
short,36,29,70.0,78.0,80
short,36,30,70.0,69.0,80
short,36,31,70.0,67.0,80
short,36,32,70.0,84.0,80
short,36,33,70.0,84.0,80
short,36,34,70.0,60.0,80
short,36,35,70.0,69.0,80
short,36,36,70.0,69.0,80
short,36,37,70.0,69.0,80
short,36,38,70.0,77.0,80
short,36,39,70.0,72.0,80
short,36,40,70.0,58.0,80
short,36,41,70.0,81.0,80
short,36,42,70.0,50.0,80
short,36,43,70.0,57.0,80
short,36,44,70.0,81.0,80
short,36,45,70.0,67.0,80
short,36,46,70.0,66.0,80
short,36,47,70.0,73.0,80
short,36,48,70.0,71.0,80
short,36,49,70.0,71.0,80
short,94,0,70.0,73.0,80
short,94,1,70.0,76.0,80
short,94,2,70.0,77.0,80
short,94,3,70.0,60.0,80
short,94,4,70.0,52.0,80
short,94,5,70.0,76.0,80
short,94,6,70.0,78.0,80
short,94,7,70.0,68.0,80
short,94,8,70.0,60.0,80
short,94,9,70.0,59.0,80
short,94,10,70.0,93.0,80
short,94,11,70.0,68.0,80
short,94,12,70.0,74.0,80
short,94,13,70.0,88.0,80
short,94,14,70.0,79.0,80
short,94,15,70.0,80.0,80
short,94,16,70.0,39.0,80
short,94,17,70.0,89.0,80
short,94,18,70.0,72.0,80
short,94,19,70.0,78.0,80
short,94,20,70.0,80.0,80
short,94,21,70.0,81.0,80
short,94,22,70.0,77.0,80
short,94,23,70.0,65.0,80
short,94,24,70.0,59.0,80
short,94,25,70.0,77.0,80
short,94,26,70.0,81.0,80
short,94,27,70.0,58.0,80
short,94,28,70.0,69.0,80
short,94,29,70.0,79.0,80
short,94,30,70.0,62.0,80
short,94,31,70.0,65.0,80
short,94,32,70.0,55.0,80
short,94,33,70.0,70.0,80
short,94,34,70.0,79.0,80
short,94,35,70.0,63.0,80
short,94,36,70.0,83.0,80
short,94,37,70.0,76.0,80
short,94,38,70.0,79.0,80
short,94,39,70.0,62.0,80
short,94,40,70.0,69.0,80
short,94,41,70.0,73.0,80
short,94,42,70.0,80.0,80
short,94,43,70.0,97.0,80
short,94,44,70.0,66.0,80
short,94,45,70.0,91.0,80
short,94,46,70.0,50.0,80
short,94,47,70.0,91.0,80
short,94,48,70.0,77.0,80
short,94,49,70.0,73.0,80
short,102,0,78.0,52.0,80
short,102,1,78.0,69.0,80
short,102,2,78.0,58.0,80
short,102,3,78.0,70.0,80
short,102,4,78.0,75.0,80
short,102,5,78.0,50.0,80
short,102,6,78.0,75.0,80
short,102,7,78.0,66.0,80
short,102,8,78.0,76.0,80
short,102,9,78.0,67.0,80
short,102,10,78.0,83.0,80
short,102,11,78.0,57.0,80
short,102,12,78.0,67.0,80
short,102,13,78.0,56.0,80
short,102,14,78.0,82.0,80
short,102,15,78.0,63.0,80
short,102,16,78.0,41.0,80
short,102,17,78.0,52.0,80
short,102,18,78.0,93.0,80
short,102,19,78.0,53.0,80
short,102,20,78.0,58.0,80
short,102,21,78.0,58.0,80
short,102,22,78.0,77.0,80
short,102,23,78.0,58.0,80
short,102,24,78.0,70.0,80
short,102,25,78.0,87.0,80
short,102,26,78.0,38.0,80
short,102,27,78.0,72.0,80
short,102,28,78.0,62.0,80
short,102,29,78.0,71.0,80
short,102,30,78.0,57.0,80
short,102,31,78.0,64.0,80
short,102,32,78.0,63.0,80
short,102,33,78.0,71.0,80
short,102,34,78.0,69.0,80
short,102,35,78.0,66.0,80
short,102,36,78.0,60.0,80
short,102,37,78.0,60.0,80
short,102,38,78.0,83.0,80
short,102,39,78.0,52.0,80
short,102,40,78.0,73.0,80
short,102,41,78.0,81.0,80
short,102,42,78.0,44.0,80
short,102,43,78.0,67.0,80
short,102,44,78.0,60.0,80
short,102,45,78.0,61.0,80
short,102,46,78.0,66.0,80
short,102,47,78.0,73.0,80
short,102,48,78.0,69.0,80
short,102,49,78.0,67.0,80
short,86,0,69.0,57.0,80
short,86,1,69.0,74.0,80
short,86,2,69.0,70.0,80
short,86,3,69.0,49.0,80
short,86,4,69.0,50.0,80
short,86,5,69.0,68.0,80
short,86,6,69.0,81.0,80
short,86,7,69.0,54.0,80
short,86,8,69.0,68.0,80
short,86,9,69.0,82.0,80
short,86,10,69.0,70.0,80
short,86,11,69.0,57.0,80
short,86,12,69.0,64.0,80
short,86,13,69.0,81.0,80
short,86,14,69.0,48.0,80
short,86,15,69.0,61.0,80
short,86,16,69.0,69.0,80
short,86,17,69.0,50.0,80
short,86,18,69.0,76.0,80
short,86,19,69.0,65.0,80
short,86,20,69.0,47.0,80
short,86,21,69.0,71.0,80
short,86,22,69.0,41.0,80
short,86,23,69.0,84.0,80
short,86,24,69.0,69.0,80
short,86,25,69.0,45.0,80
short,86,26,69.0,64.0,80
short,86,27,69.0,49.0,80
short,86,28,69.0,74.0,80
short,86,29,69.0,46.0,80
short,86,30,69.0,57.0,80
short,86,31,69.0,74.0,80
short,86,32,69.0,56.0,80
short,86,33,69.0,72.0,80
short,86,34,69.0,94.0,80
short,86,35,69.0,80.0,80
short,86,36,69.0,49.0,80
short,86,37,69.0,37.0,80
short,86,38,69.0,74.0,80
short,86,39,69.0,94.0,80
short,86,40,69.0,57.0,80
short,86,41,69.0,60.0,80
short,86,42,69.0,77.0,80
short,86,43,69.0,64.0,80
short,86,44,69.0,70.0,80
short,86,45,69.0,60.0,80
short,86,46,69.0,52.0,80
short,86,47,69.0,62.0,80
short,86,48,69.0,61.0,80
short,86,49,69.0,52.0,80
short,54,0,59.0,32.0,80
short,54,1,59.0,71.0,80
short,54,2,59.0,45.0,80
short,54,3,59.0,41.0,80
short,54,4,59.0,53.0,80
short,54,5,59.0,53.0,80
short,54,6,59.0,64.0,80
short,54,7,59.0,31.0,80
short,54,8,59.0,41.0,80
short,54,9,59.0,48.0,80
short,54,10,59.0,25.0,80
short,54,11,59.0,67.0,80
short,54,12,59.0,52.0,80
short,54,13,59.0,59.0,80
short,54,14,59.0,40.0,80
short,54,15,59.0,46.0,80
short,54,16,59.0,60.0,80
short,54,17,59.0,40.0,80
short,54,18,59.0,57.0,80
short,54,19,59.0,44.0,80
short,54,20,59.0,45.0,80
short,54,21,59.0,34.0,80
short,54,22,59.0,42.0,80
short,54,23,59.0,39.0,80
short,54,24,59.0,43.0,80
short,54,25,59.0,53.0,80
short,54,26,59.0,71.0,80
short,54,27,59.0,70.0,80
short,54,28,59.0,47.0,80
short,54,29,59.0,66.0,80
short,54,30,59.0,57.0,80
short,54,31,59.0,66.0,80
short,54,32,59.0,64.0,80
short,54,33,59.0,45.0,80
short,54,34,59.0,67.0,80
short,54,35,59.0,45.0,80
short,54,36,59.0,72.0,80
short,54,37,59.0,56.0,80
short,54,38,59.0,50.0,80
short,54,39,59.0,69.0,80
short,54,40,59.0,60.0,80
short,54,41,59.0,23.0,80
short,54,42,59.0,55.0,80
short,54,43,59.0,25.0,80
short,54,44,59.0,33.0,80
short,54,45,59.0,49.0,80
short,54,46,59.0,55.0,80
short,54,47,59.0,33.0,80
short,54,48,59.0,42.0,80
short,54,49,59.0,43.0,80
short,23,0,62.0,77.0,80
short,23,1,62.0,63.0,80
short,23,2,62.0,73.0,80
short,23,3,62.0,69.0,80
short,23,4,62.0,68.0,80
short,23,5,62.0,81.0,80
short,23,6,62.0,63.0,80
short,23,7,62.0,76.0,80
short,23,8,62.0,82.0,80
short,23,9,62.0,65.0,80
short,23,10,62.0,59.0,80
short,23,11,62.0,80.0,80
short,23,12,62.0,85.0,80
short,23,13,62.0,62.0,80
short,23,14,62.0,82.0,80
short,23,15,62.0,62.0,80
short,23,16,62.0,85.0,80
short,23,17,62.0,66.0,80
short,23,18,62.0,77.0,80
short,23,19,62.0,77.0,80
short,23,20,62.0,71.0,80
short,23,21,62.0,76.0,80
short,23,22,62.0,57.0,80
short,23,23,62.0,68.0,80
short,23,24,62.0,69.0,80
short,23,25,62.0,58.0,80
short,23,26,62.0,72.0,80
short,23,27,62.0,75.0,80
short,23,28,62.0,82.0,80
short,23,29,62.0,43.0,80
short,23,30,62.0,54.0,80
short,23,31,62.0,68.0,80
short,23,32,62.0,73.0,80
short,23,33,62.0,67.0,80
short,23,34,62.0,53.0,80
short,23,35,62.0,65.0,80
short,23,36,62.0,55.0,80
short,23,37,62.0,75.0,80
short,23,38,62.0,67.0,80
short,23,39,62.0,64.0,80
short,23,40,62.0,72.0,80
short,23,41,62.0,52.0,80
short,23,42,62.0,43.0,80
short,23,43,62.0,69.0,80
short,23,44,62.0,75.0,80
short,23,45,62.0,53.0,80
short,23,46,62.0,59.0,80
short,23,47,62.0,58.0,80
short,23,48,62.0,48.0,80
short,23,49,62.0,74.0,80
short,88,0,86.0,52.0,80
short,88,1,86.0,72.0,80
short,88,2,86.0,65.0,80
short,88,3,86.0,39.0,80
short,88,4,86.0,50.0,80
short,88,5,86.0,56.0,80
short,88,6,86.0,41.0,80
short,88,7,86.0,87.0,80
short,88,8,86.0,53.0,80
short,88,9,86.0,62.0,80
short,88,10,86.0,70.0,80
short,88,11,86.0,77.0,80
short,88,12,86.0,86.0,80
short,88,13,86.0,75.0,80
short,88,14,86.0,91.0,80
short,88,15,86.0,63.0,80
short,88,16,86.0,64.0,80
short,88,17,86.0,84.0,80
short,88,18,86.0,55.0,80
short,88,19,86.0,53.0,80
short,88,20,86.0,72.0,80
short,88,21,86.0,91.0,80
short,88,22,86.0,44.0,80
short,88,23,86.0,54.0,80
short,88,24,86.0,78.0,80
short,88,25,86.0,55.0,80
short,88,26,86.0,63.0,80
short,88,27,86.0,56.0,80
short,88,28,86.0,62.0,80
short,88,29,86.0,51.0,80
short,88,30,86.0,71.0,80
short,88,31,86.0,73.0,80
short,88,32,86.0,71.0,80
short,88,33,86.0,60.0,80
short,88,34,86.0,45.0,80
short,88,35,86.0,60.0,80
short,88,36,86.0,98.0,80
short,88,37,86.0,62.0,80
short,88,38,86.0,60.0,80
short,88,39,86.0,56.0,80
short,88,40,86.0,55.0,80
short,88,41,86.0,77.0,80
short,88,42,86.0,51.0,80
short,88,43,86.0,54.0,80
short,88,44,86.0,67.0,80
short,88,45,86.0,54.0,80
short,88,46,86.0,65.0,80
short,88,47,86.0,85.0,80
short,88,48,86.0,62.0,80
short,88,49,86.0,70.0,80
short,64,0,83.0,80.0,80
short,64,1,83.0,93.0,80
short,64,2,83.0,75.0,80
short,64,3,83.0,93.0,80
short,64,4,83.0,66.0,80
short,64,5,83.0,65.0,80
short,64,6,83.0,81.0,80
short,64,7,83.0,69.0,80
short,64,8,83.0,65.0,80
short,64,9,83.0,76.0,80
short,64,10,83.0,92.0,80
short,64,11,83.0,82.0,80
short,64,12,83.0,83.0,80
short,64,13,83.0,83.0,80
short,64,14,83.0,68.0,80
short,64,15,83.0,75.0,80
short,64,16,83.0,80.0,80
short,64,17,83.0,83.0,80
short,64,18,83.0,88.0,80
short,64,19,83.0,76.0,80
short,64,20,83.0,93.0,80
short,64,21,83.0,71.0,80
short,64,22,83.0,73.0,80
short,64,23,83.0,77.0,80
short,64,24,83.0,83.0,80
short,64,25,83.0,97.0,80
short,64,26,83.0,82.0,80
short,64,27,83.0,90.0,80
short,64,28,83.0,73.0,80
short,64,29,83.0,72.0,80
short,64,30,83.0,72.0,80
short,64,31,83.0,76.0,80
short,64,32,83.0,75.0,80
short,64,33,83.0,78.0,80
short,64,34,83.0,76.0,80
short,64,35,83.0,82.0,80
short,64,36,83.0,70.0,80
short,64,37,83.0,81.0,80
short,64,38,83.0,63.0,80
short,64,39,83.0,68.0,80
short,64,40,83.0,83.0,80
short,64,41,83.0,79.0,80
short,64,42,83.0,70.0,80
short,64,43,83.0,72.0,80
short,64,44,83.0,69.0,80
short,64,45,83.0,70.0,80
short,64,46,83.0,62.0,80
short,64,47,83.0,76.0,80
short,64,48,83.0,92.0,80
short,64,49,83.0,85.0,80
short,38,0,64.0,42.0,80
short,38,1,64.0,44.0,80
short,38,2,64.0,49.0,80
short,38,3,64.0,34.0,80
short,38,4,64.0,55.0,80
short,38,5,64.0,61.0,80
short,38,6,64.0,27.0,80
short,38,7,64.0,46.0,80
short,38,8,64.0,50.0,80
short,38,9,64.0,55.0,80
short,38,10,64.0,66.0,80
short,38,11,64.0,53.0,80
short,38,12,64.0,48.0,80
short,38,13,64.0,26.0,80
short,38,14,64.0,36.0,80
short,38,15,64.0,51.0,80
short,38,16,64.0,57.0,80
short,38,17,64.0,40.0,80
short,38,18,64.0,36.0,80
short,38,19,64.0,29.0,80
short,38,20,64.0,36.0,80
short,38,21,64.0,62.0,80
short,38,22,64.0,57.0,80
short,38,23,64.0,35.0,80
short,38,24,64.0,42.0,80
short,38,25,64.0,50.0,80
short,38,26,64.0,53.0,80
short,38,27,64.0,42.0,80
short,38,28,64.0,47.0,80
short,38,29,64.0,46.0,80
short,38,30,64.0,42.0,80
short,38,31,64.0,44.0,80
short,38,32,64.0,41.0,80
short,38,33,64.0,41.0,80
short,38,34,64.0,54.0,80
short,38,35,64.0,48.0,80
short,38,36,64.0,52.0,80
short,38,37,64.0,38.0,80
short,38,38,64.0,47.0,80
short,38,39,64.0,41.0,80
short,38,40,64.0,35.0,80
short,38,41,64.0,52.0,80
short,38,42,64.0,40.0,80
short,38,43,64.0,30.0,80
short,38,44,64.0,44.0,80
short,38,45,64.0,59.0,80
short,38,46,64.0,49.0,80
short,38,47,64.0,38.0,80
short,38,48,64.0,44.0,80
short,38,49,64.0,64.0,80
short,81,0,68.0,41.0,80
short,81,1,68.0,61.0,80
short,81,2,68.0,58.0,80
short,81,3,68.0,64.0,80
short,81,4,68.0,56.0,80
short,81,5,68.0,70.0,80
short,81,6,68.0,53.0,80
short,81,7,68.0,71.0,80
short,81,8,68.0,44.0,80
short,81,9,68.0,39.0,80
short,81,10,68.0,63.0,80
short,81,11,68.0,83.0,80
short,81,12,68.0,61.0,80
short,81,13,68.0,61.0,80
short,81,14,68.0,76.0,80
short,81,15,68.0,58.0,80
short,81,16,68.0,35.0,80
short,81,17,68.0,75.0,80
short,81,18,68.0,44.0,80
short,81,19,68.0,68.0,80
short,81,20,68.0,65.0,80
short,81,21,68.0,52.0,80
short,81,22,68.0,60.0,80
short,81,23,68.0,72.0,80
short,81,24,68.0,62.0,80
short,81,25,68.0,66.0,80
short,81,26,68.0,48.0,80
short,81,27,68.0,52.0,80
short,81,28,68.0,71.0,80
short,81,29,68.0,73.0,80
short,81,30,68.0,81.0,80
short,81,31,68.0,69.0,80
short,81,32,68.0,66.0,80
short,81,33,68.0,52.0,80
short,81,34,68.0,52.0,80
short,81,35,68.0,62.0,80
short,81,36,68.0,65.0,80
short,81,37,68.0,76.0,80
short,81,38,68.0,50.0,80
short,81,39,68.0,45.0,80
short,81,40,68.0,60.0,80
short,81,41,68.0,54.0,80
short,81,42,68.0,79.0,80
short,81,43,68.0,78.0,80
short,81,44,68.0,63.0,80
short,81,45,68.0,53.0,80
short,81,46,68.0,40.0,80
short,81,47,68.0,68.0,80
short,81,48,68.0,58.0,80
short,81,49,68.0,56.0,80
short,77,0,54.0,55.0,80
short,77,1,54.0,79.0,80
short,77,2,54.0,61.0,80
short,77,3,54.0,69.0,80
short,77,4,54.0,43.0,80
short,77,5,54.0,78.0,80
short,77,6,54.0,58.0,80
short,77,7,54.0,55.0,80
short,77,8,54.0,74.0,80
short,77,9,54.0,77.0,80
short,77,10,54.0,100.0,80
short,77,11,54.0,46.0,80
short,77,12,54.0,61.0,80
short,77,13,54.0,70.0,80
short,77,14,54.0,51.0,80
short,77,15,54.0,73.0,80
short,77,16,54.0,53.0,80
short,77,17,54.0,75.0,80
short,77,18,54.0,44.0,80
short,77,19,54.0,67.0,80
short,77,20,54.0,60.0,80
short,77,21,54.0,73.0,80
short,77,22,54.0,57.0,80
short,77,23,54.0,80.0,80
short,77,24,54.0,82.0,80
short,77,25,54.0,67.0,80
short,77,26,54.0,87.0,80
short,77,27,54.0,65.0,80
short,77,28,54.0,75.0,80
short,77,29,54.0,53.0,80
short,77,30,54.0,53.0,80
short,77,31,54.0,65.0,80
short,77,32,54.0,59.0,80
short,77,33,54.0,69.0,80
short,77,34,54.0,67.0,80
short,77,35,54.0,87.0,80
short,77,36,54.0,66.0,80
short,77,37,54.0,58.0,80
short,77,38,54.0,66.0,80
short,77,39,54.0,49.0,80
short,77,40,54.0,60.0,80
short,77,41,54.0,47.0,80
short,77,42,54.0,61.0,80
short,77,43,54.0,51.0,80
short,77,44,54.0,71.0,80
short,77,45,54.0,58.0,80
short,77,46,54.0,60.0,80
short,77,47,54.0,83.0,80
short,77,48,54.0,59.0,80
short,77,49,54.0,45.0,80
short,20,0,53.0,27.0,80
short,20,1,53.0,22.0,80
short,20,2,53.0,29.0,80
short,20,3,53.0,55.0,80
short,20,4,53.0,39.0,80
short,20,5,53.0,41.0,80
short,20,6,53.0,54.0,80
short,20,7,53.0,38.0,80
short,20,8,53.0,54.0,80
short,20,9,53.0,43.0,80
short,20,10,53.0,31.0,80
short,20,11,53.0,34.0,80
short,20,12,53.0,36.0,80
short,20,13,53.0,51.0,80
short,20,14,53.0,37.0,80
short,20,15,53.0,30.0,80
short,20,16,53.0,47.0,80
short,20,17,53.0,43.0,80
short,20,18,53.0,49.0,80
short,20,19,53.0,19.0,80
short,20,20,53.0,27.0,80
short,20,21,53.0,32.0,80
short,20,22,53.0,35.0,80
short,20,23,53.0,29.0,80
short,20,24,53.0,34.0,80
short,20,25,53.0,43.0,80
short,20,26,53.0,31.0,80
short,20,27,53.0,33.0,80
short,20,28,53.0,47.0,80
short,20,29,53.0,35.0,80
short,20,30,53.0,28.0,80
short,20,31,53.0,47.0,80
short,20,32,53.0,60.0,80
short,20,33,53.0,32.0,80
short,20,34,53.0,51.0,80
short,20,35,53.0,41.0,80
short,20,36,53.0,41.0,80
short,20,37,53.0,47.0,80
short,20,38,53.0,61.0,80
short,20,39,53.0,23.0,80
short,20,40,53.0,32.0,80
short,20,41,53.0,50.0,80
short,20,42,53.0,67.0,80
short,20,43,53.0,44.0,80
short,20,44,53.0,52.0,80
short,20,45,53.0,52.0,80
short,20,46,53.0,44.0,80
short,20,47,53.0,32.0,80
short,20,48,53.0,53.0,80
short,20,49,53.0,45.0,80
long,28,0,105.0,83.0,80
long,28,1,105.0,113.0,80
long,28,2,105.0,97.0,80
long,28,3,105.0,96.0,80
long,28,4,105.0,81.0,80
long,28,5,105.0,105.0,80
long,28,6,105.0,108.0,80
long,28,7,105.0,93.0,80
long,28,8,105.0,93.0,80
long,28,9,105.0,98.0,80
long,28,10,105.0,88.0,80
long,28,11,105.0,102.0,80
long,28,12,105.0,107.0,80
long,28,13,105.0,105.0,80
long,28,14,105.0,97.0,80
long,28,15,105.0,78.0,80
long,28,16,105.0,82.0,80
long,28,17,105.0,92.0,80
long,28,18,105.0,110.0,80
long,28,19,105.0,94.0,80
long,28,20,105.0,108.0,80
long,28,21,105.0,101.0,80
long,28,22,105.0,112.0,80
long,28,23,105.0,112.0,80
long,28,24,105.0,91.0,80
long,28,25,105.0,109.0,80
long,28,26,105.0,107.0,80
long,28,27,105.0,109.0,80
long,28,28,105.0,109.0,80
long,28,29,105.0,106.0,80
long,28,30,105.0,87.0,80
long,28,31,105.0,71.0,80
long,28,32,105.0,108.0,80
long,28,33,105.0,106.0,80
long,28,34,105.0,97.0,80
long,28,35,105.0,86.0,80
long,28,36,105.0,97.0,80
long,28,37,105.0,89.0,80
long,28,38,105.0,101.0,80
long,28,39,105.0,106.0,80
long,28,40,105.0,112.0,80
long,28,41,105.0,96.0,80
long,28,42,105.0,87.0,80
long,28,43,105.0,112.0,80
long,28,44,105.0,97.0,80
long,28,45,105.0,101.0,80
long,28,46,105.0,80.0,80
long,28,47,105.0,93.0,80
long,28,48,105.0,124.0,80
long,28,49,105.0,101.0,80
long,10,0,93.0,96.0,80
long,10,1,93.0,77.0,80
long,10,2,93.0,86.0,80
long,10,3,93.0,109.0,80
long,10,4,93.0,97.0,80
long,10,5,93.0,78.0,80
long,10,6,93.0,101.0,80
long,10,7,93.0,95.0,80
long,10,8,93.0,83.0,80
long,10,9,93.0,89.0,80
long,10,10,93.0,98.0,80
long,10,11,93.0,116.0,80
long,10,12,93.0,78.0,80
long,10,13,93.0,97.0,80
long,10,14,93.0,105.0,80
long,10,15,93.0,82.0,80
long,10,16,93.0,92.0,80
long,10,17,93.0,88.0,80
long,10,18,93.0,100.0,80
long,10,19,93.0,90.0,80
long,10,20,93.0,110.0,80
long,10,21,93.0,90.0,80
long,10,22,93.0,95.0,80
long,10,23,93.0,96.0,80
long,10,24,93.0,105.0,80
long,10,25,93.0,86.0,80
long,10,26,93.0,84.0,80
long,10,27,93.0,106.0,80
long,10,28,93.0,84.0,80
long,10,29,93.0,75.0,80
long,10,30,93.0,82.0,80
long,10,31,93.0,95.0,80
long,10,32,93.0,100.0,80
long,10,33,93.0,94.0,80
long,10,34,93.0,99.0,80
long,10,35,93.0,79.0,80
long,10,36,93.0,102.0,80
long,10,37,93.0,106.0,80
long,10,38,93.0,114.0,80
long,10,39,93.0,90.0,80
long,10,40,93.0,86.0,80
long,10,41,93.0,105.0,80
long,10,42,93.0,72.0,80
long,10,43,93.0,63.0,80
long,10,44,93.0,83.0,80
long,10,45,93.0,103.0,80
long,10,46,93.0,105.0,80
long,10,47,93.0,108.0,80
long,10,48,93.0,90.0,80
long,10,49,93.0,87.0,80
long,53,0,98.0,112.0,80
long,53,1,98.0,67.0,80
long,53,2,98.0,95.0,80
long,53,3,98.0,78.0,80
long,53,4,98.0,109.0,80
long,53,5,98.0,86.0,80
long,53,6,98.0,87.0,80
long,53,7,98.0,101.0,80
long,53,8,98.0,113.0,80
long,53,9,98.0,81.0,80
long,53,10,98.0,116.0,80
long,53,11,98.0,88.0,80
long,53,12,98.0,82.0,80
long,53,13,98.0,88.0,80
long,53,14,98.0,116.0,80
long,53,15,98.0,88.0,80
long,53,16,98.0,106.0,80
long,53,17,98.0,90.0,80
long,53,18,98.0,95.0,80
long,53,19,98.0,100.0,80
long,53,20,98.0,98.0,80
long,53,21,98.0,113.0,80
long,53,22,98.0,99.0,80
long,53,23,98.0,128.0,80
long,53,24,98.0,86.0,80
long,53,25,98.0,106.0,80
long,53,26,98.0,104.0,80
long,53,27,98.0,75.0,80
long,53,28,98.0,94.0,80
long,53,29,98.0,97.0,80
long,53,30,98.0,88.0,80
long,53,31,98.0,70.0,80
long,53,32,98.0,100.0,80
long,53,33,98.0,110.0,80
long,53,34,98.0,95.0,80
long,53,35,98.0,99.0,80
long,53,36,98.0,109.0,80
long,53,37,98.0,103.0,80
long,53,38,98.0,81.0,80
long,53,39,98.0,108.0,80
long,53,40,98.0,112.0,80
long,53,41,98.0,89.0,80
long,53,42,98.0,97.0,80
long,53,43,98.0,81.0,80
long,53,44,98.0,93.0,80
long,53,45,98.0,84.0,80
long,53,46,98.0,104.0,80
long,53,47,98.0,95.0,80
long,53,48,98.0,93.0,80
long,53,49,98.0,82.0,80
long,39,0,84.0,96.0,80
long,39,1,84.0,85.0,80
long,39,2,84.0,108.0,80
long,39,3,84.0,96.0,80
long,39,4,84.0,76.0,80
long,39,5,84.0,68.0,80
long,39,6,84.0,100.0,80
long,39,7,84.0,69.0,80
long,39,8,84.0,88.0,80
long,39,9,84.0,93.0,80
long,39,10,84.0,101.0,80
long,39,11,84.0,96.0,80
long,39,12,84.0,112.0,80
long,39,13,84.0,113.0,80
long,39,14,84.0,104.0,80
long,39,15,84.0,100.0,80
long,39,16,84.0,76.0,80
long,39,17,84.0,113.0,80
long,39,18,84.0,102.0,80
long,39,19,84.0,100.0,80
long,39,20,84.0,112.0,80
long,39,21,84.0,116.0,80
long,39,22,84.0,96.0,80
long,39,23,84.0,116.0,80
long,39,24,84.0,105.0,80
long,39,25,84.0,76.0,80
long,39,26,84.0,104.0,80
long,39,27,84.0,101.0,80
long,39,28,84.0,100.0,80
long,39,29,84.0,84.0,80
long,39,30,84.0,78.0,80
long,39,31,84.0,108.0,80
long,39,32,84.0,109.0,80
long,39,33,84.0,98.0,80
long,39,34,84.0,88.0,80
long,39,35,84.0,112.0,80
long,39,36,84.0,108.0,80
long,39,37,84.0,92.0,80
long,39,38,84.0,88.0,80
long,39,39,84.0,105.0,80
long,39,40,84.0,89.0,80
long,39,41,84.0,80.0,80
long,39,42,84.0,88.0,80
long,39,43,84.0,116.0,80
long,39,44,84.0,96.0,80
long,39,45,84.0,114.0,80
long,39,46,84.0,81.0,80
long,39,47,84.0,82.0,80
long,39,48,84.0,97.0,80
long,39,49,84.0,100.0,80
long,37,0,53.0,88.0,80
long,37,1,53.0,68.0,80
long,37,2,53.0,60.0,80
long,37,3,53.0,56.0,80
long,37,4,53.0,73.0,80
long,37,5,53.0,45.0,80
long,37,6,53.0,56.0,80
long,37,7,53.0,76.0,80
long,37,8,53.0,45.0,80
long,37,9,53.0,68.0,80
long,37,10,53.0,72.0,80
long,37,11,53.0,49.0,80
long,37,12,53.0,64.0,80
long,37,13,53.0,68.0,80
long,37,14,53.0,70.0,80
long,37,15,53.0,69.0,80
long,37,16,53.0,92.0,80
long,37,17,53.0,76.0,80
long,37,18,53.0,66.0,80
long,37,19,53.0,65.0,80
long,37,20,53.0,52.0,80
long,37,21,53.0,60.0,80
long,37,22,53.0,57.0,80
long,37,23,53.0,66.0,80
long,37,24,53.0,75.0,80
long,37,25,53.0,60.0,80
long,37,26,53.0,61.0,80
long,37,27,53.0,78.0,80
long,37,28,53.0,68.0,80
long,37,29,53.0,65.0,80
long,37,30,53.0,68.0,80
long,37,31,53.0,68.0,80
long,37,32,53.0,94.0,80
long,37,33,53.0,70.0,80
long,37,34,53.0,84.0,80
long,37,35,53.0,86.0,80
long,37,36,53.0,37.0,80
long,37,37,53.0,67.0,80
long,37,38,53.0,48.0,80
long,37,39,53.0,81.0,80
long,37,40,53.0,61.0,80
long,37,41,53.0,54.0,80
long,37,42,53.0,60.0,80
long,37,43,53.0,84.0,80
long,37,44,53.0,66.0,80
long,37,45,53.0,50.0,80
long,37,46,53.0,60.0,80
long,37,47,53.0,40.0,80
long,37,48,53.0,40.0,80
long,37,49,53.0,72.0,80
long,1,0,74.0,96.0,80
long,1,1,74.0,88.0,80
long,1,2,74.0,72.0,80
long,1,3,74.0,89.0,80
long,1,4,74.0,81.0,80
long,1,5,74.0,101.0,80
long,1,6,74.0,104.0,80
long,1,7,74.0,84.0,80
long,1,8,74.0,85.0,80
long,1,9,74.0,84.0,80
long,1,10,74.0,101.0,80
long,1,11,74.0,84.0,80
long,1,12,74.0,92.0,80
long,1,13,74.0,73.0,80
long,1,14,74.0,101.0,80
long,1,15,74.0,101.0,80
long,1,16,74.0,97.0,80
long,1,17,74.0,104.0,80
long,1,18,74.0,112.0,80
long,1,19,74.0,100.0,80
long,1,20,74.0,85.0,80
long,1,21,74.0,88.0,80
long,1,22,74.0,105.0,80
long,1,23,74.0,101.0,80
long,1,24,74.0,101.0,80
long,1,25,74.0,85.0,80
long,1,26,74.0,88.0,80
long,1,27,74.0,96.0,80
long,1,28,74.0,93.0,80
long,1,29,74.0,100.0,80
long,1,30,74.0,96.0,80
long,1,31,74.0,92.0,80
long,1,32,74.0,69.0,80
long,1,33,74.0,96.0,80
long,1,34,74.0,97.0,80
long,1,35,74.0,101.0,80
long,1,36,74.0,96.0,80
long,1,37,74.0,80.0,80
long,1,38,74.0,104.0,80
long,1,39,74.0,100.0,80
long,1,40,74.0,97.0,80
long,1,41,74.0,116.0,80
long,1,42,74.0,97.0,80
long,1,43,74.0,80.0,80
long,1,44,74.0,96.0,80
long,1,45,74.0,96.0,80
long,1,46,74.0,100.0,80
long,1,47,74.0,120.0,80
long,1,48,74.0,100.0,80
long,1,49,74.0,89.0,80
long,18,0,96.0,96.0,80
long,18,1,96.0,88.0,80
long,18,2,96.0,96.0,80
long,18,3,96.0,92.0,80
long,18,4,96.0,88.0,80
long,18,5,96.0,88.0,80
long,18,6,96.0,88.0,80
long,18,7,96.0,72.0,80
long,18,8,96.0,100.0,80
long,18,9,96.0,92.0,80
long,18,10,96.0,92.0,80
long,18,11,96.0,112.0,80
long,18,12,96.0,100.0,80
long,18,13,96.0,76.0,80
long,18,14,96.0,84.0,80
long,18,15,96.0,96.0,80
long,18,16,96.0,80.0,80
long,18,17,96.0,92.0,80
long,18,18,96.0,92.0,80
long,18,19,96.0,112.0,80
long,18,20,96.0,100.0,80
long,18,21,96.0,92.0,80
long,18,22,96.0,92.0,80
long,18,23,96.0,80.0,80
long,18,24,96.0,72.0,80
long,18,25,96.0,84.0,80
long,18,26,96.0,96.0,80
long,18,27,96.0,80.0,80
long,18,28,96.0,93.0,80
long,18,29,96.0,100.0,80
long,18,30,96.0,80.0,80
long,18,31,96.0,84.0,80
long,18,32,96.0,80.0,80
long,18,33,96.0,76.0,80
long,18,34,96.0,100.0,80
long,18,35,96.0,96.0,80
long,18,36,96.0,96.0,80
long,18,37,96.0,108.0,80
long,18,38,96.0,104.0,80
long,18,39,96.0,108.0,80
long,18,40,96.0,112.0,80
long,18,41,96.0,104.0,80
long,18,42,96.0,84.0,80
long,18,43,96.0,64.0,80
long,18,44,96.0,88.0,80
long,18,45,96.0,96.0,80
long,18,46,96.0,84.0,80
long,18,47,96.0,116.0,80
long,18,48,96.0,100.0,80
long,18,49,96.0,80.0,80
long,8,0,88.0,90.0,80
long,8,1,88.0,112.0,80
long,8,2,88.0,99.0,80
long,8,3,88.0,98.0,80
long,8,4,88.0,97.0,80
long,8,5,88.0,85.0,80
long,8,6,88.0,96.0,80
long,8,7,88.0,91.0,80
long,8,8,88.0,99.0,80
long,8,9,88.0,111.0,80
long,8,10,88.0,92.0,80
long,8,11,88.0,97.0,80
long,8,12,88.0,102.0,80
long,8,13,88.0,100.0,80
long,8,14,88.0,94.0,80
long,8,15,88.0,84.0,80
long,8,16,88.0,92.0,80
long,8,17,88.0,93.0,80
long,8,18,88.0,91.0,80
long,8,19,88.0,96.0,80
long,8,20,88.0,103.0,80
long,8,21,88.0,88.0,80
long,8,22,88.0,101.0,80
long,8,23,88.0,66.0,80
long,8,24,88.0,98.0,80
long,8,25,88.0,78.0,80
long,8,26,88.0,102.0,80
long,8,27,88.0,98.0,80
long,8,28,88.0,87.0,80
long,8,29,88.0,85.0,80
long,8,30,88.0,88.0,80
long,8,31,88.0,106.0,80
long,8,32,88.0,112.0,80
long,8,33,88.0,80.0,80
long,8,34,88.0,86.0,80
long,8,35,88.0,114.0,80
long,8,36,88.0,88.0,80
long,8,37,88.0,105.0,80
long,8,38,88.0,92.0,80
long,8,39,88.0,95.0,80
long,8,40,88.0,90.0,80
long,8,41,88.0,91.0,80
long,8,42,88.0,94.0,80
long,8,43,88.0,75.0,80
long,8,44,88.0,89.0,80
long,8,45,88.0,79.0,80
long,8,46,88.0,102.0,80
long,8,47,88.0,69.0,80
long,8,48,88.0,72.0,80
long,8,49,88.0,83.0,80
long,32,0,92.0,92.0,80
long,32,1,92.0,92.0,80
long,32,2,92.0,72.0,80
long,32,3,92.0,88.0,80
long,32,4,92.0,76.0,80
long,32,5,92.0,96.0,80
long,32,6,92.0,96.0,80
long,32,7,92.0,76.0,80
long,32,8,92.0,84.0,80
long,32,9,92.0,88.0,80
long,32,10,92.0,88.0,80
long,32,11,92.0,80.0,80
long,32,12,92.0,88.0,80
long,32,13,92.0,92.0,80
long,32,14,92.0,92.0,80
long,32,15,92.0,85.0,80
long,32,16,92.0,92.0,80
long,32,17,92.0,69.0,80
long,32,18,92.0,60.0,80
long,32,19,92.0,88.0,80
long,32,20,92.0,96.0,80
long,32,21,92.0,120.0,80
long,32,22,92.0,80.0,80
long,32,23,92.0,80.0,80
long,32,24,92.0,76.0,80
long,32,25,92.0,80.0,80
long,32,26,92.0,84.0,80
long,32,27,92.0,88.0,80
long,32,28,92.0,56.0,80
long,32,29,92.0,76.0,80
long,32,30,92.0,84.0,80
long,32,31,92.0,80.0,80
long,32,32,92.0,88.0,80
long,32,33,92.0,84.0,80
long,32,34,92.0,88.0,80
long,32,35,92.0,84.0,80
long,32,36,92.0,104.0,80
long,32,37,92.0,96.0,80
long,32,38,92.0,92.0,80
long,32,39,92.0,84.0,80
long,32,40,92.0,88.0,80
long,32,41,92.0,72.0,80
long,32,42,92.0,96.0,80
long,32,43,92.0,92.0,80
long,32,44,92.0,76.0,80
long,32,45,92.0,104.0,80
long,32,46,92.0,76.0,80
long,32,47,92.0,96.0,80
long,32,48,92.0,104.0,80
long,32,49,92.0,84.0,80
long,68,0,85.0,93.0,80
long,68,1,85.0,81.0,80
long,68,2,85.0,76.0,80
long,68,3,85.0,69.0,80
long,68,4,85.0,73.0,80
long,68,5,85.0,88.0,80
long,68,6,85.0,102.0,80
long,68,7,85.0,94.0,80
long,68,8,85.0,82.0,80
long,68,9,85.0,83.0,80
long,68,10,85.0,91.0,80
long,68,11,85.0,99.0,80
long,68,12,85.0,103.0,80
long,68,13,85.0,84.0,80
long,68,14,85.0,84.0,80
long,68,15,85.0,90.0,80
long,68,16,85.0,93.0,80
long,68,17,85.0,90.0,80
long,68,18,85.0,88.0,80
long,68,19,85.0,74.0,80
long,68,20,85.0,116.0,80
long,68,21,85.0,84.0,80
long,68,22,85.0,76.0,80
long,68,23,85.0,93.0,80
long,68,24,85.0,69.0,80
long,68,25,85.0,83.0,80
long,68,26,85.0,93.0,80
long,68,27,85.0,86.0,80
long,68,28,85.0,101.0,80
long,68,29,85.0,93.0,80
long,68,30,85.0,79.0,80
long,68,31,85.0,88.0,80
long,68,32,85.0,85.0,80
long,68,33,85.0,90.0,80
long,68,34,85.0,81.0,80
long,68,35,85.0,94.0,80
long,68,36,85.0,100.0,80
long,68,37,85.0,98.0,80
long,68,38,85.0,96.0,80
long,68,39,85.0,72.0,80
long,68,40,85.0,83.0,80
long,68,41,85.0,89.0,80
long,68,42,85.0,109.0,80
long,68,43,85.0,85.0,80
long,68,44,85.0,85.0,80
long,68,45,85.0,88.0,80
long,68,46,85.0,83.0,80
long,68,47,85.0,85.0,80
long,68,48,85.0,84.0,80
long,68,49,85.0,90.0,80
long,70,0,96.0,78.0,80
long,70,1,96.0,85.0,80
long,70,2,96.0,87.0,80
long,70,3,96.0,93.0,80
long,70,4,96.0,82.0,80
long,70,5,96.0,64.0,80
long,70,6,96.0,116.0,80
long,70,7,96.0,100.0,80
long,70,8,96.0,93.0,80
long,70,9,96.0,104.0,80
long,70,10,96.0,89.0,80
long,70,11,96.0,87.0,80
long,70,12,96.0,101.0,80
long,70,13,96.0,91.0,80
long,70,14,96.0,92.0,80
long,70,15,96.0,121.0,80
long,70,16,96.0,83.0,80
long,70,17,96.0,119.0,80
long,70,18,96.0,92.0,80
long,70,19,96.0,95.0,80
long,70,20,96.0,101.0,80
long,70,21,96.0,102.0,80
long,70,22,96.0,108.0,80
long,70,23,96.0,103.0,80
long,70,24,96.0,100.0,80
long,70,25,96.0,98.0,80
long,70,26,96.0,98.0,80
long,70,27,96.0,110.0,80
long,70,28,96.0,71.0,80
long,70,29,96.0,110.0,80
long,70,30,96.0,83.0,80
long,70,31,96.0,83.0,80
long,70,32,96.0,85.0,80
long,70,33,96.0,86.0,80
long,70,34,96.0,91.0,80
long,70,35,96.0,87.0,80
long,70,36,96.0,84.0,80
long,70,37,96.0,100.0,80
long,70,38,96.0,108.0,80
long,70,39,96.0,83.0,80
long,70,40,96.0,109.0,80
long,70,41,96.0,85.0,80
long,70,42,96.0,82.0,80
long,70,43,96.0,100.0,80
long,70,44,96.0,114.0,80
long,70,45,96.0,83.0,80
long,70,46,96.0,96.0,80
long,70,47,96.0,102.0,80
long,70,48,96.0,101.0,80
long,70,49,96.0,90.0,80
long,44,0,57.0,92.0,80
long,44,1,57.0,84.0,80
long,44,2,57.0,73.0,80
long,44,3,57.0,72.0,80
long,44,4,57.0,76.0,80
long,44,5,57.0,89.0,80
long,44,6,57.0,88.0,80
long,44,7,57.0,77.0,80
long,44,8,57.0,80.0,80
long,44,9,57.0,92.0,80
long,44,10,57.0,100.0,80
long,44,11,57.0,97.0,80
long,44,12,57.0,84.0,80
long,44,13,57.0,112.0,80
long,44,14,57.0,84.0,80
long,44,15,57.0,80.0,80
long,44,16,57.0,84.0,80
long,44,17,57.0,84.0,80
long,44,18,57.0,96.0,80
long,44,19,57.0,96.0,80
long,44,20,57.0,80.0,80
long,44,21,57.0,80.0,80
long,44,22,57.0,116.0,80
long,44,23,57.0,100.0,80
long,44,24,57.0,100.0,80
long,44,25,57.0,80.0,80
long,44,26,57.0,84.0,80
long,44,27,57.0,88.0,80
long,44,28,57.0,88.0,80
long,44,29,57.0,76.0,80
long,44,30,57.0,77.0,80
long,44,31,57.0,92.0,80
long,44,32,57.0,80.0,80
long,44,33,57.0,93.0,80
long,44,34,57.0,72.0,80
long,44,35,57.0,100.0,80
long,44,36,57.0,68.0,80
long,44,37,57.0,104.0,80
long,44,38,57.0,100.0,80
long,44,39,57.0,76.0,80
long,44,40,57.0,100.0,80
long,44,41,57.0,76.0,80
long,44,42,57.0,64.0,80
long,44,43,57.0,84.0,80
long,44,44,57.0,73.0,80
long,44,45,57.0,76.0,80
long,44,46,57.0,89.0,80
long,44,47,57.0,92.0,80
long,44,48,57.0,80.0,80
long,44,49,57.0,80.0,80
long,14,0,78.0,98.0,80
long,14,1,78.0,106.0,80
long,14,2,78.0,105.0,80
long,14,3,78.0,83.0,80
long,14,4,78.0,99.0,80
long,14,5,78.0,92.0,80
long,14,6,78.0,93.0,80
long,14,7,78.0,72.0,80
long,14,8,78.0,107.0,80
long,14,9,78.0,103.0,80
long,14,10,78.0,86.0,80
long,14,11,78.0,78.0,80
long,14,12,78.0,75.0,80
long,14,13,78.0,79.0,80
long,14,14,78.0,61.0,80
long,14,15,78.0,100.0,80
long,14,16,78.0,98.0,80
long,14,17,78.0,117.0,80
long,14,18,78.0,94.0,80
long,14,19,78.0,106.0,80
long,14,20,78.0,83.0,80
long,14,21,78.0,86.0,80
long,14,22,78.0,81.0,80
long,14,23,78.0,87.0,80
long,14,24,78.0,120.0,80
long,14,25,78.0,101.0,80
long,14,26,78.0,72.0,80
long,14,27,78.0,103.0,80
long,14,28,78.0,104.0,80
long,14,29,78.0,96.0,80
long,14,30,78.0,89.0,80
long,14,31,78.0,71.0,80
long,14,32,78.0,90.0,80
long,14,33,78.0,94.0,80
long,14,34,78.0,102.0,80
long,14,35,78.0,83.0,80
long,14,36,78.0,106.0,80
long,14,37,78.0,98.0,80
long,14,38,78.0,109.0,80
long,14,39,78.0,95.0,80
long,14,40,78.0,108.0,80
long,14,41,78.0,102.0,80
long,14,42,78.0,97.0,80
long,14,43,78.0,102.0,80
long,14,44,78.0,80.0,80
long,14,45,78.0,84.0,80
long,14,46,78.0,87.0,80
long,14,47,78.0,109.0,80
long,14,48,78.0,89.0,80
long,14,49,78.0,65.0,80
long,78,0,74.0,82.0,80
long,78,1,74.0,61.0,80
long,78,2,74.0,102.0,80
long,78,3,74.0,68.0,80
long,78,4,74.0,72.0,80
long,78,5,74.0,89.0,80
long,78,6,74.0,81.0,80
long,78,7,74.0,70.0,80
long,78,8,74.0,80.0,80
long,78,9,74.0,57.0,80
long,78,10,74.0,92.0,80
long,78,11,74.0,67.0,80
long,78,12,74.0,73.0,80
long,78,13,74.0,108.0,80
long,78,14,74.0,100.0,80
long,78,15,74.0,101.0,80
long,78,16,74.0,78.0,80
long,78,17,74.0,88.0,80
long,78,18,74.0,96.0,80
long,78,19,74.0,76.0,80
long,78,20,74.0,82.0,80
long,78,21,74.0,78.0,80
long,78,22,74.0,66.0,80
long,78,23,74.0,70.0,80
long,78,24,74.0,91.0,80
long,78,25,74.0,104.0,80
long,78,26,74.0,85.0,80
long,78,27,74.0,88.0,80
long,78,28,74.0,86.0,80
long,78,29,74.0,80.0,80
long,78,30,74.0,91.0,80
long,78,31,74.0,100.0,80
long,78,32,74.0,97.0,80
long,78,33,74.0,79.0,80
long,78,34,74.0,85.0,80
long,78,35,74.0,93.0,80
long,78,36,74.0,75.0,80
long,78,37,74.0,55.0,80
long,78,38,74.0,73.0,80
long,78,39,74.0,101.0,80
long,78,40,74.0,52.0,80
long,78,41,74.0,77.0,80
long,78,42,74.0,93.0,80
long,78,43,74.0,76.0,80
long,78,44,74.0,66.0,80
long,78,45,74.0,82.0,80
long,78,46,74.0,69.0,80
long,78,47,74.0,81.0,80
long,78,48,74.0,76.0,80
long,78,49,74.0,73.0,80
long,84,0,85.0,100.0,80
long,84,1,85.0,100.0,80
long,84,2,85.0,100.0,80
long,84,3,85.0,105.0,80
long,84,4,85.0,84.0,80
long,84,5,85.0,80.0,80
long,84,6,85.0,92.0,80
long,84,7,85.0,100.0,80
long,84,8,85.0,97.0,80
long,84,9,85.0,104.0,80
long,84,10,85.0,80.0,80
long,84,11,85.0,96.0,80
long,84,12,85.0,93.0,80
long,84,13,85.0,104.0,80
long,84,14,85.0,93.0,80
long,84,15,85.0,108.0,80
long,84,16,85.0,108.0,80
long,84,17,85.0,76.0,80
long,84,18,85.0,101.0,80
long,84,19,85.0,84.0,80
long,84,20,85.0,96.0,80
long,84,21,85.0,92.0,80
long,84,22,85.0,100.0,80
long,84,23,85.0,105.0,80
long,84,24,85.0,96.0,80
long,84,25,85.0,88.0,80
long,84,26,85.0,104.0,80
long,84,27,85.0,76.0,80
long,84,28,85.0,96.0,80
long,84,29,85.0,88.0,80
long,84,30,85.0,92.0,80
long,84,31,85.0,88.0,80
long,84,32,85.0,92.0,80
long,84,33,85.0,104.0,80
long,84,34,85.0,100.0,80
long,84,35,85.0,92.0,80
long,84,36,85.0,85.0,80
long,84,37,85.0,104.0,80
long,84,38,85.0,72.0,80
long,84,39,85.0,92.0,80
long,84,40,85.0,104.0,80
long,84,41,85.0,84.0,80
long,84,42,85.0,100.0,80
long,84,43,85.0,84.0,80
long,84,44,85.0,84.0,80
long,84,45,85.0,100.0,80
long,84,46,85.0,108.0,80
long,84,47,85.0,92.0,80
long,84,48,85.0,84.0,80
long,84,49,85.0,93.0,80
long,55,0,85.0,76.0,80
long,55,1,85.0,81.0,80
long,55,2,85.0,93.0,80
long,55,3,85.0,80.0,80
long,55,4,85.0,93.0,80
long,55,5,85.0,92.0,80
long,55,6,85.0,89.0,80
long,55,7,85.0,72.0,80
long,55,8,85.0,84.0,80
long,55,9,85.0,84.0,80
long,55,10,85.0,84.0,80
long,55,11,85.0,80.0,80
long,55,12,85.0,92.0,80
long,55,13,85.0,92.0,80
long,55,14,85.0,52.0,80
long,55,15,85.0,76.0,80
long,55,16,85.0,64.0,80
long,55,17,85.0,72.0,80
long,55,18,85.0,84.0,80
long,55,19,85.0,76.0,80
long,55,20,85.0,80.0,80
long,55,21,85.0,68.0,80
long,55,22,85.0,96.0,80
long,55,23,85.0,92.0,80
long,55,24,85.0,84.0,80
long,55,25,85.0,68.0,80
long,55,26,85.0,64.0,80
long,55,27,85.0,72.0,80
long,55,28,85.0,84.0,80
long,55,29,85.0,64.0,80
long,55,30,85.0,64.0,80
long,55,31,85.0,76.0,80
long,55,32,85.0,84.0,80
long,55,33,85.0,77.0,80
long,55,34,85.0,80.0,80
long,55,35,85.0,84.0,80
long,55,36,85.0,76.0,80
long,55,37,85.0,73.0,80
long,55,38,85.0,69.0,80
long,55,39,85.0,93.0,80
long,55,40,85.0,76.0,80
long,55,41,85.0,81.0,80
long,55,42,85.0,66.0,80
long,55,43,85.0,85.0,80
long,55,44,85.0,60.0,80
long,55,45,85.0,72.0,80
long,55,46,85.0,69.0,80
long,55,47,85.0,82.0,80
long,55,48,85.0,84.0,80
long,55,49,85.0,60.0,80
long,34,0,101.0,94.0,80
long,34,1,101.0,95.0,80
long,34,2,101.0,79.0,80
long,34,3,101.0,97.0,80
long,34,4,101.0,84.0,80
long,34,5,101.0,89.0,80
long,34,6,101.0,80.0,80
long,34,7,101.0,77.0,80
long,34,8,101.0,72.0,80
long,34,9,101.0,101.0,80
long,34,10,101.0,88.0,80
long,34,11,101.0,75.0,80
long,34,12,101.0,60.0,80
long,34,13,101.0,89.0,80
long,34,14,101.0,103.0,80
long,34,15,101.0,105.0,80
long,34,16,101.0,100.0,80
long,34,17,101.0,79.0,80
long,34,18,101.0,83.0,80
long,34,19,101.0,85.0,80
long,34,20,101.0,76.0,80
long,34,21,101.0,81.0,80
long,34,22,101.0,99.0,80
long,34,23,101.0,109.0,80
long,34,24,101.0,100.0,80
long,34,25,101.0,109.0,80
long,34,26,101.0,88.0,80
long,34,27,101.0,74.0,80
long,34,28,101.0,122.0,80
long,34,29,101.0,103.0,80
long,34,30,101.0,101.0,80
long,34,31,101.0,70.0,80
long,34,32,101.0,86.0,80
long,34,33,101.0,89.0,80
long,34,34,101.0,82.0,80
long,34,35,101.0,75.0,80
long,34,36,101.0,91.0,80
long,34,37,101.0,72.0,80
long,34,38,101.0,105.0,80
long,34,39,101.0,85.0,80
long,34,40,101.0,91.0,80
long,34,41,101.0,92.0,80
long,34,42,101.0,67.0,80
long,34,43,101.0,89.0,80
long,34,44,101.0,109.0,80
long,34,45,101.0,65.0,80
long,34,46,101.0,80.0,80
long,34,47,101.0,79.0,80
long,34,48,101.0,91.0,80
long,34,49,101.0,105.0,80
long,74,0,82.0,93.0,80
long,74,1,82.0,105.0,80
long,74,2,82.0,78.0,80
long,74,3,82.0,75.0,80
long,74,4,82.0,62.0,80
long,74,5,82.0,80.0,80
long,74,6,82.0,59.0,80
long,74,7,82.0,84.0,80
long,74,8,82.0,56.0,80
long,74,9,82.0,79.0,80
long,74,10,82.0,81.0,80
long,74,11,82.0,84.0,80
long,74,12,82.0,100.0,80
long,74,13,82.0,90.0,80
long,74,14,82.0,101.0,80
long,74,15,82.0,82.0,80
long,74,16,82.0,73.0,80
long,74,17,82.0,116.0,80
long,74,18,82.0,88.0,80
long,74,19,82.0,82.0,80
long,74,20,82.0,92.0,80
long,74,21,82.0,90.0,80
long,74,22,82.0,81.0,80
long,74,23,82.0,85.0,80
long,74,24,82.0,104.0,80
long,74,25,82.0,95.0,80
long,74,26,82.0,101.0,80
long,74,27,82.0,74.0,80
long,74,28,82.0,81.0,80
long,74,29,82.0,69.0,80
long,74,30,82.0,81.0,80
long,74,31,82.0,81.0,80
long,74,32,82.0,96.0,80
long,74,33,82.0,88.0,80
long,74,34,82.0,96.0,80
long,74,35,82.0,121.0,80
long,74,36,82.0,105.0,80
long,74,37,82.0,96.0,80
long,74,38,82.0,100.0,80
long,74,39,82.0,81.0,80
long,74,40,82.0,93.0,80
long,74,41,82.0,74.0,80
long,74,42,82.0,86.0,80
long,74,43,82.0,85.0,80
long,74,44,82.0,117.0,80
long,74,45,82.0,74.0,80
long,74,46,82.0,80.0,80
long,74,47,82.0,81.0,80
long,74,48,82.0,109.0,80
long,74,49,82.0,82.0,80
long,65,0,94.0,100.0,80
long,65,1,94.0,85.0,80
long,65,2,94.0,97.0,80
long,65,3,94.0,97.0,80
long,65,4,94.0,108.0,80
long,65,5,94.0,105.0,80
long,65,6,94.0,96.0,80
long,65,7,94.0,91.0,80
long,65,8,94.0,93.0,80
long,65,9,94.0,95.0,80
long,65,10,94.0,102.0,80
long,65,11,94.0,79.0,80
long,65,12,94.0,102.0,80
long,65,13,94.0,82.0,80
long,65,14,94.0,97.0,80
long,65,15,94.0,102.0,80
long,65,16,94.0,93.0,80
long,65,17,94.0,90.0,80
long,65,18,94.0,114.0,80
long,65,19,94.0,82.0,80
long,65,20,94.0,80.0,80
long,65,21,94.0,98.0,80
long,65,22,94.0,87.0,80
long,65,23,94.0,91.0,80
long,65,24,94.0,102.0,80
long,65,25,94.0,104.0,80
long,65,26,94.0,77.0,80
long,65,27,94.0,100.0,80
long,65,28,94.0,82.0,80
long,65,29,94.0,102.0,80
long,65,30,94.0,121.0,80
long,65,31,94.0,106.0,80
long,65,32,94.0,91.0,80
long,65,33,94.0,88.0,80
long,65,34,94.0,101.0,80
long,65,35,94.0,101.0,80
long,65,36,94.0,82.0,80
long,65,37,94.0,88.0,80
long,65,38,94.0,84.0,80
long,65,39,94.0,94.0,80
long,65,40,94.0,98.0,80
long,65,41,94.0,94.0,80
long,65,42,94.0,92.0,80
long,65,43,94.0,86.0,80
long,65,44,94.0,98.0,80
long,65,45,94.0,112.0,80
long,65,46,94.0,87.0,80
long,65,47,94.0,90.0,80
long,65,48,94.0,102.0,80
long,65,49,94.0,83.0,80
long,49,0,84.0,104.0,80
long,49,1,84.0,69.0,80
long,49,2,84.0,88.0,80
long,49,3,84.0,73.0,80
long,49,4,84.0,97.0,80
long,49,5,84.0,105.0,80
long,49,6,84.0,73.0,80
long,49,7,84.0,69.0,80
long,49,8,84.0,76.0,80
long,49,9,84.0,69.0,80
long,49,10,84.0,73.0,80
long,49,11,84.0,84.0,80
long,49,12,84.0,89.0,80
long,49,13,84.0,100.0,80
long,49,14,84.0,76.0,80
long,49,15,84.0,69.0,80
long,49,16,84.0,80.0,80
long,49,17,84.0,72.0,80
long,49,18,84.0,81.0,80
long,49,19,84.0,80.0,80
long,49,20,84.0,76.0,80
long,49,21,84.0,68.0,80
long,49,22,84.0,48.0,80
long,49,23,84.0,88.0,80
long,49,24,84.0,81.0,80
long,49,25,84.0,76.0,80
long,49,26,84.0,96.0,80
long,49,27,84.0,72.0,80
long,49,28,84.0,104.0,80
long,49,29,84.0,77.0,80
long,49,30,84.0,81.0,80
long,49,31,84.0,52.0,80
long,49,32,84.0,69.0,80
long,49,33,84.0,73.0,80
long,49,34,84.0,105.0,80
long,49,35,84.0,64.0,80
long,49,36,84.0,84.0,80
long,49,37,84.0,68.0,80
long,49,38,84.0,68.0,80
long,49,39,84.0,89.0,80
long,49,40,84.0,73.0,80
long,49,41,84.0,88.0,80
long,49,42,84.0,76.0,80
long,49,43,84.0,60.0,80
long,49,44,84.0,76.0,80
long,49,45,84.0,64.0,80
long,49,46,84.0,72.0,80
long,49,47,84.0,72.0,80
long,49,48,84.0,57.0,80
long,49,49,84.0,92.0,80
long,104,0,81.0,64.0,80
long,104,1,81.0,80.0,80
long,104,2,81.0,92.0,80
long,104,3,81.0,96.0,80
long,104,4,81.0,64.0,80
long,104,5,81.0,100.0,80
long,104,6,81.0,77.0,80
long,104,7,81.0,58.0,80
long,104,8,81.0,73.0,80
long,104,9,81.0,52.0,80
long,104,10,81.0,76.0,80
long,104,11,81.0,77.0,80
long,104,12,81.0,88.0,80
long,104,13,81.0,69.0,80
long,104,14,81.0,69.0,80
long,104,15,81.0,96.0,80
long,104,16,81.0,81.0,80
long,104,17,81.0,105.0,80
long,104,18,81.0,72.0,80
long,104,19,81.0,68.0,80
long,104,20,81.0,73.0,80
long,104,21,81.0,92.0,80
long,104,22,81.0,72.0,80
long,104,23,81.0,71.0,80
long,104,24,81.0,97.0,80
long,104,25,81.0,81.0,80
long,104,26,81.0,72.0,80
long,104,27,81.0,92.0,80
long,104,28,81.0,87.0,80
long,104,29,81.0,70.0,80
long,104,30,81.0,93.0,80
long,104,31,81.0,84.0,80
long,104,32,81.0,81.0,80
long,104,33,81.0,80.0,80
long,104,34,81.0,60.0,80
long,104,35,81.0,76.0,80
long,104,36,81.0,56.0,80
long,104,37,81.0,89.0,80
long,104,38,81.0,64.0,80
long,104,39,81.0,62.0,80
long,104,40,81.0,88.0,80
long,104,41,81.0,76.0,80
long,104,42,81.0,80.0,80
long,104,43,81.0,81.0,80
long,104,44,81.0,84.0,80
long,104,45,81.0,76.0,80
long,104,46,81.0,89.0,80
long,104,47,81.0,74.0,80
long,104,48,81.0,53.0,80
long,104,49,81.0,84.0,80
long,89,0,88.0,84.0,80
long,89,1,88.0,84.0,80
long,89,2,88.0,80.0,80
long,89,3,88.0,93.0,80
long,89,4,88.0,92.0,80
long,89,5,88.0,97.0,80
long,89,6,88.0,108.0,80
long,89,7,88.0,88.0,80
long,89,8,88.0,81.0,80
long,89,9,88.0,84.0,80
long,89,10,88.0,97.0,80
long,89,11,88.0,96.0,80
long,89,12,88.0,84.0,80
long,89,13,88.0,100.0,80
long,89,14,88.0,65.0,80
long,89,15,88.0,109.0,80
long,89,16,88.0,72.0,80
long,89,17,88.0,104.0,80
long,89,18,88.0,96.0,80
long,89,19,88.0,81.0,80
long,89,20,88.0,86.0,80
long,89,21,88.0,84.0,80
long,89,22,88.0,68.0,80
long,89,23,88.0,69.0,80
long,89,24,88.0,100.0,80
long,89,25,88.0,56.0,80
long,89,26,88.0,81.0,80
long,89,27,88.0,68.0,80
long,89,28,88.0,96.0,80
long,89,29,88.0,92.0,80
long,89,30,88.0,84.0,80
long,89,31,88.0,92.0,80
long,89,32,88.0,88.0,80
long,89,33,88.0,65.0,80
long,89,34,88.0,82.0,80
long,89,35,88.0,100.0,80
long,89,36,88.0,92.0,80
long,89,37,88.0,84.0,80
long,89,38,88.0,80.0,80
long,89,39,88.0,100.0,80
long,89,40,88.0,85.0,80
long,89,41,88.0,101.0,80
long,89,42,88.0,92.0,80
long,89,43,88.0,100.0,80
long,89,44,88.0,92.0,80
long,89,45,88.0,113.0,80
long,89,46,88.0,89.0,80
long,89,47,88.0,88.0,80
long,89,48,88.0,104.0,80
long,89,49,88.0,93.0,80
long,56,0,97.0,82.0,80
long,56,1,97.0,88.0,80
long,56,2,97.0,112.0,80
long,56,3,97.0,76.0,80
long,56,4,97.0,89.0,80
long,56,5,97.0,84.0,80
long,56,6,97.0,90.0,80
long,56,7,97.0,96.0,80
long,56,8,97.0,105.0,80
long,56,9,97.0,93.0,80
long,56,10,97.0,80.0,80
long,56,11,97.0,85.0,80
long,56,12,97.0,100.0,80
long,56,13,97.0,84.0,80
long,56,14,97.0,96.0,80
long,56,15,97.0,81.0,80
long,56,16,97.0,73.0,80
long,56,17,97.0,97.0,80
long,56,18,97.0,98.0,80
long,56,19,97.0,88.0,80
long,56,20,97.0,85.0,80
long,56,21,97.0,84.0,80
long,56,22,97.0,77.0,80
long,56,23,97.0,81.0,80
long,56,24,97.0,72.0,80
long,56,25,97.0,102.0,80
long,56,26,97.0,75.0,80
long,56,27,97.0,81.0,80
long,56,28,97.0,84.0,80
long,56,29,97.0,102.0,80
long,56,30,97.0,116.0,80
long,56,31,97.0,101.0,80
long,56,32,97.0,93.0,80
long,56,33,97.0,97.0,80
long,56,34,97.0,60.0,80
long,56,35,97.0,81.0,80
long,56,36,97.0,89.0,80
long,56,37,97.0,97.0,80
long,56,38,97.0,88.0,80
long,56,39,97.0,80.0,80
long,56,40,97.0,96.0,80
long,56,41,97.0,100.0,80
long,56,42,97.0,94.0,80
long,56,43,97.0,98.0,80
long,56,44,97.0,100.0,80
long,56,45,97.0,88.0,80
long,56,46,97.0,80.0,80
long,56,47,97.0,84.0,80
long,56,48,97.0,101.0,80
long,56,49,97.0,97.0,80
long,4,0,105.0,80.0,80
long,4,1,105.0,84.0,80
long,4,2,105.0,105.0,80
long,4,3,105.0,108.0,80
long,4,4,105.0,97.0,80
long,4,5,105.0,90.0,80
long,4,6,105.0,100.0,80
long,4,7,105.0,100.0,80
long,4,8,105.0,96.0,80
long,4,9,105.0,95.0,80
long,4,10,105.0,105.0,80
long,4,11,105.0,88.0,80
long,4,12,105.0,98.0,80
long,4,13,105.0,90.0,80
long,4,14,105.0,89.0,80
long,4,15,105.0,101.0,80
long,4,16,105.0,84.0,80
long,4,17,105.0,92.0,80
long,4,18,105.0,85.0,80
long,4,19,105.0,88.0,80
long,4,20,105.0,93.0,80
long,4,21,105.0,81.0,80
long,4,22,105.0,97.0,80
long,4,23,105.0,100.0,80
long,4,24,105.0,96.0,80
long,4,25,105.0,83.0,80
long,4,26,105.0,84.0,80
long,4,27,105.0,92.0,80
long,4,28,105.0,96.0,80
long,4,29,105.0,84.0,80
long,4,30,105.0,89.0,80
long,4,31,105.0,112.0,80
long,4,32,105.0,81.0,80
long,4,33,105.0,92.0,80
long,4,34,105.0,83.0,80
long,4,35,105.0,81.0,80
long,4,36,105.0,77.0,80
long,4,37,105.0,101.0,80
long,4,38,105.0,80.0,80
long,4,39,105.0,105.0,80
long,4,40,105.0,100.0,80
long,4,41,105.0,104.0,80
long,4,42,105.0,85.0,80
long,4,43,105.0,100.0,80
long,4,44,105.0,96.0,80
long,4,45,105.0,92.0,80
long,4,46,105.0,112.0,80
long,4,47,105.0,100.0,80
long,4,48,105.0,96.0,80
long,4,49,105.0,96.0,80
long,33,0,99.0,96.0,80
long,33,1,99.0,88.0,80
long,33,2,99.0,102.0,80
long,33,3,99.0,84.0,80
long,33,4,99.0,119.0,80
long,33,5,99.0,87.0,80
long,33,6,99.0,103.0,80
long,33,7,99.0,85.0,80
long,33,8,99.0,87.0,80
long,33,9,99.0,96.0,80
long,33,10,99.0,101.0,80
long,33,11,99.0,95.0,80
long,33,12,99.0,93.0,80
long,33,13,99.0,109.0,80
long,33,14,99.0,83.0,80
long,33,15,99.0,84.0,80
long,33,16,99.0,97.0,80
long,33,17,99.0,85.0,80
long,33,18,99.0,99.0,80
long,33,19,99.0,97.0,80
long,33,20,99.0,83.0,80
long,33,21,99.0,83.0,80
long,33,22,99.0,115.0,80
long,33,23,99.0,90.0,80
long,33,24,99.0,99.0,80
long,33,25,99.0,74.0,80
long,33,26,99.0,92.0,80
long,33,27,99.0,96.0,80
long,33,28,99.0,97.0,80
long,33,29,99.0,102.0,80
long,33,30,99.0,97.0,80
long,33,31,99.0,69.0,80
long,33,32,99.0,107.0,80
long,33,33,99.0,82.0,80
long,33,34,99.0,104.0,80
long,33,35,99.0,95.0,80
long,33,36,99.0,116.0,80
long,33,37,99.0,91.0,80
long,33,38,99.0,87.0,80
long,33,39,99.0,96.0,80
long,33,40,99.0,90.0,80
long,33,41,99.0,95.0,80
long,33,42,99.0,114.0,80
long,33,43,99.0,92.0,80
long,33,44,99.0,108.0,80
long,33,45,99.0,98.0,80
long,33,46,99.0,100.0,80
long,33,47,99.0,103.0,80
long,33,48,99.0,92.0,80
long,33,49,99.0,87.0,80
long,82,0,77.0,85.0,80
long,82,1,77.0,92.0,80
long,82,2,77.0,104.0,80
long,82,3,77.0,88.0,80
long,82,4,77.0,72.0,80
long,82,5,77.0,73.0,80
long,82,6,77.0,109.0,80
long,82,7,77.0,112.0,80
long,82,8,77.0,84.0,80
long,82,9,77.0,92.0,80
long,82,10,77.0,100.0,80
long,82,11,77.0,108.0,80
long,82,12,77.0,88.0,80
long,82,13,77.0,77.0,80
long,82,14,77.0,82.0,80
long,82,15,77.0,85.0,80
long,82,16,77.0,108.0,80
long,82,17,77.0,93.0,80
long,82,18,77.0,88.0,80
long,82,19,77.0,88.0,80
long,82,20,77.0,73.0,80
long,82,21,77.0,93.0,80
long,82,22,77.0,110.0,80
long,82,23,77.0,101.0,80
long,82,24,77.0,84.0,80
long,82,25,77.0,96.0,80
long,82,26,77.0,98.0,80
long,82,27,77.0,93.0,80
long,82,28,77.0,66.0,80
long,82,29,77.0,85.0,80
long,82,30,77.0,98.0,80
long,82,31,77.0,101.0,80
long,82,32,77.0,63.0,80
long,82,33,77.0,97.0,80
long,82,34,77.0,81.0,80
long,82,35,77.0,116.0,80
long,82,36,77.0,97.0,80
long,82,37,77.0,76.0,80
long,82,38,77.0,84.0,80
long,82,39,77.0,113.0,80
long,82,40,77.0,70.0,80
long,82,41,77.0,88.0,80
long,82,42,77.0,98.0,80
long,82,43,77.0,96.0,80
long,82,44,77.0,99.0,80
long,82,45,77.0,73.0,80
long,82,46,77.0,101.0,80
long,82,47,77.0,88.0,80
long,82,48,77.0,100.0,80
long,82,49,77.0,116.0,80
long,41,0,101.0,94.0,80
long,41,1,101.0,78.0,80
long,41,2,101.0,89.0,80
long,41,3,101.0,92.0,80
long,41,4,101.0,102.0,80
long,41,5,101.0,93.0,80
long,41,6,101.0,77.0,80
long,41,7,101.0,94.0,80
long,41,8,101.0,72.0,80
long,41,9,101.0,89.0,80
long,41,10,101.0,99.0,80
long,41,11,101.0,108.0,80
long,41,12,101.0,100.0,80
long,41,13,101.0,94.0,80
long,41,14,101.0,84.0,80
long,41,15,101.0,88.0,80
long,41,16,101.0,84.0,80
long,41,17,101.0,85.0,80
long,41,18,101.0,80.0,80
long,41,19,101.0,81.0,80
long,41,20,101.0,110.0,80
long,41,21,101.0,92.0,80
long,41,22,101.0,119.0,80
long,41,23,101.0,76.0,80
long,41,24,101.0,98.0,80
long,41,25,101.0,112.0,80
long,41,26,101.0,113.0,80
long,41,27,101.0,99.0,80
long,41,28,101.0,89.0,80
long,41,29,101.0,83.0,80
long,41,30,101.0,90.0,80
long,41,31,101.0,117.0,80
long,41,32,101.0,79.0,80
long,41,33,101.0,83.0,80
long,41,34,101.0,93.0,80
long,41,35,101.0,72.0,80
long,41,36,101.0,78.0,80
long,41,37,101.0,108.0,80
long,41,38,101.0,77.0,80
long,41,39,101.0,103.0,80
long,41,40,101.0,87.0,80
long,41,41,101.0,89.0,80
long,41,42,101.0,88.0,80
long,41,43,101.0,101.0,80
long,41,44,101.0,68.0,80
long,41,45,101.0,83.0,80
long,41,46,101.0,59.0,80
long,41,47,101.0,90.0,80
long,41,48,101.0,103.0,80
long,41,49,101.0,80.0,80
long,47,0,100.0,100.0,80
long,47,1,100.0,84.0,80
long,47,2,100.0,104.0,80
long,47,3,100.0,92.0,80
long,47,4,100.0,100.0,80
long,47,5,100.0,104.0,80
long,47,6,100.0,116.0,80
long,47,7,100.0,100.0,80
long,47,8,100.0,88.0,80
long,47,9,100.0,80.0,80
long,47,10,100.0,93.0,80
long,47,11,100.0,84.0,80
long,47,12,100.0,84.0,80
long,47,13,100.0,112.0,80
long,47,14,100.0,88.0,80
long,47,15,100.0,88.0,80
long,47,16,100.0,96.0,80
long,47,17,100.0,108.0,80
long,47,18,100.0,100.0,80
long,47,19,100.0,108.0,80
long,47,20,100.0,92.0,80
long,47,21,100.0,112.0,80
long,47,22,100.0,112.0,80
long,47,23,100.0,88.0,80
long,47,24,100.0,100.0,80
long,47,25,100.0,92.0,80
long,47,26,100.0,100.0,80
long,47,27,100.0,84.0,80
long,47,28,100.0,76.0,80
long,47,29,100.0,92.0,80
long,47,30,100.0,80.0,80
long,47,31,100.0,92.0,80
long,47,32,100.0,96.0,80
long,47,33,100.0,104.0,80
long,47,34,100.0,92.0,80
long,47,35,100.0,112.0,80
long,47,36,100.0,92.0,80
long,47,37,100.0,116.0,80
long,47,38,100.0,96.0,80
long,47,39,100.0,112.0,80
long,47,40,100.0,108.0,80
long,47,41,100.0,88.0,80
long,47,42,100.0,92.0,80
long,47,43,100.0,88.0,80
long,47,44,100.0,96.0,80
long,47,45,100.0,104.0,80
long,47,46,100.0,104.0,80
long,47,47,100.0,96.0,80
long,47,48,100.0,92.0,80
long,47,49,100.0,108.0,80
long,51,0,62.0,76.0,80
long,51,1,62.0,96.0,80
long,51,2,62.0,84.0,80
long,51,3,62.0,84.0,80
long,51,4,62.0,96.0,80
long,51,5,62.0,101.0,80
long,51,6,62.0,98.0,80
long,51,7,62.0,104.0,80
long,51,8,62.0,97.0,80
long,51,9,62.0,81.0,80
long,51,10,62.0,108.0,80
long,51,11,62.0,108.0,80
long,51,12,62.0,70.0,80
long,51,13,62.0,94.0,80
long,51,14,62.0,73.0,80
long,51,15,62.0,77.0,80
long,51,16,62.0,81.0,80
long,51,17,62.0,84.0,80
long,51,18,62.0,86.0,80
long,51,19,62.0,86.0,80
long,51,20,62.0,96.0,80
long,51,21,62.0,92.0,80
long,51,22,62.0,92.0,80
long,51,23,62.0,82.0,80
long,51,24,62.0,84.0,80
long,51,25,62.0,94.0,80
long,51,26,62.0,62.0,80
long,51,27,62.0,68.0,80
long,51,28,62.0,93.0,80
long,51,29,62.0,89.0,80
long,51,30,62.0,79.0,80
long,51,31,62.0,81.0,80
long,51,32,62.0,68.0,80
long,51,33,62.0,97.0,80
long,51,34,62.0,100.0,80
long,51,35,62.0,101.0,80
long,51,36,62.0,73.0,80
long,51,37,62.0,86.0,80
long,51,38,62.0,91.0,80
long,51,39,62.0,101.0,80
long,51,40,62.0,86.0,80
long,51,41,62.0,94.0,80
long,51,42,62.0,65.0,80
long,51,43,62.0,101.0,80
long,51,44,62.0,108.0,80
long,51,45,62.0,85.0,80
long,51,46,62.0,92.0,80
long,51,47,62.0,73.0,80
long,51,48,62.0,90.0,80
long,51,49,62.0,85.0,80
long,63,0,65.0,84.0,80
long,63,1,65.0,99.0,80
long,63,2,65.0,105.0,80
long,63,3,65.0,82.0,80
long,63,4,65.0,92.0,80
long,63,5,65.0,100.0,80
long,63,6,65.0,74.0,80
long,63,7,65.0,95.0,80
long,63,8,65.0,80.0,80
long,63,9,65.0,89.0,80
long,63,10,65.0,65.0,80
long,63,11,65.0,105.0,80
long,63,12,65.0,92.0,80
long,63,13,65.0,85.0,80
long,63,14,65.0,93.0,80
long,63,15,65.0,76.0,80
long,63,16,65.0,108.0,80
long,63,17,65.0,64.0,80
long,63,18,65.0,84.0,80
long,63,19,65.0,97.0,80
long,63,20,65.0,108.0,80
long,63,21,65.0,74.0,80
long,63,22,65.0,98.0,80
long,63,23,65.0,72.0,80
long,63,24,65.0,77.0,80
long,63,25,65.0,89.0,80
long,63,26,65.0,97.0,80
long,63,27,65.0,77.0,80
long,63,28,65.0,94.0,80
long,63,29,65.0,88.0,80
long,63,30,65.0,80.0,80
long,63,31,65.0,70.0,80
long,63,32,65.0,68.0,80
long,63,33,65.0,67.0,80
long,63,34,65.0,92.0,80
long,63,35,65.0,96.0,80
long,63,36,65.0,84.0,80
long,63,37,65.0,71.0,80
long,63,38,65.0,70.0,80
long,63,39,65.0,82.0,80
long,63,40,65.0,94.0,80
long,63,41,65.0,98.0,80
long,63,42,65.0,77.0,80
long,63,43,65.0,73.0,80
long,63,44,65.0,102.0,80
long,63,45,65.0,85.0,80
long,63,46,65.0,109.0,80
long,63,47,65.0,80.0,80
long,63,48,65.0,104.0,80
long,63,49,65.0,80.0,80
long,99,0,90.0,92.0,80
long,99,1,90.0,96.0,80
long,99,2,90.0,91.0,80
long,99,3,90.0,87.0,80
long,99,4,90.0,103.0,80
long,99,5,90.0,107.0,80
long,99,6,90.0,93.0,80
long,99,7,90.0,92.0,80
long,99,8,90.0,108.0,80
long,99,9,90.0,99.0,80
long,99,10,90.0,85.0,80
long,99,11,90.0,108.0,80
long,99,12,90.0,101.0,80
long,99,13,90.0,97.0,80
long,99,14,90.0,105.0,80
long,99,15,90.0,98.0,80
long,99,16,90.0,106.0,80
long,99,17,90.0,109.0,80
long,99,18,90.0,82.0,80
long,99,19,90.0,101.0,80
long,99,20,90.0,111.0,80
long,99,21,90.0,112.0,80
long,99,22,90.0,109.0,80
long,99,23,90.0,90.0,80
long,99,24,90.0,83.0,80
long,99,25,90.0,90.0,80
long,99,26,90.0,102.0,80
long,99,27,90.0,99.0,80
long,99,28,90.0,114.0,80
long,99,29,90.0,98.0,80
long,99,30,90.0,96.0,80
long,99,31,90.0,102.0,80
long,99,32,90.0,99.0,80
long,99,33,90.0,105.0,80
long,99,34,90.0,112.0,80
long,99,35,90.0,92.0,80
long,99,36,90.0,103.0,80
long,99,37,90.0,111.0,80
long,99,38,90.0,95.0,80
long,99,39,90.0,98.0,80
long,99,40,90.0,98.0,80
long,99,41,90.0,84.0,80
long,99,42,90.0,88.0,80
long,99,43,90.0,116.0,80
long,99,44,90.0,106.0,80
long,99,45,90.0,101.0,80
long,99,46,90.0,88.0,80
long,99,47,90.0,104.0,80
long,99,48,90.0,103.0,80
long,99,49,90.0,93.0,80
long,26,0,105.0,68.0,80
long,26,1,105.0,72.0,80
long,26,2,105.0,93.0,80
long,26,3,105.0,64.0,80
long,26,4,105.0,108.0,80
long,26,5,105.0,62.0,80
long,26,6,105.0,93.0,80
long,26,7,105.0,107.0,80
long,26,8,105.0,115.0,80
long,26,9,105.0,84.0,80
long,26,10,105.0,87.0,80
long,26,11,105.0,85.0,80
long,26,12,105.0,84.0,80
long,26,13,105.0,90.0,80
long,26,14,105.0,92.0,80
long,26,15,105.0,85.0,80
long,26,16,105.0,77.0,80
long,26,17,105.0,82.0,80
long,26,18,105.0,92.0,80
long,26,19,105.0,89.0,80
long,26,20,105.0,95.0,80
long,26,21,105.0,91.0,80
long,26,22,105.0,99.0,80
long,26,23,105.0,74.0,80
long,26,24,105.0,74.0,80
long,26,25,105.0,66.0,80
long,26,26,105.0,110.0,80
long,26,27,105.0,89.0,80
long,26,28,105.0,88.0,80
long,26,29,105.0,76.0,80
long,26,30,105.0,85.0,80
long,26,31,105.0,86.0,80
long,26,32,105.0,96.0,80
long,26,33,105.0,93.0,80
long,26,34,105.0,96.0,80
long,26,35,105.0,84.0,80
long,26,36,105.0,83.0,80
long,26,37,105.0,106.0,80
long,26,38,105.0,66.0,80
long,26,39,105.0,96.0,80
long,26,40,105.0,86.0,80
long,26,41,105.0,88.0,80
long,26,42,105.0,95.0,80
long,26,43,105.0,77.0,80
long,26,44,105.0,78.0,80
long,26,45,105.0,92.0,80
long,26,46,105.0,103.0,80
long,26,47,105.0,80.0,80
long,26,48,105.0,86.0,80
long,26,49,105.0,90.0,80
long,80,0,92.0,84.0,80
long,80,1,92.0,69.0,80
long,80,2,92.0,80.0,80
long,80,3,92.0,93.0,80
long,80,4,92.0,76.0,80
long,80,5,92.0,88.0,80
long,80,6,92.0,76.0,80
long,80,7,92.0,80.0,80
long,80,8,92.0,81.0,80
long,80,9,92.0,76.0,80
long,80,10,92.0,84.0,80
long,80,11,92.0,64.0,80
long,80,12,92.0,76.0,80
long,80,13,92.0,68.0,80
long,80,14,92.0,104.0,80
long,80,15,92.0,85.0,80
long,80,16,92.0,60.0,80
long,80,17,92.0,88.0,80
long,80,18,92.0,88.0,80
long,80,19,92.0,88.0,80
long,80,20,92.0,85.0,80
long,80,21,92.0,85.0,80
long,80,22,92.0,84.0,80
long,80,23,92.0,82.0,80
long,80,24,92.0,109.0,80
long,80,25,92.0,73.0,80
long,80,26,92.0,80.0,80
long,80,27,92.0,73.0,80
long,80,28,92.0,84.0,80
long,80,29,92.0,68.0,80
long,80,30,92.0,104.0,80
long,80,31,92.0,72.0,80
long,80,32,92.0,100.0,80
long,80,33,92.0,84.0,80
long,80,34,92.0,69.0,80
long,80,35,92.0,112.0,80
long,80,36,92.0,80.0,80
long,80,37,92.0,60.0,80
long,80,38,92.0,96.0,80
long,80,39,92.0,80.0,80
long,80,40,92.0,76.0,80
long,80,41,92.0,65.0,80
long,80,42,92.0,92.0,80
long,80,43,92.0,80.0,80
long,80,44,92.0,97.0,80
long,80,45,92.0,45.0,80
long,80,46,92.0,80.0,80
long,80,47,92.0,77.0,80
long,80,48,92.0,101.0,80
long,80,49,92.0,69.0,80
long,75,0,104.0,104.0,80
long,75,1,104.0,86.0,80
long,75,2,104.0,87.0,80
long,75,3,104.0,105.0,80
long,75,4,104.0,94.0,80
long,75,5,104.0,96.0,80
long,75,6,104.0,99.0,80
long,75,7,104.0,96.0,80
long,75,8,104.0,80.0,80
long,75,9,104.0,85.0,80
long,75,10,104.0,109.0,80
long,75,11,104.0,99.0,80
long,75,12,104.0,101.0,80
long,75,13,104.0,81.0,80
long,75,14,104.0,99.0,80
long,75,15,104.0,70.0,80
long,75,16,104.0,96.0,80
long,75,17,104.0,80.0,80
long,75,18,104.0,92.0,80
long,75,19,104.0,96.0,80
long,75,20,104.0,112.0,80
long,75,21,104.0,93.0,80
long,75,22,104.0,89.0,80
long,75,23,104.0,98.0,80
long,75,24,104.0,96.0,80
long,75,25,104.0,93.0,80
long,75,26,104.0,101.0,80
long,75,27,104.0,92.0,80
long,75,28,104.0,80.0,80
long,75,29,104.0,128.0,80
long,75,30,104.0,97.0,80
long,75,31,104.0,100.0,80
long,75,32,104.0,85.0,80
long,75,33,104.0,90.0,80
long,75,34,104.0,93.0,80
long,75,35,104.0,97.0,80
long,75,36,104.0,90.0,80
long,75,37,104.0,96.0,80
long,75,38,104.0,100.0,80
long,75,39,104.0,88.0,80
long,75,40,104.0,98.0,80
long,75,41,104.0,86.0,80
long,75,42,104.0,88.0,80
long,75,43,104.0,93.0,80
long,75,44,104.0,93.0,80
long,75,45,104.0,100.0,80
long,75,46,104.0,108.0,80
long,75,47,104.0,101.0,80
long,75,48,104.0,97.0,80
long,75,49,104.0,96.0,80
long,13,0,84.0,100.0,80
long,13,1,84.0,109.0,80
long,13,2,84.0,104.0,80
long,13,3,84.0,96.0,80
long,13,4,84.0,96.0,80
long,13,5,84.0,88.0,80
long,13,6,84.0,68.0,80
long,13,7,84.0,100.0,80
long,13,8,84.0,76.0,80
long,13,9,84.0,104.0,80
long,13,10,84.0,78.0,80
long,13,11,84.0,93.0,80
long,13,12,84.0,84.0,80
long,13,13,84.0,69.0,80
long,13,14,84.0,89.0,80
long,13,15,84.0,96.0,80
long,13,16,84.0,97.0,80
long,13,17,84.0,92.0,80
long,13,18,84.0,89.0,80
long,13,19,84.0,96.0,80
long,13,20,84.0,84.0,80
long,13,21,84.0,77.0,80
long,13,22,84.0,92.0,80
long,13,23,84.0,101.0,80
long,13,24,84.0,97.0,80
long,13,25,84.0,88.0,80
long,13,26,84.0,101.0,80
long,13,27,84.0,80.0,80
long,13,28,84.0,85.0,80
long,13,29,84.0,104.0,80
long,13,30,84.0,105.0,80
long,13,31,84.0,89.0,80
long,13,32,84.0,105.0,80
long,13,33,84.0,97.0,80
long,13,34,84.0,78.0,80
long,13,35,84.0,98.0,80
long,13,36,84.0,100.0,80
long,13,37,84.0,94.0,80
long,13,38,84.0,96.0,80
long,13,39,84.0,76.0,80
long,13,40,84.0,88.0,80
long,13,41,84.0,88.0,80
long,13,42,84.0,102.0,80
long,13,43,84.0,77.0,80
long,13,44,84.0,112.0,80
long,13,45,84.0,82.0,80
long,13,46,84.0,98.0,80
long,13,47,84.0,70.0,80
long,13,48,84.0,92.0,80
long,13,49,84.0,108.0,80
long,29,0,77.0,60.0,80
long,29,1,77.0,81.0,80
long,29,2,77.0,100.0,80
long,29,3,77.0,108.0,80
long,29,4,77.0,84.0,80
long,29,5,77.0,88.0,80
long,29,6,77.0,96.0,80
long,29,7,77.0,97.0,80
long,29,8,77.0,73.0,80
long,29,9,77.0,60.0,80
long,29,10,77.0,65.0,80
long,29,11,77.0,100.0,80
long,29,12,77.0,88.0,80
long,29,13,77.0,76.0,80
long,29,14,77.0,80.0,80
long,29,15,77.0,96.0,80
long,29,16,77.0,60.0,80
long,29,17,77.0,85.0,80
long,29,18,77.0,77.0,80
long,29,19,77.0,84.0,80
long,29,20,77.0,96.0,80
long,29,21,77.0,96.0,80
long,29,22,77.0,96.0,80
long,29,23,77.0,68.0,80
long,29,24,77.0,85.0,80
long,29,25,77.0,112.0,80
long,29,26,77.0,76.0,80
long,29,27,77.0,72.0,80
long,29,28,77.0,96.0,80
long,29,29,77.0,104.0,80
long,29,30,77.0,100.0,80
long,29,31,77.0,92.0,80
long,29,32,77.0,68.0,80
long,29,33,77.0,92.0,80
long,29,34,77.0,96.0,80
long,29,35,77.0,64.0,80
long,29,36,77.0,92.0,80
long,29,37,77.0,68.0,80
long,29,38,77.0,96.0,80
long,29,39,77.0,73.0,80
long,29,40,77.0,76.0,80
long,29,41,77.0,72.0,80
long,29,42,77.0,80.0,80
long,29,43,77.0,96.0,80
long,29,44,77.0,76.0,80
long,29,45,77.0,93.0,80
long,29,46,77.0,60.0,80
long,29,47,77.0,84.0,80
long,29,48,77.0,101.0,80
long,29,49,77.0,89.0,80
long,46,0,88.0,85.0,80
long,46,1,88.0,84.0,80
long,46,2,88.0,85.0,80
long,46,3,88.0,85.0,80
long,46,4,88.0,81.0,80
long,46,5,88.0,81.0,80
long,46,6,88.0,77.0,80
long,46,7,88.0,69.0,80
long,46,8,88.0,89.0,80
long,46,9,88.0,71.0,80
long,46,10,88.0,84.0,80
long,46,11,88.0,85.0,80
long,46,12,88.0,78.0,80
long,46,13,88.0,76.0,80
long,46,14,88.0,77.0,80
long,46,15,88.0,77.0,80
long,46,16,88.0,80.0,80
long,46,17,88.0,66.0,80
long,46,18,88.0,83.0,80
long,46,19,88.0,92.0,80
long,46,20,88.0,92.0,80
long,46,21,88.0,80.0,80
long,46,22,88.0,100.0,80
long,46,23,88.0,85.0,80
long,46,24,88.0,88.0,80
long,46,25,88.0,78.0,80
long,46,26,88.0,100.0,80
long,46,27,88.0,73.0,80
long,46,28,88.0,76.0,80
long,46,29,88.0,98.0,80
long,46,30,88.0,86.0,80
long,46,31,88.0,57.0,80
long,46,32,88.0,76.0,80
long,46,33,88.0,78.0,80
long,46,34,88.0,73.0,80
long,46,35,88.0,74.0,80
long,46,36,88.0,57.0,80
long,46,37,88.0,90.0,80
long,46,38,88.0,92.0,80
long,46,39,88.0,73.0,80
long,46,40,88.0,108.0,80
long,46,41,88.0,97.0,80
long,46,42,88.0,94.0,80
long,46,43,88.0,85.0,80
long,46,44,88.0,69.0,80
long,46,45,88.0,101.0,80
long,46,46,88.0,68.0,80
long,46,47,88.0,90.0,80
long,46,48,88.0,96.0,80
long,46,49,88.0,76.0,80
long,52,0,89.0,86.0,80
long,52,1,89.0,81.0,80
long,52,2,89.0,69.0,80
long,52,3,89.0,89.0,80
long,52,4,89.0,76.0,80
long,52,5,89.0,108.0,80
long,52,6,89.0,57.0,80
long,52,7,89.0,73.0,80
long,52,8,89.0,77.0,80
long,52,9,89.0,70.0,80
long,52,10,89.0,74.0,80
long,52,11,89.0,80.0,80
long,52,12,89.0,57.0,80
long,52,13,89.0,80.0,80
long,52,14,89.0,70.0,80
long,52,15,89.0,73.0,80
long,52,16,89.0,60.0,80
long,52,17,89.0,81.0,80
long,52,18,89.0,99.0,80
long,52,19,89.0,65.0,80
long,52,20,89.0,57.0,80
long,52,21,89.0,82.0,80
long,52,22,89.0,81.0,80
long,52,23,89.0,73.0,80
long,52,24,89.0,84.0,80
long,52,25,89.0,84.0,80
long,52,26,89.0,93.0,80
long,52,27,89.0,77.0,80
long,52,28,89.0,89.0,80
long,52,29,89.0,81.0,80
long,52,30,89.0,86.0,80
long,52,31,89.0,96.0,80
long,52,32,89.0,74.0,80
long,52,33,89.0,80.0,80
long,52,34,89.0,85.0,80
long,52,35,89.0,92.0,80
long,52,36,89.0,89.0,80
long,52,37,89.0,76.0,80
long,52,38,89.0,76.0,80
long,52,39,89.0,74.0,80
long,52,40,89.0,75.0,80
long,52,41,89.0,100.0,80
long,52,42,89.0,66.0,80
long,52,43,89.0,64.0,80
long,52,44,89.0,89.0,80
long,52,45,89.0,82.0,80
long,52,46,89.0,70.0,80
long,52,47,89.0,80.0,80
long,52,48,89.0,85.0,80
long,52,49,89.0,74.0,80
long,67,0,84.0,88.0,80
long,67,1,84.0,88.0,80
long,67,2,84.0,80.0,80
long,67,3,84.0,92.0,80
long,67,4,84.0,92.0,80
long,67,5,84.0,96.0,80
long,67,6,84.0,88.0,80
long,67,7,84.0,84.0,80
long,67,8,84.0,104.0,80
long,67,9,84.0,80.0,80
long,67,10,84.0,84.0,80
long,67,11,84.0,84.0,80
long,67,12,84.0,80.0,80
long,67,13,84.0,100.0,80
long,67,14,84.0,76.0,80
long,67,15,84.0,84.0,80
long,67,16,84.0,80.0,80
long,67,17,84.0,88.0,80
long,67,18,84.0,88.0,80
long,67,19,84.0,72.0,80
long,67,20,84.0,68.0,80
long,67,21,84.0,80.0,80
long,67,22,84.0,80.0,80
long,67,23,84.0,100.0,80
long,67,24,84.0,76.0,80
long,67,25,84.0,76.0,80
long,67,26,84.0,80.0,80
long,67,27,84.0,88.0,80
long,67,28,84.0,96.0,80
long,67,29,84.0,72.0,80
long,67,30,84.0,76.0,80
long,67,31,84.0,100.0,80
long,67,32,84.0,84.0,80
long,67,33,84.0,104.0,80
long,67,34,84.0,80.0,80
long,67,35,84.0,60.0,80
long,67,36,84.0,80.0,80
long,67,37,84.0,68.0,80
long,67,38,84.0,92.0,80
long,67,39,84.0,80.0,80
long,67,40,84.0,96.0,80
long,67,41,84.0,92.0,80
long,67,42,84.0,100.0,80
long,67,43,84.0,80.0,80
long,67,44,84.0,96.0,80
long,67,45,84.0,84.0,80
long,67,46,84.0,80.0,80
long,67,47,84.0,96.0,80
long,67,48,84.0,100.0,80
long,67,49,84.0,108.0,80
long,105,0,69.0,80.0,80
long,105,1,69.0,88.0,80
long,105,2,69.0,93.0,80
long,105,3,69.0,96.0,80
long,105,4,69.0,104.0,80
long,105,5,69.0,97.0,80
long,105,6,69.0,100.0,80
long,105,7,69.0,88.0,80
long,105,8,69.0,100.0,80
long,105,9,69.0,96.0,80
long,105,10,69.0,92.0,80
long,105,11,69.0,92.0,80
long,105,12,69.0,77.0,80
long,105,13,69.0,84.0,80
long,105,14,69.0,92.0,80
long,105,15,69.0,89.0,80
long,105,16,69.0,79.0,80
long,105,17,69.0,88.0,80
long,105,18,69.0,105.0,80
long,105,19,69.0,108.0,80
long,105,20,69.0,81.0,80
long,105,21,69.0,89.0,80
long,105,22,69.0,101.0,80
long,105,23,69.0,97.0,80
long,105,24,69.0,100.0,80
long,105,25,69.0,100.0,80
long,105,26,69.0,76.0,80
long,105,27,69.0,92.0,80
long,105,28,69.0,104.0,80
long,105,29,69.0,112.0,80
long,105,30,69.0,89.0,80
long,105,31,69.0,84.0,80
long,105,32,69.0,92.0,80
long,105,33,69.0,84.0,80
long,105,34,69.0,76.0,80
long,105,35,69.0,101.0,80
long,105,36,69.0,72.0,80
long,105,37,69.0,96.0,80
long,105,38,69.0,72.0,80
long,105,39,69.0,89.0,80
long,105,40,69.0,86.0,80
long,105,41,69.0,76.0,80
long,105,42,69.0,108.0,80
long,105,43,69.0,85.0,80
long,105,44,69.0,104.0,80
long,105,45,69.0,84.0,80
long,105,46,69.0,80.0,80
long,105,47,69.0,92.0,80
long,105,48,69.0,100.0,80
long,105,49,69.0,84.0,80
long,101,0,100.0,98.0,80
long,101,1,100.0,109.0,80
long,101,2,100.0,92.0,80
long,101,3,100.0,106.0,80
long,101,4,100.0,103.0,80
long,101,5,100.0,98.0,80
long,101,6,100.0,90.0,80
long,101,7,100.0,91.0,80
long,101,8,100.0,109.0,80
long,101,9,100.0,86.0,80
long,101,10,100.0,93.0,80
long,101,11,100.0,98.0,80
long,101,12,100.0,109.0,80
long,101,13,100.0,100.0,80
long,101,14,100.0,98.0,80
long,101,15,100.0,83.0,80
long,101,16,100.0,91.0,80
long,101,17,100.0,87.0,80
long,101,18,100.0,104.0,80
long,101,19,100.0,96.0,80
long,101,20,100.0,102.0,80
long,101,21,100.0,99.0,80
long,101,22,100.0,117.0,80
long,101,23,100.0,93.0,80
long,101,24,100.0,110.0,80
long,101,25,100.0,102.0,80
long,101,26,100.0,91.0,80
long,101,27,100.0,100.0,80
long,101,28,100.0,114.0,80
long,101,29,100.0,98.0,80
long,101,30,100.0,91.0,80
long,101,31,100.0,109.0,80
long,101,32,100.0,98.0,80
long,101,33,100.0,91.0,80
long,101,34,100.0,109.0,80
long,101,35,100.0,99.0,80
long,101,36,100.0,89.0,80
long,101,37,100.0,80.0,80
long,101,38,100.0,112.0,80
long,101,39,100.0,106.0,80
long,101,40,100.0,93.0,80
long,101,41,100.0,85.0,80
long,101,42,100.0,113.0,80
long,101,43,100.0,105.0,80
long,101,44,100.0,89.0,80
long,101,45,100.0,86.0,80
long,101,46,100.0,108.0,80
long,101,47,100.0,114.0,80
long,101,48,100.0,114.0,80
long,101,49,100.0,102.0,80
long,61,0,108.0,92.0,80
long,61,1,108.0,76.0,80
long,61,2,108.0,112.0,80
long,61,3,108.0,92.0,80
long,61,4,108.0,104.0,80
long,61,5,108.0,108.0,80
long,61,6,108.0,112.0,80
long,61,7,108.0,93.0,80
long,61,8,108.0,96.0,80
long,61,9,108.0,84.0,80
long,61,10,108.0,92.0,80
long,61,11,108.0,112.0,80
long,61,12,108.0,108.0,80
long,61,13,108.0,100.0,80
long,61,14,108.0,84.0,80
long,61,15,108.0,84.0,80
long,61,16,108.0,104.0,80
long,61,17,108.0,112.0,80
long,61,18,108.0,80.0,80
long,61,19,108.0,92.0,80
long,61,20,108.0,100.0,80
long,61,21,108.0,96.0,80
long,61,22,108.0,105.0,80
long,61,23,108.0,101.0,80
long,61,24,108.0,108.0,80
long,61,25,108.0,108.0,80
long,61,26,108.0,100.0,80
long,61,27,108.0,93.0,80
long,61,28,108.0,112.0,80
long,61,29,108.0,100.0,80
long,61,30,108.0,80.0,80
long,61,31,108.0,100.0,80
long,61,32,108.0,92.0,80
long,61,33,108.0,92.0,80
long,61,34,108.0,80.0,80
long,61,35,108.0,89.0,80
long,61,36,108.0,104.0,80
long,61,37,108.0,103.0,80
long,61,38,108.0,92.0,80
long,61,39,108.0,104.0,80
long,61,40,108.0,88.0,80
long,61,41,108.0,84.0,80
long,61,42,108.0,108.0,80
long,61,43,108.0,108.0,80
long,61,44,108.0,108.0,80
long,61,45,108.0,112.0,80
long,61,46,108.0,92.0,80
long,61,47,108.0,108.0,80
long,61,48,108.0,84.0,80
long,61,49,108.0,84.0,80
long,27,0,85.0,88.0,80
long,27,1,85.0,99.0,80
long,27,2,85.0,87.0,80
long,27,3,85.0,108.0,80
long,27,4,85.0,97.0,80
long,27,5,85.0,106.0,80
long,27,6,85.0,111.0,80
long,27,7,85.0,66.0,80
long,27,8,85.0,94.0,80
long,27,9,85.0,87.0,80
long,27,10,85.0,98.0,80
long,27,11,85.0,99.0,80
long,27,12,85.0,94.0,80
long,27,13,85.0,90.0,80
long,27,14,85.0,93.0,80
long,27,15,85.0,77.0,80
long,27,16,85.0,79.0,80
long,27,17,85.0,103.0,80
long,27,18,85.0,82.0,80
long,27,19,85.0,100.0,80
long,27,20,85.0,103.0,80
long,27,21,85.0,97.0,80
long,27,22,85.0,109.0,80
long,27,23,85.0,100.0,80
long,27,24,85.0,85.0,80
long,27,25,85.0,86.0,80
long,27,26,85.0,118.0,80
long,27,27,85.0,92.0,80
long,27,28,85.0,92.0,80
long,27,29,85.0,73.0,80
long,27,30,85.0,90.0,80
long,27,31,85.0,113.0,80
long,27,32,85.0,110.0,80
long,27,33,85.0,82.0,80
long,27,34,85.0,98.0,80
long,27,35,85.0,76.0,80
long,27,36,85.0,96.0,80
long,27,37,85.0,100.0,80
long,27,38,85.0,102.0,80
long,27,39,85.0,98.0,80
long,27,40,85.0,86.0,80
long,27,41,85.0,75.0,80
long,27,42,85.0,95.0,80
long,27,43,85.0,95.0,80
long,27,44,85.0,97.0,80
long,27,45,85.0,107.0,80
long,27,46,85.0,118.0,80
long,27,47,85.0,107.0,80
long,27,48,85.0,78.0,80
long,27,49,85.0,91.0,80
long,93,0,92.0,74.0,80
long,93,1,92.0,71.0,80
long,93,2,92.0,69.0,80
long,93,3,92.0,76.0,80
long,93,4,92.0,73.0,80
long,93,5,92.0,92.0,80
long,93,6,92.0,62.0,80
long,93,7,92.0,77.0,80
long,93,8,92.0,65.0,80
long,93,9,92.0,88.0,80
long,93,10,92.0,66.0,80
long,93,11,92.0,68.0,80
long,93,12,92.0,81.0,80
long,93,13,92.0,76.0,80
long,93,14,92.0,70.0,80
long,93,15,92.0,77.0,80
long,93,16,92.0,77.0,80
long,93,17,92.0,73.0,80
long,93,18,92.0,80.0,80
long,93,19,92.0,66.0,80
long,93,20,92.0,85.0,80
long,93,21,92.0,81.0,80
long,93,22,92.0,87.0,80
long,93,23,92.0,89.0,80
long,93,24,92.0,92.0,80
long,93,25,92.0,88.0,80
long,93,26,92.0,93.0,80
long,93,27,92.0,88.0,80
long,93,28,92.0,84.0,80
long,93,29,92.0,81.0,80
long,93,30,92.0,86.0,80
long,93,31,92.0,73.0,80
long,93,32,92.0,70.0,80
long,93,33,92.0,66.0,80
long,93,34,92.0,89.0,80
long,93,35,92.0,78.0,80
long,93,36,92.0,101.0,80
long,93,37,92.0,74.0,80
long,93,38,92.0,64.0,80
long,93,39,92.0,94.0,80
long,93,40,92.0,72.0,80
long,93,41,92.0,80.0,80
long,93,42,92.0,78.0,80
long,93,43,92.0,72.0,80
long,93,44,92.0,73.0,80
long,93,45,92.0,76.0,80
long,93,46,92.0,82.0,80
long,93,47,92.0,54.0,80
long,93,48,92.0,84.0,80
long,93,49,92.0,81.0,80
long,17,0,96.0,65.0,80
long,17,1,96.0,78.0,80
long,17,2,96.0,56.0,80
long,17,3,96.0,56.0,80
long,17,4,96.0,77.0,80
long,17,5,96.0,72.0,80
long,17,6,96.0,79.0,80
long,17,7,96.0,81.0,80
long,17,8,96.0,58.0,80
long,17,9,96.0,74.0,80
long,17,10,96.0,75.0,80
long,17,11,96.0,71.0,80
long,17,12,96.0,79.0,80
long,17,13,96.0,82.0,80
long,17,14,96.0,76.0,80
long,17,15,96.0,76.0,80
long,17,16,96.0,96.0,80
long,17,17,96.0,47.0,80
long,17,18,96.0,71.0,80
long,17,19,96.0,99.0,80
long,17,20,96.0,86.0,80
long,17,21,96.0,65.0,80
long,17,22,96.0,72.0,80
long,17,23,96.0,77.0,80
long,17,24,96.0,74.0,80
long,17,25,96.0,73.0,80
long,17,26,96.0,72.0,80
long,17,27,96.0,61.0,80
long,17,28,96.0,53.0,80
long,17,29,96.0,68.0,80
long,17,30,96.0,75.0,80
long,17,31,96.0,65.0,80
long,17,32,96.0,78.0,80
long,17,33,96.0,69.0,80
long,17,34,96.0,93.0,80
long,17,35,96.0,77.0,80
long,17,36,96.0,72.0,80
long,17,37,96.0,67.0,80
long,17,38,96.0,55.0,80
long,17,39,96.0,73.0,80
long,17,40,96.0,98.0,80
long,17,41,96.0,66.0,80
long,17,42,96.0,80.0,80
long,17,43,96.0,80.0,80
long,17,44,96.0,63.0,80
long,17,45,96.0,78.0,80
long,17,46,96.0,71.0,80
long,17,47,96.0,73.0,80
long,17,48,96.0,89.0,80
long,17,49,96.0,87.0,80
long,7,0,84.0,82.0,80
long,7,1,84.0,98.0,80
long,7,2,84.0,69.0,80
long,7,3,84.0,108.0,80
long,7,4,84.0,88.0,80
long,7,5,84.0,84.0,80
long,7,6,84.0,87.0,80
long,7,7,84.0,83.0,80
long,7,8,84.0,109.0,80
long,7,9,84.0,81.0,80
long,7,10,84.0,65.0,80
long,7,11,84.0,109.0,80
long,7,12,84.0,92.0,80
long,7,13,84.0,109.0,80
long,7,14,84.0,100.0,80
long,7,15,84.0,91.0,80
long,7,16,84.0,100.0,80
long,7,17,84.0,81.0,80
long,7,18,84.0,76.0,80
long,7,19,84.0,96.0,80
long,7,20,84.0,110.0,80
long,7,21,84.0,96.0,80
long,7,22,84.0,73.0,80
long,7,23,84.0,90.0,80
long,7,24,84.0,89.0,80
long,7,25,84.0,90.0,80
long,7,26,84.0,75.0,80
long,7,27,84.0,56.0,80
long,7,28,84.0,71.0,80
long,7,29,84.0,86.0,80
long,7,30,84.0,79.0,80
long,7,31,84.0,82.0,80
long,7,32,84.0,66.0,80
long,7,33,84.0,96.0,80
long,7,34,84.0,107.0,80
long,7,35,84.0,80.0,80
long,7,36,84.0,88.0,80
long,7,37,84.0,91.0,80
long,7,38,84.0,82.0,80
long,7,39,84.0,74.0,80
long,7,40,84.0,85.0,80
long,7,41,84.0,88.0,80
long,7,42,84.0,86.0,80
long,7,43,84.0,83.0,80
long,7,44,84.0,79.0,80
long,7,45,84.0,102.0,80
long,7,46,84.0,98.0,80
long,7,47,84.0,94.0,80
long,7,48,84.0,92.0,80
long,7,49,84.0,94.0,80
long,12,0,96.0,108.0,80
long,12,1,96.0,112.0,80
long,12,2,96.0,100.0,80
long,12,3,96.0,105.0,80
long,12,4,96.0,108.0,80
long,12,5,96.0,88.0,80
long,12,6,96.0,104.0,80
long,12,7,96.0,112.0,80
long,12,8,96.0,89.0,80
long,12,9,96.0,96.0,80
long,12,10,96.0,101.0,80
long,12,11,96.0,101.0,80
long,12,12,96.0,80.0,80
long,12,13,96.0,106.0,80
long,12,14,96.0,104.0,80
long,12,15,96.0,105.0,80
long,12,16,96.0,101.0,80
long,12,17,96.0,132.0,80
long,12,18,96.0,72.0,80
long,12,19,96.0,88.0,80
long,12,20,96.0,97.0,80
long,12,21,96.0,112.0,80
long,12,22,96.0,108.0,80
long,12,23,96.0,88.0,80
long,12,24,96.0,101.0,80
long,12,25,96.0,101.0,80
long,12,26,96.0,93.0,80
long,12,27,96.0,108.0,80
long,12,28,96.0,92.0,80
long,12,29,96.0,92.0,80
long,12,30,96.0,96.0,80
long,12,31,96.0,84.0,80
long,12,32,96.0,97.0,80
long,12,33,96.0,101.0,80
long,12,34,96.0,97.0,80
long,12,35,96.0,97.0,80
long,12,36,96.0,80.0,80
long,12,37,96.0,93.0,80
long,12,38,96.0,121.0,80
long,12,39,96.0,112.0,80
long,12,40,96.0,113.0,80
long,12,41,96.0,85.0,80
long,12,42,96.0,112.0,80
long,12,43,96.0,97.0,80
long,12,44,96.0,100.0,80
long,12,45,96.0,100.0,80
long,12,46,96.0,104.0,80
long,12,47,96.0,92.0,80
long,12,48,96.0,100.0,80
long,12,49,96.0,113.0,80
long,103,0,93.0,94.0,80
long,103,1,93.0,90.0,80
long,103,2,93.0,86.0,80
long,103,3,93.0,112.0,80
long,103,4,93.0,100.0,80
long,103,5,93.0,114.0,80
long,103,6,93.0,94.0,80
long,103,7,93.0,99.0,80
long,103,8,93.0,109.0,80
long,103,9,93.0,90.0,80
long,103,10,93.0,93.0,80
long,103,11,93.0,89.0,80
long,103,12,93.0,77.0,80
long,103,13,93.0,87.0,80
long,103,14,93.0,88.0,80
long,103,15,93.0,105.0,80
long,103,16,93.0,106.0,80
long,103,17,93.0,80.0,80
long,103,18,93.0,83.0,80
long,103,19,93.0,102.0,80
long,103,20,93.0,105.0,80
long,103,21,93.0,103.0,80
long,103,22,93.0,91.0,80
long,103,23,93.0,108.0,80
long,103,24,93.0,90.0,80
long,103,25,93.0,81.0,80
long,103,26,93.0,97.0,80
long,103,27,93.0,79.0,80
long,103,28,93.0,91.0,80
long,103,29,93.0,86.0,80
long,103,30,93.0,89.0,80
long,103,31,93.0,119.0,80
long,103,32,93.0,95.0,80
long,103,33,93.0,89.0,80
long,103,34,93.0,114.0,80
long,103,35,93.0,106.0,80
long,103,36,93.0,97.0,80
long,103,37,93.0,81.0,80
long,103,38,93.0,103.0,80
long,103,39,93.0,97.0,80
long,103,40,93.0,90.0,80
long,103,41,93.0,97.0,80
long,103,42,93.0,102.0,80
long,103,43,93.0,101.0,80
long,103,44,93.0,93.0,80
long,103,45,93.0,104.0,80
long,103,46,93.0,98.0,80
long,103,47,93.0,96.0,80
long,103,48,93.0,80.0,80
long,103,49,93.0,88.0,80
long,48,0,85.0,89.0,80
long,48,1,85.0,112.0,80
long,48,2,85.0,101.0,80
long,48,3,85.0,84.0,80
long,48,4,85.0,89.0,80
long,48,5,85.0,84.0,80
long,48,6,85.0,82.0,80
long,48,7,85.0,86.0,80
long,48,8,85.0,96.0,80
long,48,9,85.0,71.0,80
long,48,10,85.0,98.0,80
long,48,11,85.0,103.0,80
long,48,12,85.0,90.0,80
long,48,13,85.0,97.0,80
long,48,14,85.0,105.0,80
long,48,15,85.0,104.0,80
long,48,16,85.0,111.0,80
long,48,17,85.0,99.0,80
long,48,18,85.0,99.0,80
long,48,19,85.0,82.0,80
long,48,20,85.0,77.0,80
long,48,21,85.0,87.0,80
long,48,22,85.0,103.0,80
long,48,23,85.0,77.0,80
long,48,24,85.0,79.0,80
long,48,25,85.0,99.0,80
long,48,26,85.0,86.0,80
long,48,27,85.0,96.0,80
long,48,28,85.0,105.0,80
long,48,29,85.0,94.0,80
long,48,30,85.0,98.0,80
long,48,31,85.0,92.0,80
long,48,32,85.0,90.0,80
long,48,33,85.0,81.0,80
long,48,34,85.0,117.0,80
long,48,35,85.0,94.0,80
long,48,36,85.0,101.0,80
long,48,37,85.0,105.0,80
long,48,38,85.0,98.0,80
long,48,39,85.0,85.0,80
long,48,40,85.0,85.0,80
long,48,41,85.0,93.0,80
long,48,42,85.0,97.0,80
long,48,43,85.0,94.0,80
long,48,44,85.0,92.0,80
long,48,45,85.0,85.0,80
long,48,46,85.0,74.0,80
long,48,47,85.0,90.0,80
long,48,48,85.0,93.0,80
long,48,49,85.0,79.0,80
long,43,0,71.0,93.0,80
long,43,1,71.0,85.0,80
long,43,2,71.0,90.0,80
long,43,3,71.0,57.0,80
long,43,4,71.0,70.0,80
long,43,5,71.0,81.0,80
long,43,6,71.0,117.0,80
long,43,7,71.0,82.0,80
long,43,8,71.0,76.0,80
long,43,9,71.0,72.0,80
long,43,10,71.0,81.0,80
long,43,11,71.0,91.0,80
long,43,12,71.0,92.0,80
long,43,13,71.0,99.0,80
long,43,14,71.0,77.0,80
long,43,15,71.0,75.0,80
long,43,16,71.0,68.0,80
long,43,17,71.0,88.0,80
long,43,18,71.0,77.0,80
long,43,19,71.0,86.0,80
long,43,20,71.0,76.0,80
long,43,21,71.0,61.0,80
long,43,22,71.0,67.0,80
long,43,23,71.0,86.0,80
long,43,24,71.0,94.0,80
long,43,25,71.0,65.0,80
long,43,26,71.0,86.0,80
long,43,27,71.0,80.0,80
long,43,28,71.0,77.0,80
long,43,29,71.0,97.0,80
long,43,30,71.0,61.0,80
long,43,31,71.0,103.0,80
long,43,32,71.0,76.0,80
long,43,33,71.0,76.0,80
long,43,34,71.0,97.0,80
long,43,35,71.0,112.0,80
long,43,36,71.0,69.0,80
long,43,37,71.0,108.0,80
long,43,38,71.0,108.0,80
long,43,39,71.0,71.0,80
long,43,40,71.0,93.0,80
long,43,41,71.0,89.0,80
long,43,42,71.0,72.0,80
long,43,43,71.0,80.0,80
long,43,44,71.0,73.0,80
long,43,45,71.0,48.0,80
long,43,46,71.0,88.0,80
long,43,47,71.0,70.0,80
long,43,48,71.0,68.0,80
long,43,49,71.0,81.0,80
long,100,0,80.0,79.0,80
long,100,1,80.0,88.0,80
long,100,2,80.0,82.0,80
long,100,3,80.0,99.0,80
long,100,4,80.0,113.0,80
long,100,5,80.0,95.0,80
long,100,6,80.0,93.0,80
long,100,7,80.0,76.0,80
long,100,8,80.0,92.0,80
long,100,9,80.0,108.0,80
long,100,10,80.0,112.0,80
long,100,11,80.0,82.0,80
long,100,12,80.0,100.0,80
long,100,13,80.0,81.0,80
long,100,14,80.0,104.0,80
long,100,15,80.0,99.0,80
long,100,16,80.0,89.0,80
long,100,17,80.0,104.0,80
long,100,18,80.0,77.0,80
long,100,19,80.0,79.0,80
long,100,20,80.0,93.0,80
long,100,21,80.0,91.0,80
long,100,22,80.0,81.0,80
long,100,23,80.0,86.0,80
long,100,24,80.0,77.0,80
long,100,25,80.0,93.0,80
long,100,26,80.0,86.0,80
long,100,27,80.0,86.0,80
long,100,28,80.0,85.0,80
long,100,29,80.0,88.0,80
long,100,30,80.0,92.0,80
long,100,31,80.0,91.0,80
long,100,32,80.0,89.0,80
long,100,33,80.0,82.0,80
long,100,34,80.0,88.0,80
long,100,35,80.0,83.0,80
long,100,36,80.0,89.0,80
long,100,37,80.0,78.0,80
long,100,38,80.0,104.0,80
long,100,39,80.0,105.0,80
long,100,40,80.0,99.0,80
long,100,41,80.0,99.0,80
long,100,42,80.0,87.0,80
long,100,43,80.0,107.0,80
long,100,44,80.0,86.0,80
long,100,45,80.0,95.0,80
long,100,46,80.0,112.0,80
long,100,47,80.0,94.0,80
long,100,48,80.0,111.0,80
long,100,49,80.0,84.0,80
long,45,0,116.0,89.0,80
long,45,1,116.0,100.0,80
long,45,2,116.0,81.0,80
long,45,3,116.0,100.0,80
long,45,4,116.0,104.0,80
long,45,5,116.0,104.0,80
long,45,6,116.0,112.0,80
long,45,7,116.0,80.0,80
long,45,8,116.0,92.0,80
long,45,9,116.0,116.0,80
long,45,10,116.0,84.0,80
long,45,11,116.0,80.0,80
long,45,12,116.0,100.0,80
long,45,13,116.0,88.0,80
long,45,14,116.0,88.0,80
long,45,15,116.0,96.0,80
long,45,16,116.0,80.0,80
long,45,17,116.0,96.0,80
long,45,18,116.0,84.0,80
long,45,19,116.0,100.0,80
long,45,20,116.0,100.0,80
long,45,21,116.0,104.0,80
long,45,22,116.0,85.0,80
long,45,23,116.0,112.0,80
long,45,24,116.0,84.0,80
long,45,25,116.0,89.0,80
long,45,26,116.0,80.0,80
long,45,27,116.0,104.0,80
long,45,28,116.0,112.0,80
long,45,29,116.0,101.0,80
long,45,30,116.0,97.0,80
long,45,31,116.0,92.0,80
long,45,32,116.0,108.0,80
long,45,33,116.0,96.0,80
long,45,34,116.0,104.0,80
long,45,35,116.0,85.0,80
long,45,36,116.0,108.0,80
long,45,37,116.0,77.0,80
long,45,38,116.0,100.0,80
long,45,39,116.0,100.0,80
long,45,40,116.0,113.0,80
long,45,41,116.0,60.0,80
long,45,42,116.0,92.0,80
long,45,43,116.0,104.0,80
long,45,44,116.0,116.0,80
long,45,45,116.0,116.0,80
long,45,46,116.0,81.0,80
long,45,47,116.0,88.0,80
long,45,48,116.0,104.0,80
long,45,49,116.0,84.0,80
long,73,0,104.0,100.0,80
long,73,1,104.0,84.0,80
long,73,2,104.0,108.0,80
long,73,3,104.0,84.0,80
long,73,4,104.0,84.0,80
long,73,5,104.0,100.0,80
long,73,6,104.0,92.0,80
long,73,7,104.0,104.0,80
long,73,8,104.0,100.0,80
long,73,9,104.0,88.0,80
long,73,10,104.0,104.0,80
long,73,11,104.0,92.0,80
long,73,12,104.0,104.0,80
long,73,13,104.0,88.0,80
long,73,14,104.0,96.0,80
long,73,15,104.0,92.0,80
long,73,16,104.0,96.0,80
long,73,17,104.0,100.0,80
long,73,18,104.0,100.0,80
long,73,19,104.0,108.0,80
long,73,20,104.0,108.0,80
long,73,21,104.0,88.0,80
long,73,22,104.0,96.0,80
long,73,23,104.0,100.0,80
long,73,24,104.0,105.0,80
long,73,25,104.0,92.0,80
long,73,26,104.0,100.0,80
long,73,27,104.0,88.0,80
long,73,28,104.0,100.0,80
long,73,29,104.0,88.0,80
long,73,30,104.0,97.0,80
long,73,31,104.0,108.0,80
long,73,32,104.0,80.0,80
long,73,33,104.0,96.0,80
long,73,34,104.0,96.0,80
long,73,35,104.0,80.0,80
long,73,36,104.0,88.0,80
long,73,37,104.0,96.0,80
long,73,38,104.0,100.0,80
long,73,39,104.0,104.0,80
long,73,40,104.0,100.0,80
long,73,41,104.0,88.0,80
long,73,42,104.0,96.0,80
long,73,43,104.0,84.0,80
long,73,44,104.0,104.0,80
long,73,45,104.0,101.0,80
long,73,46,104.0,108.0,80
long,73,47,104.0,108.0,80
long,73,48,104.0,100.0,80
long,73,49,104.0,92.0,80
long,24,0,86.0,79.0,80
long,24,1,86.0,103.0,80
long,24,2,86.0,81.0,80
long,24,3,86.0,101.0,80
long,24,4,86.0,90.0,80
long,24,5,86.0,95.0,80
long,24,6,86.0,80.0,80
long,24,7,86.0,93.0,80
long,24,8,86.0,91.0,80
long,24,9,86.0,93.0,80
long,24,10,86.0,93.0,80
long,24,11,86.0,83.0,80
long,24,12,86.0,100.0,80
long,24,13,86.0,105.0,80
long,24,14,86.0,90.0,80
long,24,15,86.0,122.0,80
long,24,16,86.0,88.0,80
long,24,17,86.0,77.0,80
long,24,18,86.0,101.0,80
long,24,19,86.0,92.0,80
long,24,20,86.0,88.0,80
long,24,21,86.0,98.0,80
long,24,22,86.0,101.0,80
long,24,23,86.0,94.0,80
long,24,24,86.0,104.0,80
long,24,25,86.0,88.0,80
long,24,26,86.0,91.0,80
long,24,27,86.0,106.0,80
long,24,28,86.0,104.0,80
long,24,29,86.0,108.0,80
long,24,30,86.0,90.0,80
long,24,31,86.0,111.0,80
long,24,32,86.0,81.0,80
long,24,33,86.0,93.0,80
long,24,34,86.0,98.0,80
long,24,35,86.0,87.0,80
long,24,36,86.0,94.0,80
long,24,37,86.0,112.0,80
long,24,38,86.0,114.0,80
long,24,39,86.0,105.0,80
long,24,40,86.0,85.0,80
long,24,41,86.0,98.0,80
long,24,42,86.0,72.0,80
long,24,43,86.0,100.0,80
long,24,44,86.0,94.0,80
long,24,45,86.0,97.0,80
long,24,46,86.0,99.0,80
long,24,47,86.0,88.0,80
long,24,48,86.0,116.0,80
long,24,49,86.0,80.0,80
long,71,0,80.0,64.0,80
long,71,1,80.0,64.0,80
long,71,2,80.0,90.0,80
long,71,3,80.0,100.0,80
long,71,4,80.0,96.0,80
long,71,5,80.0,72.0,80
long,71,6,80.0,68.0,80
long,71,7,80.0,76.0,80
long,71,8,80.0,57.0,80
long,71,9,80.0,60.0,80
long,71,10,80.0,60.0,80
long,71,11,80.0,56.0,80
long,71,12,80.0,64.0,80
long,71,13,80.0,80.0,80
long,71,14,80.0,56.0,80
long,71,15,80.0,80.0,80
long,71,16,80.0,84.0,80
long,71,17,80.0,76.0,80
long,71,18,80.0,80.0,80
long,71,19,80.0,69.0,80
long,71,20,80.0,65.0,80
long,71,21,80.0,64.0,80
long,71,22,80.0,73.0,80
long,71,23,80.0,76.0,80
long,71,24,80.0,68.0,80
long,71,25,80.0,68.0,80
long,71,26,80.0,80.0,80
long,71,27,80.0,88.0,80
long,71,28,80.0,104.0,80
long,71,29,80.0,84.0,80
long,71,30,80.0,72.0,80
long,71,31,80.0,56.0,80
long,71,32,80.0,92.0,80
long,71,33,80.0,69.0,80
long,71,34,80.0,80.0,80
long,71,35,80.0,73.0,80
long,71,36,80.0,76.0,80
long,71,37,80.0,68.0,80
long,71,38,80.0,53.0,80
long,71,39,80.0,77.0,80
long,71,40,80.0,96.0,80
long,71,41,80.0,76.0,80
long,71,42,80.0,80.0,80
long,71,43,80.0,83.0,80
long,71,44,80.0,52.0,80
long,71,45,80.0,76.0,80
long,71,46,80.0,64.0,80
long,71,47,80.0,100.0,80
long,71,48,80.0,84.0,80
long,71,49,80.0,80.0,80
long,76,0,77.0,105.0,80
long,76,1,77.0,106.0,80
long,76,2,77.0,91.0,80
long,76,3,77.0,92.0,80
long,76,4,77.0,81.0,80
long,76,5,77.0,73.0,80
long,76,6,77.0,96.0,80
long,76,7,77.0,76.0,80
long,76,8,77.0,88.0,80
long,76,9,77.0,94.0,80
long,76,10,77.0,80.0,80
long,76,11,77.0,84.0,80
long,76,12,77.0,96.0,80
long,76,13,77.0,89.0,80
long,76,14,77.0,91.0,80
long,76,15,77.0,85.0,80
long,76,16,77.0,93.0,80
long,76,17,77.0,96.0,80
long,76,18,77.0,104.0,80
long,76,19,77.0,89.0,80
long,76,20,77.0,100.0,80
long,76,21,77.0,84.0,80
long,76,22,77.0,81.0,80
long,76,23,77.0,88.0,80
long,76,24,77.0,79.0,80
long,76,25,77.0,97.0,80
long,76,26,77.0,82.0,80
long,76,27,77.0,87.0,80
long,76,28,77.0,80.0,80
long,76,29,77.0,72.0,80
long,76,30,77.0,86.0,80
long,76,31,77.0,76.0,80
long,76,32,77.0,78.0,80
long,76,33,77.0,77.0,80
long,76,34,77.0,96.0,80
long,76,35,77.0,98.0,80
long,76,36,77.0,89.0,80
long,76,37,77.0,72.0,80
long,76,38,77.0,104.0,80
long,76,39,77.0,88.0,80
long,76,40,77.0,97.0,80
long,76,41,77.0,112.0,80
long,76,42,77.0,88.0,80
long,76,43,77.0,90.0,80
long,76,44,77.0,96.0,80
long,76,45,77.0,86.0,80
long,76,46,77.0,81.0,80
long,76,47,77.0,96.0,80
long,76,48,77.0,93.0,80
long,76,49,77.0,93.0,80
long,96,0,96.0,88.0,80
long,96,1,96.0,88.0,80
long,96,2,96.0,92.0,80
long,96,3,96.0,68.0,80
long,96,4,96.0,96.0,80
long,96,5,96.0,104.0,80
long,96,6,96.0,80.0,80
long,96,7,96.0,84.0,80
long,96,8,96.0,68.0,80
long,96,9,96.0,80.0,80
long,96,10,96.0,92.0,80
long,96,11,96.0,108.0,80
long,96,12,96.0,92.0,80
long,96,13,96.0,100.0,80
long,96,14,96.0,72.0,80
long,96,15,96.0,104.0,80
long,96,16,96.0,92.0,80
long,96,17,96.0,84.0,80
long,96,18,96.0,80.0,80
long,96,19,96.0,92.0,80
long,96,20,96.0,92.0,80
long,96,21,96.0,104.0,80
long,96,22,96.0,96.0,80
long,96,23,96.0,84.0,80
long,96,24,96.0,100.0,80
long,96,25,96.0,96.0,80
long,96,26,96.0,92.0,80
long,96,27,96.0,92.0,80
long,96,28,96.0,96.0,80
long,96,29,96.0,92.0,80
long,96,30,96.0,88.0,80
long,96,31,96.0,84.0,80
long,96,32,96.0,84.0,80
long,96,33,96.0,92.0,80
long,96,34,96.0,100.0,80
long,96,35,96.0,92.0,80
long,96,36,96.0,96.0,80
long,96,37,96.0,92.0,80
long,96,38,96.0,88.0,80
long,96,39,96.0,88.0,80
long,96,40,96.0,88.0,80
long,96,41,96.0,96.0,80
long,96,42,96.0,72.0,80
long,96,43,96.0,72.0,80
long,96,44,96.0,100.0,80
long,96,45,96.0,84.0,80
long,96,46,96.0,80.0,80
long,96,47,96.0,88.0,80
long,96,48,96.0,92.0,80
long,96,49,96.0,112.0,80
long,98,0,77.0,61.0,80
long,98,1,77.0,64.0,80
long,98,2,77.0,84.0,80
long,98,3,77.0,88.0,80
long,98,4,77.0,85.0,80
long,98,5,77.0,76.0,80
long,98,6,77.0,56.0,80
long,98,7,77.0,89.0,80
long,98,8,77.0,80.0,80
long,98,9,77.0,68.0,80
long,98,10,77.0,60.0,80
long,98,11,77.0,32.0,80
long,98,12,77.0,92.0,80
long,98,13,77.0,101.0,80
long,98,14,77.0,81.0,80
long,98,15,77.0,77.0,80
long,98,16,77.0,90.0,80
long,98,17,77.0,68.0,80
long,98,18,77.0,84.0,80
long,98,19,77.0,96.0,80
long,98,20,77.0,80.0,80
long,98,21,77.0,89.0,80
long,98,22,77.0,68.0,80
long,98,23,77.0,77.0,80
long,98,24,77.0,92.0,80
long,98,25,77.0,84.0,80
long,98,26,77.0,44.0,80
long,98,27,77.0,93.0,80
long,98,28,77.0,97.0,80
long,98,29,77.0,57.0,80
long,98,30,77.0,76.0,80
long,98,31,77.0,88.0,80
long,98,32,77.0,61.0,80
long,98,33,77.0,73.0,80
long,98,34,77.0,61.0,80
long,98,35,77.0,92.0,80
long,98,36,77.0,96.0,80
long,98,37,77.0,86.0,80
long,98,38,77.0,73.0,80
long,98,39,77.0,72.0,80
long,98,40,77.0,92.0,80
long,98,41,77.0,92.0,80
long,98,42,77.0,52.0,80
long,98,43,77.0,61.0,80
long,98,44,77.0,92.0,80
long,98,45,77.0,89.0,80
long,98,46,77.0,76.0,80
long,98,47,77.0,80.0,80
long,98,48,77.0,88.0,80
long,98,49,77.0,80.0,80
long,97,0,64.0,88.0,80
long,97,1,64.0,61.0,80
long,97,2,64.0,88.0,80
long,97,3,64.0,76.0,80
long,97,4,64.0,72.0,80
long,97,5,64.0,65.0,80
long,97,6,64.0,73.0,80
long,97,7,64.0,64.0,80
long,97,8,64.0,76.0,80
long,97,9,64.0,80.0,80
long,97,10,64.0,68.0,80
long,97,11,64.0,60.0,80
long,97,12,64.0,81.0,80
long,97,13,64.0,89.0,80
long,97,14,64.0,88.0,80
long,97,15,64.0,96.0,80
long,97,16,64.0,84.0,80
long,97,17,64.0,70.0,80
long,97,18,64.0,77.0,80
long,97,19,64.0,88.0,80
long,97,20,64.0,68.0,80
long,97,21,64.0,92.0,80
long,97,22,64.0,76.0,80
long,97,23,64.0,52.0,80
long,97,24,64.0,84.0,80
long,97,25,64.0,100.0,80
long,97,26,64.0,92.0,80
long,97,27,64.0,80.0,80
long,97,28,64.0,84.0,80
long,97,29,64.0,56.0,80
long,97,30,64.0,77.0,80
long,97,31,64.0,64.0,80
long,97,32,64.0,84.0,80
long,97,33,64.0,68.0,80
long,97,34,64.0,80.0,80
long,97,35,64.0,69.0,80
long,97,36,64.0,84.0,80
long,97,37,64.0,100.0,80
long,97,38,64.0,52.0,80
long,97,39,64.0,68.0,80
long,97,40,64.0,65.0,80
long,97,41,64.0,101.0,80
long,97,42,64.0,62.0,80
long,97,43,64.0,96.0,80
long,97,44,64.0,80.0,80
long,97,45,64.0,88.0,80
long,97,46,64.0,92.0,80
long,97,47,64.0,84.0,80
long,97,48,64.0,96.0,80
long,97,49,64.0,68.0,80
long,79,0,80.0,100.0,80
long,79,1,80.0,80.0,80
long,79,2,80.0,97.0,80
long,79,3,80.0,77.0,80
long,79,4,80.0,100.0,80
long,79,5,80.0,92.0,80
long,79,6,80.0,90.0,80
long,79,7,80.0,92.0,80
long,79,8,80.0,85.0,80
long,79,9,80.0,77.0,80
long,79,10,80.0,96.0,80
long,79,11,80.0,64.0,80
long,79,12,80.0,84.0,80
long,79,13,80.0,61.0,80
long,79,14,80.0,77.0,80
long,79,15,80.0,72.0,80
long,79,16,80.0,88.0,80
long,79,17,80.0,85.0,80
long,79,18,80.0,72.0,80
long,79,19,80.0,64.0,80
long,79,20,80.0,76.0,80
long,79,21,80.0,96.0,80
long,79,22,80.0,77.0,80
long,79,23,80.0,88.0,80
long,79,24,80.0,97.0,80
long,79,25,80.0,96.0,80
long,79,26,80.0,80.0,80
long,79,27,80.0,80.0,80
long,79,28,80.0,89.0,80
long,79,29,80.0,73.0,80
long,79,30,80.0,72.0,80
long,79,31,80.0,81.0,80
long,79,32,80.0,92.0,80
long,79,33,80.0,74.0,80
long,79,34,80.0,80.0,80
long,79,35,80.0,92.0,80
long,79,36,80.0,73.0,80
long,79,37,80.0,96.0,80
long,79,38,80.0,60.0,80
long,79,39,80.0,76.0,80
long,79,40,80.0,84.0,80
long,79,41,80.0,97.0,80
long,79,42,80.0,96.0,80
long,79,43,80.0,92.0,80
long,79,44,80.0,61.0,80
long,79,45,80.0,104.0,80
long,79,46,80.0,85.0,80
long,79,47,80.0,100.0,80
long,79,48,80.0,88.0,80
long,79,49,80.0,85.0,80
long,58,0,87.0,85.0,80
long,58,1,87.0,92.0,80
long,58,2,87.0,76.0,80
long,58,3,87.0,73.0,80
long,58,4,87.0,87.0,80
long,58,5,87.0,102.0,80
long,58,6,87.0,70.0,80
long,58,7,87.0,74.0,80
long,58,8,87.0,97.0,80
long,58,9,87.0,72.0,80
long,58,10,87.0,80.0,80
long,58,11,87.0,89.0,80
long,58,12,87.0,96.0,80
long,58,13,87.0,61.0,80
long,58,14,87.0,107.0,80
long,58,15,87.0,108.0,80
long,58,16,87.0,90.0,80
long,58,17,87.0,86.0,80
long,58,18,87.0,82.0,80
long,58,19,87.0,106.0,80
long,58,20,87.0,100.0,80
long,58,21,87.0,105.0,80
long,58,22,87.0,102.0,80
long,58,23,87.0,78.0,80
long,58,24,87.0,93.0,80
long,58,25,87.0,61.0,80
long,58,26,87.0,104.0,80
long,58,27,87.0,100.0,80
long,58,28,87.0,102.0,80
long,58,29,87.0,82.0,80
long,58,30,87.0,101.0,80
long,58,31,87.0,92.0,80
long,58,32,87.0,87.0,80
long,58,33,87.0,95.0,80
long,58,34,87.0,88.0,80
long,58,35,87.0,95.0,80
long,58,36,87.0,92.0,80
long,58,37,87.0,83.0,80
long,58,38,87.0,94.0,80
long,58,39,87.0,105.0,80
long,58,40,87.0,87.0,80
long,58,41,87.0,48.0,80
long,58,42,87.0,97.0,80
long,58,43,87.0,83.0,80
long,58,44,87.0,73.0,80
long,58,45,87.0,99.0,80
long,58,46,87.0,75.0,80
long,58,47,87.0,61.0,80
long,58,48,87.0,43.0,80
long,58,49,87.0,84.0,80
long,9,0,80.0,80.0,80
long,9,1,80.0,84.0,80
long,9,2,80.0,92.0,80
long,9,3,80.0,72.0,80
long,9,4,80.0,88.0,80
long,9,5,80.0,96.0,80
long,9,6,80.0,88.0,80
long,9,7,80.0,96.0,80
long,9,8,80.0,96.0,80
long,9,9,80.0,84.0,80
long,9,10,80.0,100.0,80
long,9,11,80.0,96.0,80
long,9,12,80.0,104.0,80
long,9,13,80.0,96.0,80
long,9,14,80.0,92.0,80
long,9,15,80.0,100.0,80
long,9,16,80.0,92.0,80
long,9,17,80.0,100.0,80
long,9,18,80.0,96.0,80
long,9,19,80.0,108.0,80
long,9,20,80.0,96.0,80
long,9,21,80.0,96.0,80
long,9,22,80.0,96.0,80
long,9,23,80.0,96.0,80
long,9,24,80.0,84.0,80
long,9,25,80.0,80.0,80
long,9,26,80.0,96.0,80
long,9,27,80.0,96.0,80
long,9,28,80.0,100.0,80
long,9,29,80.0,96.0,80
long,9,30,80.0,100.0,80
long,9,31,80.0,92.0,80
long,9,32,80.0,92.0,80
long,9,33,80.0,84.0,80
long,9,34,80.0,92.0,80
long,9,35,80.0,92.0,80
long,9,36,80.0,112.0,80
long,9,37,80.0,92.0,80
long,9,38,80.0,92.0,80
long,9,39,80.0,92.0,80
long,9,40,80.0,84.0,80
long,9,41,80.0,84.0,80
long,9,42,80.0,104.0,80
long,9,43,80.0,96.0,80
long,9,44,80.0,100.0,80
long,9,45,80.0,104.0,80
long,9,46,80.0,96.0,80
long,9,47,80.0,104.0,80
long,9,48,80.0,80.0,80
long,9,49,80.0,80.0,80
long,35,0,100.0,96.0,80
long,35,1,100.0,86.0,80
long,35,2,100.0,96.0,80
long,35,3,100.0,92.0,80
long,35,4,100.0,100.0,80
long,35,5,100.0,92.0,80
long,35,6,100.0,92.0,80
long,35,7,100.0,81.0,80
long,35,8,100.0,116.0,80
long,35,9,100.0,96.0,80
long,35,10,100.0,100.0,80
long,35,11,100.0,104.0,80
long,35,12,100.0,104.0,80
long,35,13,100.0,101.0,80
long,35,14,100.0,84.0,80
long,35,15,100.0,78.0,80
long,35,16,100.0,88.0,80
long,35,17,100.0,92.0,80
long,35,18,100.0,108.0,80
long,35,19,100.0,65.0,80
long,35,20,100.0,76.0,80
long,35,21,100.0,108.0,80
long,35,22,100.0,100.0,80
long,35,23,100.0,100.0,80
long,35,24,100.0,93.0,80
long,35,25,100.0,105.0,80
long,35,26,100.0,92.0,80
long,35,27,100.0,104.0,80
long,35,28,100.0,112.0,80
long,35,29,100.0,96.0,80
long,35,30,100.0,88.0,80
long,35,31,100.0,92.0,80
long,35,32,100.0,104.0,80
long,35,33,100.0,104.0,80
long,35,34,100.0,89.0,80
long,35,35,100.0,104.0,80
long,35,36,100.0,112.0,80
long,35,37,100.0,84.0,80
long,35,38,100.0,93.0,80
long,35,39,100.0,92.0,80
long,35,40,100.0,104.0,80
long,35,41,100.0,84.0,80
long,35,42,100.0,72.0,80
long,35,43,100.0,83.0,80
long,35,44,100.0,96.0,80
long,35,45,100.0,88.0,80
long,35,46,100.0,92.0,80
long,35,47,100.0,84.0,80
long,35,48,100.0,84.0,80
long,35,49,100.0,96.0,80
long,92,0,76.0,96.0,80
long,92,1,76.0,89.0,80
long,92,2,76.0,76.0,80
long,92,3,76.0,65.0,80
long,92,4,76.0,72.0,80
long,92,5,76.0,84.0,80
long,92,6,76.0,88.0,80
long,92,7,76.0,60.0,80
long,92,8,76.0,48.0,80
long,92,9,76.0,104.0,80
long,92,10,76.0,80.0,80
long,92,11,76.0,76.0,80
long,92,12,76.0,76.0,80
long,92,13,76.0,84.0,80
long,92,14,76.0,84.0,80
long,92,15,76.0,64.0,80
long,92,16,76.0,100.0,80
long,92,17,76.0,97.0,80
long,92,18,76.0,104.0,80
long,92,19,76.0,92.0,80
long,92,20,76.0,100.0,80
long,92,21,76.0,65.0,80
long,92,22,76.0,89.0,80
long,92,23,76.0,105.0,80
long,92,24,76.0,93.0,80
long,92,25,76.0,76.0,80
long,92,26,76.0,68.0,80
long,92,27,76.0,65.0,80
long,92,28,76.0,82.0,80
long,92,29,76.0,61.0,80
long,92,30,76.0,73.0,80
long,92,31,76.0,76.0,80
long,92,32,76.0,92.0,80
long,92,33,76.0,96.0,80
long,92,34,76.0,85.0,80
long,92,35,76.0,84.0,80
long,92,36,76.0,96.0,80
long,92,37,76.0,70.0,80
long,92,38,76.0,112.0,80
long,92,39,76.0,92.0,80
long,92,40,76.0,89.0,80
long,92,41,76.0,80.0,80
long,92,42,76.0,73.0,80
long,92,43,76.0,93.0,80
long,92,44,76.0,77.0,80
long,92,45,76.0,80.0,80
long,92,46,76.0,104.0,80
long,92,47,76.0,96.0,80
long,92,48,76.0,80.0,80
long,92,49,76.0,84.0,80
long,42,0,77.0,112.0,80
long,42,1,77.0,93.0,80
long,42,2,77.0,88.0,80
long,42,3,77.0,96.0,80
long,42,4,77.0,96.0,80
long,42,5,77.0,108.0,80
long,42,6,77.0,104.0,80
long,42,7,77.0,101.0,80
long,42,8,77.0,81.0,80
long,42,9,77.0,85.0,80
long,42,10,77.0,101.0,80
long,42,11,77.0,104.0,80
long,42,12,77.0,92.0,80
long,42,13,77.0,40.0,80
long,42,14,77.0,88.0,80
long,42,15,77.0,84.0,80
long,42,16,77.0,96.0,80
long,42,17,77.0,92.0,80
long,42,18,77.0,68.0,80
long,42,19,77.0,96.0,80
long,42,20,77.0,85.0,80
long,42,21,77.0,76.0,80
long,42,22,77.0,88.0,80
long,42,23,77.0,78.0,80
long,42,24,77.0,80.0,80
long,42,25,77.0,88.0,80
long,42,26,77.0,104.0,80
long,42,27,77.0,81.0,80
long,42,28,77.0,81.0,80
long,42,29,77.0,92.0,80
long,42,30,77.0,88.0,80
long,42,31,77.0,104.0,80
long,42,32,77.0,105.0,80
long,42,33,77.0,92.0,80
long,42,34,77.0,92.0,80
long,42,35,77.0,96.0,80
long,42,36,77.0,104.0,80
long,42,37,77.0,96.0,80
long,42,38,77.0,92.0,80
long,42,39,77.0,76.0,80
long,42,40,77.0,120.0,80
long,42,41,77.0,108.0,80
long,42,42,77.0,73.0,80
long,42,43,77.0,108.0,80
long,42,44,77.0,80.0,80
long,42,45,77.0,92.0,80
long,42,46,77.0,97.0,80
long,42,47,77.0,96.0,80
long,42,48,77.0,108.0,80
long,42,49,77.0,92.0,80
long,40,0,100.0,104.0,80
long,40,1,100.0,96.0,80
long,40,2,100.0,112.0,80
long,40,3,100.0,84.0,80
long,40,4,100.0,96.0,80
long,40,5,100.0,104.0,80
long,40,6,100.0,120.0,80
long,40,7,100.0,92.0,80
long,40,8,100.0,92.0,80
long,40,9,100.0,108.0,80
long,40,10,100.0,100.0,80
long,40,11,100.0,96.0,80
long,40,12,100.0,116.0,80
long,40,13,100.0,92.0,80
long,40,14,100.0,108.0,80
long,40,15,100.0,92.0,80
long,40,16,100.0,88.0,80
long,40,17,100.0,92.0,80
long,40,18,100.0,100.0,80
long,40,19,100.0,108.0,80
long,40,20,100.0,72.0,80
long,40,21,100.0,96.0,80
long,40,22,100.0,104.0,80
long,40,23,100.0,85.0,80
long,40,24,100.0,100.0,80
long,40,25,100.0,92.0,80
long,40,26,100.0,96.0,80
long,40,27,100.0,96.0,80
long,40,28,100.0,76.0,80
long,40,29,100.0,96.0,80
long,40,30,100.0,88.0,80
long,40,31,100.0,88.0,80
long,40,32,100.0,104.0,80
long,40,33,100.0,96.0,80
long,40,34,100.0,85.0,80
long,40,35,100.0,104.0,80
long,40,36,100.0,88.0,80
long,40,37,100.0,93.0,80
long,40,38,100.0,92.0,80
long,40,39,100.0,80.0,80
long,40,40,100.0,108.0,80
long,40,41,100.0,92.0,80
long,40,42,100.0,88.0,80
long,40,43,100.0,108.0,80
long,40,44,100.0,96.0,80
long,40,45,100.0,96.0,80
long,40,46,100.0,96.0,80
long,40,47,100.0,96.0,80
long,40,48,100.0,112.0,80
long,40,49,100.0,84.0,80
long,50,0,105.0,113.0,80
long,50,1,105.0,88.0,80
long,50,2,105.0,107.0,80
long,50,3,105.0,90.0,80
long,50,4,105.0,86.0,80
long,50,5,105.0,90.0,80
long,50,6,105.0,93.0,80
long,50,7,105.0,105.0,80
long,50,8,105.0,93.0,80
long,50,9,105.0,101.0,80
long,50,10,105.0,95.0,80
long,50,11,105.0,95.0,80
long,50,12,105.0,97.0,80
long,50,13,105.0,94.0,80
long,50,14,105.0,99.0,80
long,50,15,105.0,98.0,80
long,50,16,105.0,90.0,80
long,50,17,105.0,104.0,80
long,50,18,105.0,81.0,80
long,50,19,105.0,113.0,80
long,50,20,105.0,102.0,80
long,50,21,105.0,87.0,80
long,50,22,105.0,95.0,80
long,50,23,105.0,110.0,80
long,50,24,105.0,109.0,80
long,50,25,105.0,99.0,80
long,50,26,105.0,82.0,80
long,50,27,105.0,98.0,80
long,50,28,105.0,81.0,80
long,50,29,105.0,85.0,80
long,50,30,105.0,101.0,80
long,50,31,105.0,84.0,80
long,50,32,105.0,105.0,80
long,50,33,105.0,103.0,80
long,50,34,105.0,103.0,80
long,50,35,105.0,99.0,80
long,50,36,105.0,107.0,80
long,50,37,105.0,81.0,80
long,50,38,105.0,84.0,80
long,50,39,105.0,87.0,80
long,50,40,105.0,85.0,80
long,50,41,105.0,91.0,80
long,50,42,105.0,83.0,80
long,50,43,105.0,107.0,80
long,50,44,105.0,102.0,80
long,50,45,105.0,80.0,80
long,50,46,105.0,104.0,80
long,50,47,105.0,90.0,80
long,50,48,105.0,95.0,80
long,50,49,105.0,87.0,80
long,30,0,96.0,112.0,80
long,30,1,96.0,76.0,80
long,30,2,96.0,96.0,80
long,30,3,96.0,80.0,80
long,30,4,96.0,100.0,80
long,30,5,96.0,100.0,80
long,30,6,96.0,92.0,80
long,30,7,96.0,92.0,80
long,30,8,96.0,96.0,80
long,30,9,96.0,96.0,80
long,30,10,96.0,80.0,80
long,30,11,96.0,96.0,80
long,30,12,96.0,104.0,80
long,30,13,96.0,80.0,80
long,30,14,96.0,112.0,80
long,30,15,96.0,96.0,80
long,30,16,96.0,116.0,80
long,30,17,96.0,92.0,80
long,30,18,96.0,84.0,80
long,30,19,96.0,88.0,80
long,30,20,96.0,109.0,80
long,30,21,96.0,116.0,80
long,30,22,96.0,93.0,80
long,30,23,96.0,97.0,80
long,30,24,96.0,96.0,80
long,30,25,96.0,97.0,80
long,30,26,96.0,104.0,80
long,30,27,96.0,108.0,80
long,30,28,96.0,72.0,80
long,30,29,96.0,96.0,80
long,30,30,96.0,112.0,80
long,30,31,96.0,100.0,80
long,30,32,96.0,128.0,80
long,30,33,96.0,96.0,80
long,30,34,96.0,104.0,80
long,30,35,96.0,88.0,80
long,30,36,96.0,108.0,80
long,30,37,96.0,92.0,80
long,30,38,96.0,104.0,80
long,30,39,96.0,116.0,80
long,30,40,96.0,92.0,80
long,30,41,96.0,108.0,80
long,30,42,96.0,88.0,80
long,30,43,96.0,96.0,80
long,30,44,96.0,96.0,80
long,30,45,96.0,88.0,80
long,30,46,96.0,100.0,80
long,30,47,96.0,92.0,80
long,30,48,96.0,93.0,80
long,30,49,96.0,109.0,80
long,85,0,86.0,97.0,80
long,85,1,86.0,100.0,80
long,85,2,86.0,74.0,80
long,85,3,86.0,79.0,80
long,85,4,86.0,90.0,80
long,85,5,86.0,92.0,80
long,85,6,86.0,91.0,80
long,85,7,86.0,78.0,80
long,85,8,86.0,93.0,80
long,85,9,86.0,87.0,80
long,85,10,86.0,92.0,80
long,85,11,86.0,96.0,80
long,85,12,86.0,90.0,80
long,85,13,86.0,101.0,80
long,85,14,86.0,87.0,80
long,85,15,86.0,79.0,80
long,85,16,86.0,94.0,80
long,85,17,86.0,79.0,80
long,85,18,86.0,83.0,80
long,85,19,86.0,65.0,80
long,85,20,86.0,89.0,80
long,85,21,86.0,94.0,80
long,85,22,86.0,78.0,80
long,85,23,86.0,96.0,80
long,85,24,86.0,82.0,80
long,85,25,86.0,101.0,80
long,85,26,86.0,80.0,80
long,85,27,86.0,91.0,80
long,85,28,86.0,87.0,80
long,85,29,86.0,72.0,80
long,85,30,86.0,95.0,80
long,85,31,86.0,92.0,80
long,85,32,86.0,88.0,80
long,85,33,86.0,99.0,80
long,85,34,86.0,107.0,80
long,85,35,86.0,95.0,80
long,85,36,86.0,88.0,80
long,85,37,86.0,83.0,80
long,85,38,86.0,82.0,80
long,85,39,86.0,80.0,80
long,85,40,86.0,86.0,80
long,85,41,86.0,102.0,80
long,85,42,86.0,82.0,80
long,85,43,86.0,109.0,80
long,85,44,86.0,106.0,80
long,85,45,86.0,86.0,80
long,85,46,86.0,105.0,80
long,85,47,86.0,96.0,80
long,85,48,86.0,76.0,80
long,85,49,86.0,89.0,80
long,57,0,76.0,104.0,80
long,57,1,76.0,92.0,80
long,57,2,76.0,88.0,80
long,57,3,76.0,88.0,80
long,57,4,76.0,96.0,80
long,57,5,76.0,88.0,80
long,57,6,76.0,100.0,80
long,57,7,76.0,92.0,80
long,57,8,76.0,92.0,80
long,57,9,76.0,100.0,80
long,57,10,76.0,88.0,80
long,57,11,76.0,88.0,80
long,57,12,76.0,100.0,80
long,57,13,76.0,96.0,80
long,57,14,76.0,80.0,80
long,57,15,76.0,96.0,80
long,57,16,76.0,72.0,80
long,57,17,76.0,100.0,80
long,57,18,76.0,92.0,80
long,57,19,76.0,104.0,80
long,57,20,76.0,88.0,80
long,57,21,76.0,84.0,80
long,57,22,76.0,88.0,80
long,57,23,76.0,84.0,80
long,57,24,76.0,88.0,80
long,57,25,76.0,100.0,80
long,57,26,76.0,72.0,80
long,57,27,76.0,96.0,80
long,57,28,76.0,80.0,80
long,57,29,76.0,88.0,80
long,57,30,76.0,72.0,80
long,57,31,76.0,104.0,80
long,57,32,76.0,100.0,80
long,57,33,76.0,96.0,80
long,57,34,76.0,80.0,80
long,57,35,76.0,96.0,80
long,57,36,76.0,96.0,80
long,57,37,76.0,76.0,80
long,57,38,76.0,104.0,80
long,57,39,76.0,96.0,80
long,57,40,76.0,112.0,80
long,57,41,76.0,80.0,80
long,57,42,76.0,92.0,80
long,57,43,76.0,84.0,80
long,57,44,76.0,104.0,80
long,57,45,76.0,88.0,80
long,57,46,76.0,88.0,80
long,57,47,76.0,120.0,80
long,57,48,76.0,84.0,80
long,57,49,76.0,72.0,80
long,95,0,90.0,91.0,80
long,95,1,90.0,55.0,80
long,95,2,90.0,92.0,80
long,95,3,90.0,81.0,80
long,95,4,90.0,83.0,80
long,95,5,90.0,104.0,80
long,95,6,90.0,75.0,80
long,95,7,90.0,68.0,80
long,95,8,90.0,83.0,80
long,95,9,90.0,61.0,80
long,95,10,90.0,89.0,80
long,95,11,90.0,106.0,80
long,95,12,90.0,91.0,80
long,95,13,90.0,93.0,80
long,95,14,90.0,98.0,80
long,95,15,90.0,79.0,80
long,95,16,90.0,81.0,80
long,95,17,90.0,89.0,80
long,95,18,90.0,86.0,80
long,95,19,90.0,106.0,80
long,95,20,90.0,103.0,80
long,95,21,90.0,88.0,80
long,95,22,90.0,93.0,80
long,95,23,90.0,86.0,80
long,95,24,90.0,89.0,80
long,95,25,90.0,73.0,80
long,95,26,90.0,76.0,80
long,95,27,90.0,106.0,80
long,95,28,90.0,96.0,80
long,95,29,90.0,89.0,80
long,95,30,90.0,83.0,80
long,95,31,90.0,72.0,80
long,95,32,90.0,70.0,80
long,95,33,90.0,106.0,80
long,95,34,90.0,77.0,80
long,95,35,90.0,79.0,80
long,95,36,90.0,102.0,80
long,95,37,90.0,82.0,80
long,95,38,90.0,96.0,80
long,95,39,90.0,99.0,80
long,95,40,90.0,96.0,80
long,95,41,90.0,86.0,80
long,95,42,90.0,113.0,80
long,95,43,90.0,73.0,80
long,95,44,90.0,93.0,80
long,95,45,90.0,98.0,80
long,95,46,90.0,85.0,80
long,95,47,90.0,80.0,80
long,95,48,90.0,82.0,80
long,95,49,90.0,84.0,80
long,21,0,96.0,96.0,80
long,21,1,96.0,92.0,80
long,21,2,96.0,84.0,80
long,21,3,96.0,84.0,80
long,21,4,96.0,104.0,80
long,21,5,96.0,84.0,80
long,21,6,96.0,112.0,80
long,21,7,96.0,72.0,80
long,21,8,96.0,92.0,80
long,21,9,96.0,102.0,80
long,21,10,96.0,96.0,80
long,21,11,96.0,96.0,80
long,21,12,96.0,96.0,80
long,21,13,96.0,88.0,80
long,21,14,96.0,97.0,80
long,21,15,96.0,108.0,80
long,21,16,96.0,100.0,80
long,21,17,96.0,92.0,80
long,21,18,96.0,112.0,80
long,21,19,96.0,104.0,80
long,21,20,96.0,88.0,80
long,21,21,96.0,96.0,80
long,21,22,96.0,108.0,80
long,21,23,96.0,96.0,80
long,21,24,96.0,100.0,80
long,21,25,96.0,92.0,80
long,21,26,96.0,100.0,80
long,21,27,96.0,92.0,80
long,21,28,96.0,92.0,80
long,21,29,96.0,96.0,80
long,21,30,96.0,96.0,80
long,21,31,96.0,100.0,80
long,21,32,96.0,92.0,80
long,21,33,96.0,104.0,80
long,21,34,96.0,100.0,80
long,21,35,96.0,100.0,80
long,21,36,96.0,96.0,80
long,21,37,96.0,112.0,80
long,21,38,96.0,112.0,80
long,21,39,96.0,100.0,80
long,21,40,96.0,92.0,80
long,21,41,96.0,104.0,80
long,21,42,96.0,80.0,80
long,21,43,96.0,92.0,80
long,21,44,96.0,85.0,80
long,21,45,96.0,92.0,80
long,21,46,96.0,76.0,80
long,21,47,96.0,104.0,80
long,21,48,96.0,104.0,80
long,21,49,96.0,76.0,80
long,5,0,102.0,98.0,80
long,5,1,102.0,90.0,80
long,5,2,102.0,75.0,80
long,5,3,102.0,97.0,80
long,5,4,102.0,101.0,80
long,5,5,102.0,90.0,80
long,5,6,102.0,67.0,80
long,5,7,102.0,102.0,80
long,5,8,102.0,91.0,80
long,5,9,102.0,75.0,80
long,5,10,102.0,88.0,80
long,5,11,102.0,93.0,80
long,5,12,102.0,82.0,80
long,5,13,102.0,83.0,80
long,5,14,102.0,85.0,80
long,5,15,102.0,84.0,80
long,5,16,102.0,92.0,80
long,5,17,102.0,114.0,80
long,5,18,102.0,84.0,80
long,5,19,102.0,88.0,80
long,5,20,102.0,101.0,80
long,5,21,102.0,83.0,80
long,5,22,102.0,64.0,80
long,5,23,102.0,84.0,80
long,5,24,102.0,100.0,80
long,5,25,102.0,92.0,80
long,5,26,102.0,92.0,80
long,5,27,102.0,88.0,80
long,5,28,102.0,102.0,80
long,5,29,102.0,101.0,80
long,5,30,102.0,97.0,80
long,5,31,102.0,82.0,80
long,5,32,102.0,84.0,80
long,5,33,102.0,78.0,80
long,5,34,102.0,90.0,80
long,5,35,102.0,94.0,80
long,5,36,102.0,99.0,80
long,5,37,102.0,98.0,80
long,5,38,102.0,74.0,80
long,5,39,102.0,86.0,80
long,5,40,102.0,98.0,80
long,5,41,102.0,83.0,80
long,5,42,102.0,84.0,80
long,5,43,102.0,98.0,80
long,5,44,102.0,92.0,80
long,5,45,102.0,93.0,80
long,5,46,102.0,91.0,80
long,5,47,102.0,104.0,80
long,5,48,102.0,94.0,80
long,5,49,102.0,87.0,80
long,72,0,72.0,85.0,80
long,72,1,72.0,68.0,80
long,72,2,72.0,84.0,80
long,72,3,72.0,72.0,80
long,72,4,72.0,76.0,80
long,72,5,72.0,82.0,80
long,72,6,72.0,89.0,80
long,72,7,72.0,101.0,80
long,72,8,72.0,96.0,80
long,72,9,72.0,94.0,80
long,72,10,72.0,85.0,80
long,72,11,72.0,76.0,80
long,72,12,72.0,88.0,80
long,72,13,72.0,92.0,80
long,72,14,72.0,88.0,80
long,72,15,72.0,88.0,80
long,72,16,72.0,104.0,80
long,72,17,72.0,92.0,80
long,72,18,72.0,96.0,80
long,72,19,72.0,92.0,80
long,72,20,72.0,88.0,80
long,72,21,72.0,101.0,80
long,72,22,72.0,72.0,80
long,72,23,72.0,76.0,80
long,72,24,72.0,84.0,80
long,72,25,72.0,89.0,80
long,72,26,72.0,88.0,80
long,72,27,72.0,80.0,80
long,72,28,72.0,96.0,80
long,72,29,72.0,92.0,80
long,72,30,72.0,92.0,80
long,72,31,72.0,88.0,80
long,72,32,72.0,84.0,80
long,72,33,72.0,88.0,80
long,72,34,72.0,81.0,80
long,72,35,72.0,92.0,80
long,72,36,72.0,96.0,80
long,72,37,72.0,81.0,80
long,72,38,72.0,84.0,80
long,72,39,72.0,80.0,80
long,72,40,72.0,77.0,80
long,72,41,72.0,97.0,80
long,72,42,72.0,100.0,80
long,72,43,72.0,100.0,80
long,72,44,72.0,100.0,80
long,72,45,72.0,68.0,80
long,72,46,72.0,88.0,80
long,72,47,72.0,96.0,80
long,72,48,72.0,84.0,80
long,72,49,72.0,89.0,80
long,22,0,104.0,85.0,80
long,22,1,104.0,76.0,80
long,22,2,104.0,108.0,80
long,22,3,104.0,105.0,80
long,22,4,104.0,91.0,80
long,22,5,104.0,96.0,80
long,22,6,104.0,92.0,80
long,22,7,104.0,108.0,80
long,22,8,104.0,93.0,80
long,22,9,104.0,116.0,80
long,22,10,104.0,108.0,80
long,22,11,104.0,96.0,80
long,22,12,104.0,92.0,80
long,22,13,104.0,100.0,80
long,22,14,104.0,92.0,80
long,22,15,104.0,113.0,80
long,22,16,104.0,100.0,80
long,22,17,104.0,96.0,80
long,22,18,104.0,93.0,80
long,22,19,104.0,86.0,80
long,22,20,104.0,101.0,80
long,22,21,104.0,116.0,80
long,22,22,104.0,106.0,80
long,22,23,104.0,96.0,80
long,22,24,104.0,96.0,80
long,22,25,104.0,97.0,80
long,22,26,104.0,113.0,80
long,22,27,104.0,124.0,80
long,22,28,104.0,92.0,80
long,22,29,104.0,105.0,80
long,22,30,104.0,92.0,80
long,22,31,104.0,85.0,80
long,22,32,104.0,92.0,80
long,22,33,104.0,97.0,80
long,22,34,104.0,100.0,80
long,22,35,104.0,93.0,80
long,22,36,104.0,108.0,80
long,22,37,104.0,112.0,80
long,22,38,104.0,104.0,80
long,22,39,104.0,112.0,80
long,22,40,104.0,106.0,80
long,22,41,104.0,96.0,80
long,22,42,104.0,109.0,80
long,22,43,104.0,101.0,80
long,22,44,104.0,101.0,80
long,22,45,104.0,101.0,80
long,22,46,104.0,89.0,80
long,22,47,104.0,97.0,80
long,22,48,104.0,108.0,80
long,22,49,104.0,97.0,80
long,87,0,98.0,101.0,80
long,87,1,98.0,111.0,80
long,87,2,98.0,106.0,80
long,87,3,98.0,79.0,80
long,87,4,98.0,93.0,80
long,87,5,98.0,89.0,80
long,87,6,98.0,90.0,80
long,87,7,98.0,106.0,80
long,87,8,98.0,89.0,80
long,87,9,98.0,120.0,80
long,87,10,98.0,101.0,80
long,87,11,98.0,83.0,80
long,87,12,98.0,94.0,80
long,87,13,98.0,86.0,80
long,87,14,98.0,97.0,80
long,87,15,98.0,65.0,80
long,87,16,98.0,93.0,80
long,87,17,98.0,117.0,80
long,87,18,98.0,117.0,80
long,87,19,98.0,73.0,80
long,87,20,98.0,102.0,80
long,87,21,98.0,106.0,80
long,87,22,98.0,77.0,80
long,87,23,98.0,92.0,80
long,87,24,98.0,102.0,80
long,87,25,98.0,98.0,80
long,87,26,98.0,95.0,80
long,87,27,98.0,108.0,80
long,87,28,98.0,83.0,80
long,87,29,98.0,72.0,80
long,87,30,98.0,85.0,80
long,87,31,98.0,92.0,80
long,87,32,98.0,93.0,80
long,87,33,98.0,91.0,80
long,87,34,98.0,101.0,80
long,87,35,98.0,118.0,80
long,87,36,98.0,96.0,80
long,87,37,98.0,101.0,80
long,87,38,98.0,81.0,80
long,87,39,98.0,101.0,80
long,87,40,98.0,109.0,80
long,87,41,98.0,81.0,80
long,87,42,98.0,104.0,80
long,87,43,98.0,81.0,80
long,87,44,98.0,105.0,80
long,87,45,98.0,102.0,80
long,87,46,98.0,62.0,80
long,87,47,98.0,102.0,80
long,87,48,98.0,102.0,80
long,87,49,98.0,86.0,80
long,3,0,72.0,84.0,80
long,3,1,72.0,74.0,80
long,3,2,72.0,76.0,80
long,3,3,72.0,72.0,80
long,3,4,72.0,62.0,80
long,3,5,72.0,66.0,80
long,3,6,72.0,76.0,80
long,3,7,72.0,100.0,80
long,3,8,72.0,89.0,80
long,3,9,72.0,81.0,80
long,3,10,72.0,72.0,80
long,3,11,72.0,79.0,80
long,3,12,72.0,78.0,80
long,3,13,72.0,76.0,80
long,3,14,72.0,89.0,80
long,3,15,72.0,77.0,80
long,3,16,72.0,64.0,80
long,3,17,72.0,53.0,80
long,3,18,72.0,93.0,80
long,3,19,72.0,88.0,80
long,3,20,72.0,68.0,80
long,3,21,72.0,66.0,80
long,3,22,72.0,89.0,80
long,3,23,72.0,64.0,80
long,3,24,72.0,90.0,80
long,3,25,72.0,75.0,80
long,3,26,72.0,81.0,80
long,3,27,72.0,77.0,80
long,3,28,72.0,76.0,80
long,3,29,72.0,80.0,80
long,3,30,72.0,64.0,80
long,3,31,72.0,77.0,80
long,3,32,72.0,60.0,80
long,3,33,72.0,88.0,80
long,3,34,72.0,61.0,80
long,3,35,72.0,89.0,80
long,3,36,72.0,83.0,80
long,3,37,72.0,80.0,80
long,3,38,72.0,66.0,80
long,3,39,72.0,77.0,80
long,3,40,72.0,60.0,80
long,3,41,72.0,65.0,80
long,3,42,72.0,92.0,80
long,3,43,72.0,73.0,80
long,3,44,72.0,74.0,80
long,3,45,72.0,73.0,80
long,3,46,72.0,72.0,80
long,3,47,72.0,84.0,80
long,3,48,72.0,96.0,80
long,3,49,72.0,86.0,80
long,15,0,85.0,92.0,80
long,15,1,85.0,100.0,80
long,15,2,85.0,85.0,80
long,15,3,85.0,76.0,80
long,15,4,85.0,89.0,80
long,15,5,85.0,69.0,80
long,15,6,85.0,72.0,80
long,15,7,85.0,73.0,80
long,15,8,85.0,92.0,80
long,15,9,85.0,69.0,80
long,15,10,85.0,87.0,80
long,15,11,85.0,74.0,80
long,15,12,85.0,84.0,80
long,15,13,85.0,97.0,80
long,15,14,85.0,76.0,80
long,15,15,85.0,67.0,80
long,15,16,85.0,101.0,80
long,15,17,85.0,93.0,80
long,15,18,85.0,84.0,80
long,15,19,85.0,88.0,80
long,15,20,85.0,94.0,80
long,15,21,85.0,65.0,80
long,15,22,85.0,96.0,80
long,15,23,85.0,97.0,80
long,15,24,85.0,88.0,80
long,15,25,85.0,104.0,80
long,15,26,85.0,84.0,80
long,15,27,85.0,90.0,80
long,15,28,85.0,92.0,80
long,15,29,85.0,79.0,80
long,15,30,85.0,102.0,80
long,15,31,85.0,88.0,80
long,15,32,85.0,86.0,80
long,15,33,85.0,77.0,80
long,15,34,85.0,88.0,80
long,15,35,85.0,61.0,80
long,15,36,85.0,65.0,80
long,15,37,85.0,86.0,80
long,15,38,85.0,76.0,80
long,15,39,85.0,85.0,80
long,15,40,85.0,85.0,80
long,15,41,85.0,108.0,80
long,15,42,85.0,86.0,80
long,15,43,85.0,68.0,80
long,15,44,85.0,80.0,80
long,15,45,85.0,85.0,80
long,15,46,85.0,96.0,80
long,15,47,85.0,93.0,80
long,15,48,85.0,93.0,80
long,15,49,85.0,104.0,80
long,60,0,104.0,89.0,80
long,60,1,104.0,97.0,80
long,60,2,104.0,100.0,80
long,60,3,104.0,96.0,80
long,60,4,104.0,97.0,80
long,60,5,104.0,100.0,80
long,60,6,104.0,92.0,80
long,60,7,104.0,84.0,80
long,60,8,104.0,101.0,80
long,60,9,104.0,89.0,80
long,60,10,104.0,92.0,80
long,60,11,104.0,88.0,80
long,60,12,104.0,96.0,80
long,60,13,104.0,87.0,80
long,60,14,104.0,76.0,80
long,60,15,104.0,92.0,80
long,60,16,104.0,100.0,80
long,60,17,104.0,84.0,80
long,60,18,104.0,108.0,80
long,60,19,104.0,104.0,80
long,60,20,104.0,108.0,80
long,60,21,104.0,88.0,80
long,60,22,104.0,116.0,80
long,60,23,104.0,108.0,80
long,60,24,104.0,109.0,80
long,60,25,104.0,89.0,80
long,60,26,104.0,100.0,80
long,60,27,104.0,100.0,80
long,60,28,104.0,85.0,80
long,60,29,104.0,100.0,80
long,60,30,104.0,112.0,80
long,60,31,104.0,89.0,80
long,60,32,104.0,97.0,80
long,60,33,104.0,85.0,80
long,60,34,104.0,80.0,80
long,60,35,104.0,104.0,80
long,60,36,104.0,100.0,80
long,60,37,104.0,88.0,80
long,60,38,104.0,106.0,80
long,60,39,104.0,92.0,80
long,60,40,104.0,92.0,80
long,60,41,104.0,100.0,80
long,60,42,104.0,104.0,80
long,60,43,104.0,80.0,80
long,60,44,104.0,92.0,80
long,60,45,104.0,105.0,80
long,60,46,104.0,100.0,80
long,60,47,104.0,96.0,80
long,60,48,104.0,92.0,80
long,60,49,104.0,85.0,80
long,16,0,92.0,97.0,80
long,16,1,92.0,100.0,80
long,16,2,92.0,73.0,80
long,16,3,92.0,92.0,80
long,16,4,92.0,88.0,80
long,16,5,92.0,76.0,80
long,16,6,92.0,104.0,80
long,16,7,92.0,96.0,80
long,16,8,92.0,76.0,80
long,16,9,92.0,112.0,80
long,16,10,92.0,108.0,80
long,16,11,92.0,100.0,80
long,16,12,92.0,64.0,80
long,16,13,92.0,88.0,80
long,16,14,92.0,76.0,80
long,16,15,92.0,76.0,80
long,16,16,92.0,104.0,80
long,16,17,92.0,96.0,80
long,16,18,92.0,100.0,80
long,16,19,92.0,81.0,80
long,16,20,92.0,100.0,80
long,16,21,92.0,93.0,80
long,16,22,92.0,81.0,80
long,16,23,92.0,80.0,80
long,16,24,92.0,100.0,80
long,16,25,92.0,93.0,80
long,16,26,92.0,97.0,80
long,16,27,92.0,81.0,80
long,16,28,92.0,92.0,80
long,16,29,92.0,85.0,80
long,16,30,92.0,82.0,80
long,16,31,92.0,69.0,80
long,16,32,92.0,88.0,80
long,16,33,92.0,96.0,80
long,16,34,92.0,85.0,80
long,16,35,92.0,95.0,80
long,16,36,92.0,65.0,80
long,16,37,92.0,84.0,80
long,16,38,92.0,86.0,80
long,16,39,92.0,92.0,80
long,16,40,92.0,108.0,80
long,16,41,92.0,80.0,80
long,16,42,92.0,81.0,80
long,16,43,92.0,96.0,80
long,16,44,92.0,84.0,80
long,16,45,92.0,100.0,80
long,16,46,92.0,88.0,80
long,16,47,92.0,84.0,80
long,16,48,92.0,113.0,80
long,16,49,92.0,104.0,80
long,11,0,104.0,96.0,80
long,11,1,104.0,113.0,80
long,11,2,104.0,74.0,80
long,11,3,104.0,103.0,80
long,11,4,104.0,88.0,80
long,11,5,104.0,91.0,80
long,11,6,104.0,89.0,80
long,11,7,104.0,105.0,80
long,11,8,104.0,99.0,80
long,11,9,104.0,89.0,80
long,11,10,104.0,117.0,80
long,11,11,104.0,85.0,80
long,11,12,104.0,100.0,80
long,11,13,104.0,96.0,80
long,11,14,104.0,103.0,80
long,11,15,104.0,107.0,80
long,11,16,104.0,101.0,80
long,11,17,104.0,84.0,80
long,11,18,104.0,99.0,80
long,11,19,104.0,97.0,80
long,11,20,104.0,90.0,80
long,11,21,104.0,100.0,80
long,11,22,104.0,92.0,80
long,11,23,104.0,71.0,80
long,11,24,104.0,108.0,80
long,11,25,104.0,96.0,80
long,11,26,104.0,90.0,80
long,11,27,104.0,99.0,80
long,11,28,104.0,99.0,80
long,11,29,104.0,77.0,80
long,11,30,104.0,84.0,80
long,11,31,104.0,101.0,80
long,11,32,104.0,86.0,80
long,11,33,104.0,92.0,80
long,11,34,104.0,98.0,80
long,11,35,104.0,97.0,80
long,11,36,104.0,103.0,80
long,11,37,104.0,107.0,80
long,11,38,104.0,110.0,80
long,11,39,104.0,105.0,80
long,11,40,104.0,104.0,80
long,11,41,104.0,100.0,80
long,11,42,104.0,94.0,80
long,11,43,104.0,99.0,80
long,11,44,104.0,97.0,80
long,11,45,104.0,93.0,80
long,11,46,104.0,92.0,80
long,11,47,104.0,99.0,80
long,11,48,104.0,101.0,80
long,11,49,104.0,102.0,80
long,83,0,69.0,64.0,80
long,83,1,69.0,73.0,80
long,83,2,69.0,97.0,80
long,83,3,69.0,92.0,80
long,83,4,69.0,93.0,80
long,83,5,69.0,80.0,80
long,83,6,69.0,84.0,80
long,83,7,69.0,86.0,80
long,83,8,69.0,92.0,80
long,83,9,69.0,76.0,80
long,83,10,69.0,84.0,80
long,83,11,69.0,88.0,80
long,83,12,69.0,42.0,80
long,83,13,69.0,88.0,80
long,83,14,69.0,68.0,80
long,83,15,69.0,84.0,80
long,83,16,69.0,89.0,80
long,83,17,69.0,56.0,80
long,83,18,69.0,80.0,80
long,83,19,69.0,62.0,80
long,83,20,69.0,68.0,80
long,83,21,69.0,29.0,80
long,83,22,69.0,80.0,80
long,83,23,69.0,65.0,80
long,83,24,69.0,58.0,80
long,83,25,69.0,89.0,80
long,83,26,69.0,57.0,80
long,83,27,69.0,61.0,80
long,83,28,69.0,81.0,80
long,83,29,69.0,96.0,80
long,83,30,69.0,46.0,80
long,83,31,69.0,48.0,80
long,83,32,69.0,70.0,80
long,83,33,69.0,84.0,80
long,83,34,69.0,68.0,80
long,83,35,69.0,80.0,80
long,83,36,69.0,89.0,80
long,83,37,69.0,81.0,80
long,83,38,69.0,92.0,80
long,83,39,69.0,88.0,80
long,83,40,69.0,59.0,80
long,83,41,69.0,57.0,80
long,83,42,69.0,53.0,80
long,83,43,69.0,84.0,80
long,83,44,69.0,92.0,80
long,83,45,69.0,97.0,80
long,83,46,69.0,65.0,80
long,83,47,69.0,51.0,80
long,83,48,69.0,84.0,80
long,83,49,69.0,88.0,80
long,66,0,93.0,83.0,80
long,66,1,93.0,79.0,80
long,66,2,93.0,64.0,80
long,66,3,93.0,79.0,80
long,66,4,93.0,73.0,80
long,66,5,93.0,90.0,80
long,66,6,93.0,84.0,80
long,66,7,93.0,69.0,80
long,66,8,93.0,70.0,80
long,66,9,93.0,92.0,80
long,66,10,93.0,82.0,80
long,66,11,93.0,83.0,80
long,66,12,93.0,92.0,80
long,66,13,93.0,90.0,80
long,66,14,93.0,80.0,80
long,66,15,93.0,114.0,80
long,66,16,93.0,65.0,80
long,66,17,93.0,85.0,80
long,66,18,93.0,70.0,80
long,66,19,93.0,93.0,80
long,66,20,93.0,116.0,80
long,66,21,93.0,75.0,80
long,66,22,93.0,85.0,80
long,66,23,93.0,88.0,80
long,66,24,93.0,63.0,80
long,66,25,93.0,90.0,80
long,66,26,93.0,79.0,80
long,66,27,93.0,84.0,80
long,66,28,93.0,89.0,80
long,66,29,93.0,99.0,80
long,66,30,93.0,57.0,80
long,66,31,93.0,48.0,80
long,66,32,93.0,86.0,80
long,66,33,93.0,74.0,80
long,66,34,93.0,82.0,80
long,66,35,93.0,77.0,80
long,66,36,93.0,100.0,80
long,66,37,93.0,78.0,80
long,66,38,93.0,93.0,80
long,66,39,93.0,88.0,80
long,66,40,93.0,80.0,80
long,66,41,93.0,84.0,80
long,66,42,93.0,78.0,80
long,66,43,93.0,85.0,80
long,66,44,93.0,85.0,80
long,66,45,93.0,85.0,80
long,66,46,93.0,91.0,80
long,66,47,93.0,94.0,80
long,66,48,93.0,76.0,80
long,66,49,93.0,81.0,80
long,25,0,64.0,116.0,80
long,25,1,64.0,100.0,80
long,25,2,64.0,80.0,80
long,25,3,64.0,80.0,80
long,25,4,64.0,89.0,80
long,25,5,64.0,96.0,80
long,25,6,64.0,100.0,80
long,25,7,64.0,92.0,80
long,25,8,64.0,88.0,80
long,25,9,64.0,88.0,80
long,25,10,64.0,96.0,80
long,25,11,64.0,88.0,80
long,25,12,64.0,92.0,80
long,25,13,64.0,76.0,80
long,25,14,64.0,76.0,80
long,25,15,64.0,104.0,80
long,25,16,64.0,96.0,80
long,25,17,64.0,96.0,80
long,25,18,64.0,104.0,80
long,25,19,64.0,96.0,80
long,25,20,64.0,88.0,80
long,25,21,64.0,88.0,80
long,25,22,64.0,85.0,80
long,25,23,64.0,84.0,80
long,25,24,64.0,92.0,80
long,25,25,64.0,80.0,80
long,25,26,64.0,104.0,80
long,25,27,64.0,80.0,80
long,25,28,64.0,94.0,80
long,25,29,64.0,68.0,80
long,25,30,64.0,76.0,80
long,25,31,64.0,97.0,80
long,25,32,64.0,104.0,80
long,25,33,64.0,89.0,80
long,25,34,64.0,113.0,80
long,25,35,64.0,93.0,80
long,25,36,64.0,96.0,80
long,25,37,64.0,100.0,80
long,25,38,64.0,100.0,80
long,25,39,64.0,86.0,80
long,25,40,64.0,101.0,80
long,25,41,64.0,85.0,80
long,25,42,64.0,94.0,80
long,25,43,64.0,92.0,80
long,25,44,64.0,76.0,80
long,25,45,64.0,100.0,80
long,25,46,64.0,92.0,80
long,25,47,64.0,86.0,80
long,25,48,64.0,76.0,80
long,25,49,64.0,101.0,80
long,2,0,80.0,98.0,80
long,2,1,80.0,75.0,80
long,2,2,80.0,107.0,80
long,2,3,80.0,108.0,80
long,2,4,80.0,88.0,80
long,2,5,80.0,76.0,80
long,2,6,80.0,90.0,80
long,2,7,80.0,104.0,80
long,2,8,80.0,102.0,80
long,2,9,80.0,109.0,80
long,2,10,80.0,98.0,80
long,2,11,80.0,96.0,80
long,2,12,80.0,87.0,80
long,2,13,80.0,85.0,80
long,2,14,80.0,88.0,80
long,2,15,80.0,82.0,80
long,2,16,80.0,78.0,80
long,2,17,80.0,110.0,80
long,2,18,80.0,98.0,80
long,2,19,80.0,80.0,80
long,2,20,80.0,68.0,80
long,2,21,80.0,80.0,80
long,2,22,80.0,106.0,80
long,2,23,80.0,79.0,80
long,2,24,80.0,86.0,80
long,2,25,80.0,89.0,80
long,2,26,80.0,80.0,80
long,2,27,80.0,76.0,80
long,2,28,80.0,97.0,80
long,2,29,80.0,68.0,80
long,2,30,80.0,89.0,80
long,2,31,80.0,65.0,80
long,2,32,80.0,98.0,80
long,2,33,80.0,84.0,80
long,2,34,80.0,79.0,80
long,2,35,80.0,101.0,80
long,2,36,80.0,87.0,80
long,2,37,80.0,98.0,80
long,2,38,80.0,77.0,80
long,2,39,80.0,89.0,80
long,2,40,80.0,60.0,80
long,2,41,80.0,79.0,80
long,2,42,80.0,78.0,80
long,2,43,80.0,97.0,80
long,2,44,80.0,75.0,80
long,2,45,80.0,94.0,80
long,2,46,80.0,118.0,80
long,2,47,80.0,95.0,80
long,2,48,80.0,70.0,80
long,2,49,80.0,96.0,80
long,91,0,116.0,102.0,80
long,91,1,116.0,88.0,80
long,91,2,116.0,104.0,80
long,91,3,116.0,93.0,80
long,91,4,116.0,89.0,80
long,91,5,116.0,64.0,80
long,91,6,116.0,95.0,80
long,91,7,116.0,124.0,80
long,91,8,116.0,80.0,80
long,91,9,116.0,107.0,80
long,91,10,116.0,99.0,80
long,91,11,116.0,111.0,80
long,91,12,116.0,71.0,80
long,91,13,116.0,77.0,80
long,91,14,116.0,117.0,80
long,91,15,116.0,99.0,80
long,91,16,116.0,92.0,80
long,91,17,116.0,98.0,80
long,91,18,116.0,93.0,80
long,91,19,116.0,93.0,80
long,91,20,116.0,117.0,80
long,91,21,116.0,90.0,80
long,91,22,116.0,102.0,80
long,91,23,116.0,110.0,80
long,91,24,116.0,106.0,80
long,91,25,116.0,92.0,80
long,91,26,116.0,105.0,80
long,91,27,116.0,87.0,80
long,91,28,116.0,114.0,80
long,91,29,116.0,76.0,80
long,91,30,116.0,97.0,80
long,91,31,116.0,88.0,80
long,91,32,116.0,86.0,80
long,91,33,116.0,101.0,80
long,91,34,116.0,80.0,80
long,91,35,116.0,104.0,80
long,91,36,116.0,93.0,80
long,91,37,116.0,80.0,80
long,91,38,116.0,87.0,80
long,91,39,116.0,87.0,80
long,91,40,116.0,87.0,80
long,91,41,116.0,78.0,80
long,91,42,116.0,87.0,80
long,91,43,116.0,87.0,80
long,91,44,116.0,92.0,80
long,91,45,116.0,102.0,80
long,91,46,116.0,75.0,80
long,91,47,116.0,93.0,80
long,91,48,116.0,84.0,80
long,91,49,116.0,87.0,80
long,19,0,84.0,90.0,80
long,19,1,84.0,84.0,80
long,19,2,84.0,81.0,80
long,19,3,84.0,88.0,80
long,19,4,84.0,97.0,80
long,19,5,84.0,79.0,80
long,19,6,84.0,90.0,80
long,19,7,84.0,104.0,80
long,19,8,84.0,86.0,80
long,19,9,84.0,86.0,80
long,19,10,84.0,97.0,80
long,19,11,84.0,88.0,80
long,19,12,84.0,97.0,80
long,19,13,84.0,80.0,80
long,19,14,84.0,85.0,80
long,19,15,84.0,96.0,80
long,19,16,84.0,81.0,80
long,19,17,84.0,109.0,80
long,19,18,84.0,72.0,80
long,19,19,84.0,77.0,80
long,19,20,84.0,106.0,80
long,19,21,84.0,80.0,80
long,19,22,84.0,97.0,80
long,19,23,84.0,80.0,80
long,19,24,84.0,94.0,80
long,19,25,84.0,93.0,80
long,19,26,84.0,77.0,80
long,19,27,84.0,84.0,80
long,19,28,84.0,89.0,80
long,19,29,84.0,73.0,80
long,19,30,84.0,96.0,80
long,19,31,84.0,81.0,80
long,19,32,84.0,84.0,80
long,19,33,84.0,72.0,80
long,19,34,84.0,92.0,80
long,19,35,84.0,73.0,80
long,19,36,84.0,86.0,80
long,19,37,84.0,93.0,80
long,19,38,84.0,105.0,80
long,19,39,84.0,76.0,80
long,19,40,84.0,68.0,80
long,19,41,84.0,65.0,80
long,19,42,84.0,94.0,80
long,19,43,84.0,69.0,80
long,19,44,84.0,73.0,80
long,19,45,84.0,82.0,80
long,19,46,84.0,116.0,80
long,19,47,84.0,92.0,80
long,19,48,84.0,77.0,80
long,19,49,84.0,85.0,80
long,90,0,57.0,81.0,80
long,90,1,57.0,80.0,80
long,90,2,57.0,54.0,80
long,90,3,57.0,56.0,80
long,90,4,57.0,92.0,80
long,90,5,57.0,105.0,80
long,90,6,57.0,81.0,80
long,90,7,57.0,65.0,80
long,90,8,57.0,80.0,80
long,90,9,57.0,89.0,80
long,90,10,57.0,113.0,80
long,90,11,57.0,72.0,80
long,90,12,57.0,96.0,80
long,90,13,57.0,81.0,80
long,90,14,57.0,81.0,80
long,90,15,57.0,60.0,80
long,90,16,57.0,68.0,80
long,90,17,57.0,76.0,80
long,90,18,57.0,81.0,80
long,90,19,57.0,97.0,80
long,90,20,57.0,86.0,80
long,90,21,57.0,105.0,80
long,90,22,57.0,67.0,80
long,90,23,57.0,92.0,80
long,90,24,57.0,76.0,80
long,90,25,57.0,65.0,80
long,90,26,57.0,84.0,80
long,90,27,57.0,93.0,80
long,90,28,57.0,92.0,80
long,90,29,57.0,72.0,80
long,90,30,57.0,72.0,80
long,90,31,57.0,72.0,80
long,90,32,57.0,89.0,80
long,90,33,57.0,82.0,80
long,90,34,57.0,88.0,80
long,90,35,57.0,73.0,80
long,90,36,57.0,68.0,80
long,90,37,57.0,89.0,80
long,90,38,57.0,70.0,80
long,90,39,57.0,84.0,80
long,90,40,57.0,77.0,80
long,90,41,57.0,84.0,80
long,90,42,57.0,94.0,80
long,90,43,57.0,101.0,80
long,90,44,57.0,54.0,80
long,90,45,57.0,98.0,80
long,90,46,57.0,72.0,80
long,90,47,57.0,76.0,80
long,90,48,57.0,81.0,80
long,90,49,57.0,100.0,80
long,69,0,98.0,86.0,80
long,69,1,98.0,79.0,80
long,69,2,98.0,67.0,80
long,69,3,98.0,106.0,80
long,69,4,98.0,116.0,80
long,69,5,98.0,108.0,80
long,69,6,98.0,88.0,80
long,69,7,98.0,93.0,80
long,69,8,98.0,97.0,80
long,69,9,98.0,101.0,80
long,69,10,98.0,113.0,80
long,69,11,98.0,98.0,80
long,69,12,98.0,85.0,80
long,69,13,98.0,81.0,80
long,69,14,98.0,89.0,80
long,69,15,98.0,88.0,80
long,69,16,98.0,90.0,80
long,69,17,98.0,96.0,80
long,69,18,98.0,98.0,80
long,69,19,98.0,76.0,80
long,69,20,98.0,113.0,80
long,69,21,98.0,86.0,80
long,69,22,98.0,94.0,80
long,69,23,98.0,104.0,80
long,69,24,98.0,98.0,80
long,69,25,98.0,113.0,80
long,69,26,98.0,92.0,80
long,69,27,98.0,78.0,80
long,69,28,98.0,93.0,80
long,69,29,98.0,94.0,80
long,69,30,98.0,100.0,80
long,69,31,98.0,112.0,80
long,69,32,98.0,96.0,80
long,69,33,98.0,117.0,80
long,69,34,98.0,93.0,80
long,69,35,98.0,117.0,80
long,69,36,98.0,101.0,80
long,69,37,98.0,103.0,80
long,69,38,98.0,93.0,80
long,69,39,98.0,98.0,80
long,69,40,98.0,84.0,80
long,69,41,98.0,82.0,80
long,69,42,98.0,72.0,80
long,69,43,98.0,88.0,80
long,69,44,98.0,105.0,80
long,69,45,98.0,96.0,80
long,69,46,98.0,85.0,80
long,69,47,98.0,87.0,80
long,69,48,98.0,93.0,80
long,69,49,98.0,93.0,80
long,31,0,110.0,104.0,80
long,31,1,110.0,93.0,80
long,31,2,110.0,84.0,80
long,31,3,110.0,108.0,80
long,31,4,110.0,104.0,80
long,31,5,110.0,104.0,80
long,31,6,110.0,89.0,80
long,31,7,110.0,96.0,80
long,31,8,110.0,120.0,80
long,31,9,110.0,90.0,80
long,31,10,110.0,85.0,80
long,31,11,110.0,108.0,80
long,31,12,110.0,93.0,80
long,31,13,110.0,113.0,80
long,31,14,110.0,108.0,80
long,31,15,110.0,104.0,80
long,31,16,110.0,88.0,80
long,31,17,110.0,84.0,80
long,31,18,110.0,96.0,80
long,31,19,110.0,105.0,80
long,31,20,110.0,105.0,80
long,31,21,110.0,88.0,80
long,31,22,110.0,108.0,80
long,31,23,110.0,116.0,80
long,31,24,110.0,96.0,80
long,31,25,110.0,116.0,80
long,31,26,110.0,88.0,80
long,31,27,110.0,93.0,80
long,31,28,110.0,84.0,80
long,31,29,110.0,92.0,80
long,31,30,110.0,104.0,80
long,31,31,110.0,100.0,80
long,31,32,110.0,92.0,80
long,31,33,110.0,101.0,80
long,31,34,110.0,92.0,80
long,31,35,110.0,92.0,80
long,31,36,110.0,84.0,80
long,31,37,110.0,108.0,80
long,31,38,110.0,89.0,80
long,31,39,110.0,112.0,80
long,31,40,110.0,96.0,80
long,31,41,110.0,104.0,80
long,31,42,110.0,92.0,80
long,31,43,110.0,96.0,80
long,31,44,110.0,100.0,80
long,31,45,110.0,92.0,80
long,31,46,110.0,88.0,80
long,31,47,110.0,76.0,80
long,31,48,110.0,96.0,80
long,31,49,110.0,89.0,80
long,6,0,88.0,92.0,80
long,6,1,88.0,81.0,80
long,6,2,88.0,88.0,80
long,6,3,88.0,72.0,80
long,6,4,88.0,81.0,80
long,6,5,88.0,100.0,80
long,6,6,88.0,92.0,80
long,6,7,88.0,96.0,80
long,6,8,88.0,80.0,80
long,6,9,88.0,76.0,80
long,6,10,88.0,76.0,80
long,6,11,88.0,72.0,80
long,6,12,88.0,80.0,80
long,6,13,88.0,76.0,80
long,6,14,88.0,72.0,80
long,6,15,88.0,57.0,80
long,6,16,88.0,96.0,80
long,6,17,88.0,65.0,80
long,6,18,88.0,80.0,80
long,6,19,88.0,72.0,80
long,6,20,88.0,68.0,80
long,6,21,88.0,64.0,80
long,6,22,88.0,69.0,80
long,6,23,88.0,82.0,80
long,6,24,88.0,88.0,80
long,6,25,88.0,116.0,80
long,6,26,88.0,64.0,80
long,6,27,88.0,96.0,80
long,6,28,88.0,56.0,80
long,6,29,88.0,68.0,80
long,6,30,88.0,81.0,80
long,6,31,88.0,92.0,80
long,6,32,88.0,85.0,80
long,6,33,88.0,62.0,80
long,6,34,88.0,88.0,80
long,6,35,88.0,40.0,80
long,6,36,88.0,80.0,80
long,6,37,88.0,60.0,80
long,6,38,88.0,69.0,80
long,6,39,88.0,65.0,80
long,6,40,88.0,88.0,80
long,6,41,88.0,96.0,80
long,6,42,88.0,68.0,80
long,6,43,88.0,65.0,80
long,6,44,88.0,80.0,80
long,6,45,88.0,69.0,80
long,6,46,88.0,88.0,80
long,6,47,88.0,88.0,80
long,6,48,88.0,77.0,80
long,6,49,88.0,100.0,80
long,62,0,88.0,96.0,80
long,62,1,88.0,76.0,80
long,62,2,88.0,94.0,80
long,62,3,88.0,104.0,80
long,62,4,88.0,76.0,80
long,62,5,88.0,96.0,80
long,62,6,88.0,64.0,80
long,62,7,88.0,104.0,80
long,62,8,88.0,81.0,80
long,62,9,88.0,100.0,80
long,62,10,88.0,92.0,80
long,62,11,88.0,81.0,80
long,62,12,88.0,104.0,80
long,62,13,88.0,88.0,80
long,62,14,88.0,72.0,80
long,62,15,88.0,88.0,80
long,62,16,88.0,116.0,80
long,62,17,88.0,104.0,80
long,62,18,88.0,96.0,80
long,62,19,88.0,96.0,80
long,62,20,88.0,80.0,80
long,62,21,88.0,80.0,80
long,62,22,88.0,84.0,80
long,62,23,88.0,88.0,80
long,62,24,88.0,117.0,80
long,62,25,88.0,96.0,80
long,62,26,88.0,104.0,80
long,62,27,88.0,92.0,80
long,62,28,88.0,96.0,80
long,62,29,88.0,96.0,80
long,62,30,88.0,84.0,80
long,62,31,88.0,85.0,80
long,62,32,88.0,88.0,80
long,62,33,88.0,104.0,80
long,62,34,88.0,80.0,80
long,62,35,88.0,97.0,80
long,62,36,88.0,88.0,80
long,62,37,88.0,100.0,80
long,62,38,88.0,77.0,80
long,62,39,88.0,104.0,80
long,62,40,88.0,80.0,80
long,62,41,88.0,104.0,80
long,62,42,88.0,92.0,80
long,62,43,88.0,84.0,80
long,62,44,88.0,92.0,80
long,62,45,88.0,112.0,80
long,62,46,88.0,108.0,80
long,62,47,88.0,88.0,80
long,62,48,88.0,104.0,80
long,62,49,88.0,84.0,80
long,59,0,72.0,111.0,80
long,59,1,72.0,52.0,80
long,59,2,72.0,75.0,80
long,59,3,72.0,99.0,80
long,59,4,72.0,76.0,80
long,59,5,72.0,92.0,80
long,59,6,72.0,104.0,80
long,59,7,72.0,92.0,80
long,59,8,72.0,102.0,80
long,59,9,72.0,76.0,80
long,59,10,72.0,103.0,80
long,59,11,72.0,93.0,80
long,59,12,72.0,80.0,80
long,59,13,72.0,112.0,80
long,59,14,72.0,88.0,80
long,59,15,72.0,103.0,80
long,59,16,72.0,93.0,80
long,59,17,72.0,98.0,80
long,59,18,72.0,69.0,80
long,59,19,72.0,102.0,80
long,59,20,72.0,84.0,80
long,59,21,72.0,81.0,80
long,59,22,72.0,71.0,80
long,59,23,72.0,78.0,80
long,59,24,72.0,82.0,80
long,59,25,72.0,96.0,80
long,59,26,72.0,84.0,80
long,59,27,72.0,87.0,80
long,59,28,72.0,95.0,80
long,59,29,72.0,98.0,80
long,59,30,72.0,98.0,80
long,59,31,72.0,71.0,80
long,59,32,72.0,68.0,80
long,59,33,72.0,99.0,80
long,59,34,72.0,97.0,80
long,59,35,72.0,98.0,80
long,59,36,72.0,95.0,80
long,59,37,72.0,87.0,80
long,59,38,72.0,89.0,80
long,59,39,72.0,89.0,80
long,59,40,72.0,62.0,80
long,59,41,72.0,85.0,80
long,59,42,72.0,91.0,80
long,59,43,72.0,90.0,80
long,59,44,72.0,92.0,80
long,59,45,72.0,82.0,80
long,59,46,72.0,82.0,80
long,59,47,72.0,106.0,80
long,59,48,72.0,86.0,80
long,59,49,72.0,83.0,80
long,36,0,92.0,100.0,80
long,36,1,92.0,96.0,80
long,36,2,92.0,96.0,80
long,36,3,92.0,80.0,80
long,36,4,92.0,80.0,80
long,36,5,92.0,80.0,80
long,36,6,92.0,100.0,80
long,36,7,92.0,108.0,80
long,36,8,92.0,84.0,80
long,36,9,92.0,104.0,80
long,36,10,92.0,84.0,80
long,36,11,92.0,96.0,80
long,36,12,92.0,72.0,80
long,36,13,92.0,84.0,80
long,36,14,92.0,92.0,80
long,36,15,92.0,96.0,80
long,36,16,92.0,88.0,80
long,36,17,92.0,108.0,80
long,36,18,92.0,108.0,80
long,36,19,92.0,80.0,80
long,36,20,92.0,92.0,80
long,36,21,92.0,88.0,80
long,36,22,92.0,96.0,80
long,36,23,92.0,68.0,80
long,36,24,92.0,72.0,80
long,36,25,92.0,108.0,80
long,36,26,92.0,80.0,80
long,36,27,92.0,76.0,80
long,36,28,92.0,108.0,80
long,36,29,92.0,100.0,80
long,36,30,92.0,84.0,80
long,36,31,92.0,84.0,80
long,36,32,92.0,84.0,80
long,36,33,92.0,93.0,80
long,36,34,92.0,76.0,80
long,36,35,92.0,76.0,80
long,36,36,92.0,104.0,80
long,36,37,92.0,116.0,80
long,36,38,92.0,92.0,80
long,36,39,92.0,84.0,80
long,36,40,92.0,96.0,80
long,36,41,92.0,84.0,80
long,36,42,92.0,81.0,80
long,36,43,92.0,88.0,80
long,36,44,92.0,92.0,80
long,36,45,92.0,96.0,80
long,36,46,92.0,88.0,80
long,36,47,92.0,104.0,80
long,36,48,92.0,96.0,80
long,36,49,92.0,104.0,80
long,94,0,100.0,88.0,80
long,94,1,100.0,96.0,80
long,94,2,100.0,96.0,80
long,94,3,100.0,104.0,80
long,94,4,100.0,96.0,80
long,94,5,100.0,69.0,80
long,94,6,100.0,84.0,80
long,94,7,100.0,84.0,80
long,94,8,100.0,85.0,80
long,94,9,100.0,76.0,80
long,94,10,100.0,100.0,80
long,94,11,100.0,104.0,80
long,94,12,100.0,97.0,80
long,94,13,100.0,76.0,80
long,94,14,100.0,76.0,80
long,94,15,100.0,96.0,80
long,94,16,100.0,88.0,80
long,94,17,100.0,92.0,80
long,94,18,100.0,108.0,80
long,94,19,100.0,97.0,80
long,94,20,100.0,88.0,80
long,94,21,100.0,84.0,80
long,94,22,100.0,81.0,80
long,94,23,100.0,69.0,80
long,94,24,100.0,100.0,80
long,94,25,100.0,108.0,80
long,94,26,100.0,88.0,80
long,94,27,100.0,96.0,80
long,94,28,100.0,88.0,80
long,94,29,100.0,92.0,80
long,94,30,100.0,97.0,80
long,94,31,100.0,100.0,80
long,94,32,100.0,84.0,80
long,94,33,100.0,88.0,80
long,94,34,100.0,92.0,80
long,94,35,100.0,92.0,80
long,94,36,100.0,108.0,80
long,94,37,100.0,88.0,80
long,94,38,100.0,92.0,80
long,94,39,100.0,104.0,80
long,94,40,100.0,104.0,80
long,94,41,100.0,92.0,80
long,94,42,100.0,84.0,80
long,94,43,100.0,85.0,80
long,94,44,100.0,96.0,80
long,94,45,100.0,88.0,80
long,94,46,100.0,88.0,80
long,94,47,100.0,100.0,80
long,94,48,100.0,104.0,80
long,94,49,100.0,101.0,80
long,102,0,84.0,93.0,80
long,102,1,84.0,81.0,80
long,102,2,84.0,87.0,80
long,102,3,84.0,103.0,80
long,102,4,84.0,93.0,80
long,102,5,84.0,98.0,80
long,102,6,84.0,102.0,80
long,102,7,84.0,87.0,80
long,102,8,84.0,71.0,80
long,102,9,84.0,72.0,80
long,102,10,84.0,81.0,80
long,102,11,84.0,83.0,80
long,102,12,84.0,60.0,80
long,102,13,84.0,81.0,80
long,102,14,84.0,76.0,80
long,102,15,84.0,87.0,80
long,102,16,84.0,52.0,80
long,102,17,84.0,95.0,80
long,102,18,84.0,78.0,80
long,102,19,84.0,87.0,80
long,102,20,84.0,100.0,80
long,102,21,84.0,85.0,80
long,102,22,84.0,90.0,80
long,102,23,84.0,98.0,80
long,102,24,84.0,70.0,80
long,102,25,84.0,99.0,80
long,102,26,84.0,77.0,80
long,102,27,84.0,83.0,80
long,102,28,84.0,83.0,80
long,102,29,84.0,106.0,80
long,102,30,84.0,92.0,80
long,102,31,84.0,73.0,80
long,102,32,84.0,96.0,80
long,102,33,84.0,77.0,80
long,102,34,84.0,92.0,80
long,102,35,84.0,79.0,80
long,102,36,84.0,84.0,80
long,102,37,84.0,80.0,80
long,102,38,84.0,80.0,80
long,102,39,84.0,89.0,80
long,102,40,84.0,75.0,80
long,102,41,84.0,70.0,80
long,102,42,84.0,88.0,80
long,102,43,84.0,94.0,80
long,102,44,84.0,109.0,80
long,102,45,84.0,100.0,80
long,102,46,84.0,71.0,80
long,102,47,84.0,70.0,80
long,102,48,84.0,87.0,80
long,102,49,84.0,75.0,80
long,86,0,96.0,84.0,80
long,86,1,96.0,80.0,80
long,86,2,96.0,74.0,80
long,86,3,96.0,93.0,80
long,86,4,96.0,96.0,80
long,86,5,96.0,100.0,80
long,86,6,96.0,76.0,80
long,86,7,96.0,96.0,80
long,86,8,96.0,84.0,80
long,86,9,96.0,88.0,80
long,86,10,96.0,88.0,80
long,86,11,96.0,88.0,80
long,86,12,96.0,72.0,80
long,86,13,96.0,92.0,80
long,86,14,96.0,80.0,80
long,86,15,96.0,72.0,80
long,86,16,96.0,80.0,80
long,86,17,96.0,101.0,80
long,86,18,96.0,80.0,80
long,86,19,96.0,80.0,80
long,86,20,96.0,120.0,80
long,86,21,96.0,76.0,80
long,86,22,96.0,80.0,80
long,86,23,96.0,92.0,80
long,86,24,96.0,93.0,80
long,86,25,96.0,80.0,80
long,86,26,96.0,100.0,80
long,86,27,96.0,84.0,80
long,86,28,96.0,76.0,80
long,86,29,96.0,88.0,80
long,86,30,96.0,72.0,80
long,86,31,96.0,92.0,80
long,86,32,96.0,101.0,80
long,86,33,96.0,101.0,80
long,86,34,96.0,75.0,80
long,86,35,96.0,96.0,80
long,86,36,96.0,96.0,80
long,86,37,96.0,93.0,80
long,86,38,96.0,65.0,80
long,86,39,96.0,100.0,80
long,86,40,96.0,88.0,80
long,86,41,96.0,96.0,80
long,86,42,96.0,92.0,80
long,86,43,96.0,76.0,80
long,86,44,96.0,72.0,80
long,86,45,96.0,105.0,80
long,86,46,96.0,84.0,80
long,86,47,96.0,88.0,80
long,86,48,96.0,104.0,80
long,86,49,96.0,84.0,80
long,54,0,89.0,89.0,80
long,54,1,89.0,100.0,80
long,54,2,89.0,109.0,80
long,54,3,89.0,84.0,80
long,54,4,89.0,85.0,80
long,54,5,89.0,83.0,80
long,54,6,89.0,63.0,80
long,54,7,89.0,88.0,80
long,54,8,89.0,69.0,80
long,54,9,89.0,75.0,80
long,54,10,89.0,79.0,80
long,54,11,89.0,100.0,80
long,54,12,89.0,105.0,80
long,54,13,89.0,78.0,80
long,54,14,89.0,89.0,80
long,54,15,89.0,93.0,80
long,54,16,89.0,70.0,80
long,54,17,89.0,100.0,80
long,54,18,89.0,84.0,80
long,54,19,89.0,77.0,80
long,54,20,89.0,75.0,80
long,54,21,89.0,89.0,80
long,54,22,89.0,89.0,80
long,54,23,89.0,88.0,80
long,54,24,89.0,66.0,80
long,54,25,89.0,83.0,80
long,54,26,89.0,73.0,80
long,54,27,89.0,90.0,80
long,54,28,89.0,108.0,80
long,54,29,89.0,54.0,80
long,54,30,89.0,83.0,80
long,54,31,89.0,80.0,80
long,54,32,89.0,77.0,80
long,54,33,89.0,85.0,80
long,54,34,89.0,76.0,80
long,54,35,89.0,58.0,80
long,54,36,89.0,78.0,80
long,54,37,89.0,92.0,80
long,54,38,89.0,100.0,80
long,54,39,89.0,82.0,80
long,54,40,89.0,88.0,80
long,54,41,89.0,82.0,80
long,54,42,89.0,57.0,80
long,54,43,89.0,84.0,80
long,54,44,89.0,77.0,80
long,54,45,89.0,77.0,80
long,54,46,89.0,96.0,80
long,54,47,89.0,88.0,80
long,54,48,89.0,97.0,80
long,54,49,89.0,98.0,80
long,23,0,94.0,87.0,80
long,23,1,94.0,107.0,80
long,23,2,94.0,90.0,80
long,23,3,94.0,105.0,80
long,23,4,94.0,65.0,80
long,23,5,94.0,105.0,80
long,23,6,94.0,114.0,80
long,23,7,94.0,100.0,80
long,23,8,94.0,81.0,80
long,23,9,94.0,90.0,80
long,23,10,94.0,84.0,80
long,23,11,94.0,87.0,80
long,23,12,94.0,87.0,80
long,23,13,94.0,90.0,80
long,23,14,94.0,84.0,80
long,23,15,94.0,73.0,80
long,23,16,94.0,97.0,80
long,23,17,94.0,99.0,80
long,23,18,94.0,103.0,80
long,23,19,94.0,110.0,80
long,23,20,94.0,100.0,80
long,23,21,94.0,81.0,80
long,23,22,94.0,86.0,80
long,23,23,94.0,92.0,80
long,23,24,94.0,90.0,80
long,23,25,94.0,90.0,80
long,23,26,94.0,103.0,80
long,23,27,94.0,87.0,80
long,23,28,94.0,108.0,80
long,23,29,94.0,96.0,80
long,23,30,94.0,79.0,80
long,23,31,94.0,92.0,80
long,23,32,94.0,98.0,80
long,23,33,94.0,95.0,80
long,23,34,94.0,87.0,80
long,23,35,94.0,82.0,80
long,23,36,94.0,80.0,80
long,23,37,94.0,108.0,80
long,23,38,94.0,76.0,80
long,23,39,94.0,87.0,80
long,23,40,94.0,98.0,80
long,23,41,94.0,90.0,80
long,23,42,94.0,105.0,80
long,23,43,94.0,106.0,80
long,23,44,94.0,88.0,80
long,23,45,94.0,93.0,80
long,23,46,94.0,92.0,80
long,23,47,94.0,81.0,80
long,23,48,94.0,110.0,80
long,23,49,94.0,106.0,80
long,88,0,94.0,93.0,80
long,88,1,94.0,98.0,80
long,88,2,94.0,85.0,80
long,88,3,94.0,84.0,80
long,88,4,94.0,93.0,80
long,88,5,94.0,74.0,80
long,88,6,94.0,95.0,80
long,88,7,94.0,91.0,80
long,88,8,94.0,94.0,80
long,88,9,94.0,98.0,80
long,88,10,94.0,109.0,80
long,88,11,94.0,90.0,80
long,88,12,94.0,82.0,80
long,88,13,94.0,69.0,80
long,88,14,94.0,91.0,80
long,88,15,94.0,79.0,80
long,88,16,94.0,85.0,80
long,88,17,94.0,98.0,80
long,88,18,94.0,95.0,80
long,88,19,94.0,90.0,80
long,88,20,94.0,101.0,80
long,88,21,94.0,74.0,80
long,88,22,94.0,96.0,80
long,88,23,94.0,86.0,80
long,88,24,94.0,96.0,80
long,88,25,94.0,101.0,80
long,88,26,94.0,102.0,80
long,88,27,94.0,107.0,80
long,88,28,94.0,87.0,80
long,88,29,94.0,89.0,80
long,88,30,94.0,101.0,80
long,88,31,94.0,94.0,80
long,88,32,94.0,85.0,80
long,88,33,94.0,112.0,80
long,88,34,94.0,102.0,80
long,88,35,94.0,80.0,80
long,88,36,94.0,90.0,80
long,88,37,94.0,79.0,80
long,88,38,94.0,116.0,80
long,88,39,94.0,81.0,80
long,88,40,94.0,74.0,80
long,88,41,94.0,106.0,80
long,88,42,94.0,88.0,80
long,88,43,94.0,101.0,80
long,88,44,94.0,103.0,80
long,88,45,94.0,87.0,80
long,88,46,94.0,100.0,80
long,88,47,94.0,89.0,80
long,88,48,94.0,110.0,80
long,88,49,94.0,107.0,80
long,64,0,84.0,84.0,80
long,64,1,84.0,72.0,80
long,64,2,84.0,100.0,80
long,64,3,84.0,104.0,80
long,64,4,84.0,92.0,80
long,64,5,84.0,108.0,80
long,64,6,84.0,100.0,80
long,64,7,84.0,88.0,80
long,64,8,84.0,100.0,80
long,64,9,84.0,96.0,80
long,64,10,84.0,96.0,80
long,64,11,84.0,84.0,80
long,64,12,84.0,96.0,80
long,64,13,84.0,96.0,80
long,64,14,84.0,76.0,80
long,64,15,84.0,92.0,80
long,64,16,84.0,104.0,80
long,64,17,84.0,100.0,80
long,64,18,84.0,88.0,80
long,64,19,84.0,76.0,80
long,64,20,84.0,56.0,80
long,64,21,84.0,100.0,80
long,64,22,84.0,104.0,80
long,64,23,84.0,68.0,80
long,64,24,84.0,80.0,80
long,64,25,84.0,80.0,80
long,64,26,84.0,100.0,80
long,64,27,84.0,76.0,80
long,64,28,84.0,104.0,80
long,64,29,84.0,96.0,80
long,64,30,84.0,88.0,80
long,64,31,84.0,72.0,80
long,64,32,84.0,104.0,80
long,64,33,84.0,92.0,80
long,64,34,84.0,92.0,80
long,64,35,84.0,72.0,80
long,64,36,84.0,80.0,80
long,64,37,84.0,80.0,80
long,64,38,84.0,116.0,80
long,64,39,84.0,88.0,80
long,64,40,84.0,92.0,80
long,64,41,84.0,100.0,80
long,64,42,84.0,104.0,80
long,64,43,84.0,92.0,80
long,64,44,84.0,88.0,80
long,64,45,84.0,88.0,80
long,64,46,84.0,80.0,80
long,64,47,84.0,88.0,80
long,64,48,84.0,92.0,80
long,64,49,84.0,96.0,80
long,38,0,84.0,63.0,80
long,38,1,84.0,109.0,80
long,38,2,84.0,71.0,80
long,38,3,84.0,98.0,80
long,38,4,84.0,83.0,80
long,38,5,84.0,81.0,80
long,38,6,84.0,92.0,80
long,38,7,84.0,112.0,80
long,38,8,84.0,95.0,80
long,38,9,84.0,90.0,80
long,38,10,84.0,81.0,80
long,38,11,84.0,92.0,80
long,38,12,84.0,91.0,80
long,38,13,84.0,103.0,80
long,38,14,84.0,97.0,80
long,38,15,84.0,101.0,80
long,38,16,84.0,76.0,80
long,38,17,84.0,87.0,80
long,38,18,84.0,91.0,80
long,38,19,84.0,93.0,80
long,38,20,84.0,105.0,80
long,38,21,84.0,95.0,80
long,38,22,84.0,103.0,80
long,38,23,84.0,76.0,80
long,38,24,84.0,67.0,80
long,38,25,84.0,91.0,80
long,38,26,84.0,97.0,80
long,38,27,84.0,102.0,80
long,38,28,84.0,89.0,80
long,38,29,84.0,96.0,80
long,38,30,84.0,97.0,80
long,38,31,84.0,64.0,80
long,38,32,84.0,68.0,80
long,38,33,84.0,86.0,80
long,38,34,84.0,94.0,80
long,38,35,84.0,98.0,80
long,38,36,84.0,91.0,80
long,38,37,84.0,93.0,80
long,38,38,84.0,94.0,80
long,38,39,84.0,86.0,80
long,38,40,84.0,100.0,80
long,38,41,84.0,94.0,80
long,38,42,84.0,95.0,80
long,38,43,84.0,111.0,80
long,38,44,84.0,86.0,80
long,38,45,84.0,100.0,80
long,38,46,84.0,97.0,80
long,38,47,84.0,104.0,80
long,38,48,84.0,82.0,80
long,38,49,84.0,81.0,80
long,81,0,100.0,90.0,80
long,81,1,100.0,73.0,80
long,81,2,100.0,84.0,80
long,81,3,100.0,108.0,80
long,81,4,100.0,91.0,80
long,81,5,100.0,88.0,80
long,81,6,100.0,92.0,80
long,81,7,100.0,82.0,80
long,81,8,100.0,97.0,80
long,81,9,100.0,88.0,80
long,81,10,100.0,85.0,80
long,81,11,100.0,84.0,80
long,81,12,100.0,84.0,80
long,81,13,100.0,68.0,80
long,81,14,100.0,68.0,80
long,81,15,100.0,80.0,80
long,81,16,100.0,104.0,80
long,81,17,100.0,85.0,80
long,81,18,100.0,81.0,80
long,81,19,100.0,98.0,80
long,81,20,100.0,88.0,80
long,81,21,100.0,76.0,80
long,81,22,100.0,93.0,80
long,81,23,100.0,78.0,80
long,81,24,100.0,82.0,80
long,81,25,100.0,94.0,80
long,81,26,100.0,101.0,80
long,81,27,100.0,81.0,80
long,81,28,100.0,81.0,80
long,81,29,100.0,98.0,80
long,81,30,100.0,93.0,80
long,81,31,100.0,85.0,80
long,81,32,100.0,72.0,80
long,81,33,100.0,81.0,80
long,81,34,100.0,95.0,80
long,81,35,100.0,94.0,80
long,81,36,100.0,72.0,80
long,81,37,100.0,92.0,80
long,81,38,100.0,88.0,80
long,81,39,100.0,68.0,80
long,81,40,100.0,88.0,80
long,81,41,100.0,79.0,80
long,81,42,100.0,100.0,80
long,81,43,100.0,85.0,80
long,81,44,100.0,80.0,80
long,81,45,100.0,80.0,80
long,81,46,100.0,97.0,80
long,81,47,100.0,101.0,80
long,81,48,100.0,84.0,80
long,81,49,100.0,80.0,80
long,77,0,100.0,82.0,80
long,77,1,100.0,88.0,80
long,77,2,100.0,84.0,80
long,77,3,100.0,104.0,80
long,77,4,100.0,71.0,80
long,77,5,100.0,92.0,80
long,77,6,100.0,91.0,80
long,77,7,100.0,76.0,80
long,77,8,100.0,104.0,80
long,77,9,100.0,92.0,80
long,77,10,100.0,101.0,80
long,77,11,100.0,71.0,80
long,77,12,100.0,72.0,80
long,77,13,100.0,73.0,80
long,77,14,100.0,81.0,80
long,77,15,100.0,90.0,80
long,77,16,100.0,96.0,80
long,77,17,100.0,80.0,80
long,77,18,100.0,84.0,80
long,77,19,100.0,92.0,80
long,77,20,100.0,74.0,80
long,77,21,100.0,70.0,80
long,77,22,100.0,93.0,80
long,77,23,100.0,118.0,80
long,77,24,100.0,85.0,80
long,77,25,100.0,75.0,80
long,77,26,100.0,95.0,80
long,77,27,100.0,101.0,80
long,77,28,100.0,98.0,80
long,77,29,100.0,101.0,80
long,77,30,100.0,80.0,80
long,77,31,100.0,101.0,80
long,77,32,100.0,72.0,80
long,77,33,100.0,84.0,80
long,77,34,100.0,80.0,80
long,77,35,100.0,92.0,80
long,77,36,100.0,98.0,80
long,77,37,100.0,84.0,80
long,77,38,100.0,92.0,80
long,77,39,100.0,91.0,80
long,77,40,100.0,84.0,80
long,77,41,100.0,105.0,80
long,77,42,100.0,80.0,80
long,77,43,100.0,92.0,80
long,77,44,100.0,86.0,80
long,77,45,100.0,88.0,80
long,77,46,100.0,89.0,80
long,77,47,100.0,84.0,80
long,77,48,100.0,100.0,80
long,77,49,100.0,84.0,80
long,20,0,94.0,71.0,80
long,20,1,94.0,75.0,80
long,20,2,94.0,58.0,80
long,20,3,94.0,90.0,80
long,20,4,94.0,74.0,80
long,20,5,94.0,93.0,80
long,20,6,94.0,95.0,80
long,20,7,94.0,80.0,80
long,20,8,94.0,72.0,80
long,20,9,94.0,100.0,80
long,20,10,94.0,100.0,80
long,20,11,94.0,70.0,80
long,20,12,94.0,85.0,80
long,20,13,94.0,60.0,80
long,20,14,94.0,97.0,80
long,20,15,94.0,102.0,80
long,20,16,94.0,70.0,80
long,20,17,94.0,95.0,80
long,20,18,94.0,69.0,80
long,20,19,94.0,71.0,80
long,20,20,94.0,65.0,80
long,20,21,94.0,63.0,80
long,20,22,94.0,77.0,80
long,20,23,94.0,81.0,80
long,20,24,94.0,98.0,80
long,20,25,94.0,59.0,80
long,20,26,94.0,86.0,80
long,20,27,94.0,90.0,80
long,20,28,94.0,57.0,80
long,20,29,94.0,93.0,80
long,20,30,94.0,84.0,80
long,20,31,94.0,64.0,80
long,20,32,94.0,64.0,80
long,20,33,94.0,81.0,80
long,20,34,94.0,83.0,80
long,20,35,94.0,65.0,80
long,20,36,94.0,113.0,80
long,20,37,94.0,76.0,80
long,20,38,94.0,75.0,80
long,20,39,94.0,102.0,80
long,20,40,94.0,70.0,80
long,20,41,94.0,80.0,80
long,20,42,94.0,95.0,80
long,20,43,94.0,79.0,80
long,20,44,94.0,69.0,80
long,20,45,94.0,81.0,80
long,20,46,94.0,70.0,80
long,20,47,94.0,88.0,80
long,20,48,94.0,90.0,80
long,20,49,94.0,73.0,80
combined,28,0,168.0,153.0,160
combined,28,1,168.0,160.0,160
combined,28,2,168.0,182.0,160
combined,28,3,168.0,172.0,160
combined,28,4,168.0,183.0,160
combined,28,5,168.0,174.0,160
combined,28,6,168.0,172.0,160
combined,28,7,168.0,163.0,160
combined,28,8,168.0,151.0,160
combined,28,9,168.0,171.0,160
combined,28,10,168.0,159.0,160
combined,28,11,168.0,183.0,160
combined,28,12,168.0,144.0,160
combined,28,13,168.0,196.0,160
combined,28,14,168.0,141.0,160
combined,28,15,168.0,151.0,160
combined,28,16,168.0,149.0,160
combined,28,17,168.0,135.0,160
combined,28,18,168.0,163.0,160
combined,28,19,168.0,155.0,160
combined,28,20,168.0,148.0,160
combined,28,21,168.0,162.0,160
combined,28,22,168.0,162.0,160
combined,28,23,168.0,170.0,160
combined,28,24,168.0,167.0,160
combined,28,25,168.0,162.0,160
combined,28,26,168.0,151.0,160
combined,28,27,168.0,165.0,160
combined,28,28,168.0,151.0,160
combined,28,29,168.0,183.0,160
combined,28,30,168.0,157.0,160
combined,28,31,168.0,150.0,160
combined,28,32,168.0,146.0,160
combined,28,33,168.0,177.0,160
combined,28,34,168.0,181.0,160
combined,28,35,168.0,175.0,160
combined,28,36,168.0,167.0,160
combined,28,37,168.0,149.0,160
combined,28,38,168.0,112.0,160
combined,28,39,168.0,172.0,160
combined,28,40,168.0,127.0,160
combined,28,41,168.0,174.0,160
combined,28,42,168.0,170.0,160
combined,28,43,168.0,156.0,160
combined,28,44,168.0,177.0,160
combined,28,45,168.0,157.0,160
combined,28,46,168.0,155.0,160
combined,28,47,168.0,148.0,160
combined,28,48,168.0,178.0,160
combined,28,49,168.0,152.0,160
combined,10,0,156.0,146.0,160
combined,10,1,156.0,154.0,160
combined,10,2,156.0,161.0,160
combined,10,3,156.0,157.0,160
combined,10,4,156.0,143.0,160
combined,10,5,156.0,183.0,160
combined,10,6,156.0,147.0,160
combined,10,7,156.0,135.0,160
combined,10,8,156.0,157.0,160
combined,10,9,156.0,141.0,160
combined,10,10,156.0,125.0,160
combined,10,11,156.0,133.0,160
combined,10,12,156.0,140.0,160
combined,10,13,156.0,149.0,160
combined,10,14,156.0,137.0,160
combined,10,15,156.0,157.0,160
combined,10,16,156.0,121.0,160
combined,10,17,156.0,143.0,160
combined,10,18,156.0,161.0,160
combined,10,19,156.0,145.0,160
combined,10,20,156.0,134.0,160
combined,10,21,156.0,131.0,160
combined,10,22,156.0,178.0,160
combined,10,23,156.0,137.0,160
combined,10,24,156.0,166.0,160
combined,10,25,156.0,164.0,160
combined,10,26,156.0,125.0,160
combined,10,27,156.0,138.0,160
combined,10,28,156.0,170.0,160
combined,10,29,156.0,149.0,160
combined,10,30,156.0,151.0,160
combined,10,31,156.0,151.0,160
combined,10,32,156.0,161.0,160
combined,10,33,156.0,187.0,160
combined,10,34,156.0,134.0,160
combined,10,35,156.0,178.0,160
combined,10,36,156.0,139.0,160
combined,10,37,156.0,163.0,160
combined,10,38,156.0,180.0,160
combined,10,39,156.0,130.0,160
combined,10,40,156.0,141.0,160
combined,10,41,156.0,117.0,160
combined,10,42,156.0,151.0,160
combined,10,43,156.0,133.0,160
combined,10,44,156.0,159.0,160
combined,10,45,156.0,91.0,160
combined,10,46,156.0,152.0,160
combined,10,47,156.0,122.0,160
combined,10,48,156.0,162.0,160
combined,10,49,156.0,142.0,160
combined,53,0,180.0,174.0,160
combined,53,1,180.0,207.0,160
combined,53,2,180.0,158.0,160
combined,53,3,180.0,171.0,160
combined,53,4,180.0,169.0,160
combined,53,5,180.0,180.0,160
combined,53,6,180.0,200.0,160
combined,53,7,180.0,215.0,160
combined,53,8,180.0,174.0,160
combined,53,9,180.0,147.0,160
combined,53,10,180.0,162.0,160
combined,53,11,180.0,170.0,160
combined,53,12,180.0,153.0,160
combined,53,13,180.0,151.0,160
combined,53,14,180.0,179.0,160
combined,53,15,180.0,177.0,160
combined,53,16,180.0,154.0,160
combined,53,17,180.0,162.0,160
combined,53,18,180.0,114.0,160
combined,53,19,180.0,184.0,160
combined,53,20,180.0,175.0,160
combined,53,21,180.0,173.0,160
combined,53,22,180.0,152.0,160
combined,53,23,180.0,175.0,160
combined,53,24,180.0,214.0,160
combined,53,25,180.0,168.0,160
combined,53,26,180.0,185.0,160
combined,53,27,180.0,137.0,160
combined,53,28,180.0,166.0,160
combined,53,29,180.0,156.0,160
combined,53,30,180.0,177.0,160
combined,53,31,180.0,171.0,160
combined,53,32,180.0,188.0,160
combined,53,33,180.0,181.0,160
combined,53,34,180.0,162.0,160
combined,53,35,180.0,131.0,160
combined,53,36,180.0,188.0,160
combined,53,37,180.0,188.0,160
combined,53,38,180.0,184.0,160
combined,53,39,180.0,181.0,160
combined,53,40,180.0,188.0,160
combined,53,41,180.0,171.0,160
combined,53,42,180.0,177.0,160
combined,53,43,180.0,173.0,160
combined,53,44,180.0,159.0,160
combined,53,45,180.0,156.0,160
combined,53,46,180.0,160.0,160
combined,53,47,180.0,188.0,160
combined,53,48,180.0,184.0,160
combined,53,49,180.0,169.0,160
combined,39,0,153.0,160.0,160
combined,39,1,153.0,157.0,160
combined,39,2,153.0,151.0,160
combined,39,3,153.0,133.0,160
combined,39,4,153.0,105.0,160
combined,39,5,153.0,144.0,160
combined,39,6,153.0,149.0,160
combined,39,7,153.0,136.0,160
combined,39,8,153.0,148.0,160
combined,39,9,153.0,169.0,160
combined,39,10,153.0,169.0,160
combined,39,11,153.0,161.0,160
combined,39,12,153.0,133.0,160
combined,39,13,153.0,157.0,160
combined,39,14,153.0,166.0,160
combined,39,15,153.0,158.0,160
combined,39,16,153.0,190.0,160
combined,39,17,153.0,172.0,160
combined,39,18,153.0,189.0,160
combined,39,19,153.0,161.0,160
combined,39,20,153.0,134.0,160
combined,39,21,153.0,130.0,160
combined,39,22,153.0,142.0,160
combined,39,23,153.0,153.0,160
combined,39,24,153.0,163.0,160
combined,39,25,153.0,145.0,160
combined,39,26,153.0,121.0,160
combined,39,27,153.0,152.0,160
combined,39,28,153.0,122.0,160
combined,39,29,153.0,171.0,160
combined,39,30,153.0,152.0,160
combined,39,31,153.0,138.0,160
combined,39,32,153.0,152.0,160
combined,39,33,153.0,168.0,160
combined,39,34,153.0,166.0,160
combined,39,35,153.0,164.0,160
combined,39,36,153.0,170.0,160
combined,39,37,153.0,166.0,160
combined,39,38,153.0,158.0,160
combined,39,39,153.0,137.0,160
combined,39,40,153.0,171.0,160
combined,39,41,153.0,137.0,160
combined,39,42,153.0,152.0,160
combined,39,43,153.0,136.0,160
combined,39,44,153.0,132.0,160
combined,39,45,153.0,122.0,160
combined,39,46,153.0,151.0,160
combined,39,47,153.0,138.0,160
combined,39,48,153.0,130.0,160
combined,39,49,153.0,161.0,160
combined,37,0,100.0,106.0,160
combined,37,1,100.0,78.0,160
combined,37,2,100.0,123.0,160
combined,37,3,100.0,128.0,160
combined,37,4,100.0,95.0,160
combined,37,5,100.0,121.0,160
combined,37,6,100.0,73.0,160
combined,37,7,100.0,95.0,160
combined,37,8,100.0,142.0,160
combined,37,9,100.0,70.0,160
combined,37,10,100.0,112.0,160
combined,37,11,100.0,70.0,160
combined,37,12,100.0,78.0,160
combined,37,13,100.0,80.0,160
combined,37,14,100.0,85.0,160
combined,37,15,100.0,92.0,160
combined,37,16,100.0,95.0,160
combined,37,17,100.0,62.0,160
combined,37,18,100.0,105.0,160
combined,37,19,100.0,74.0,160
combined,37,20,100.0,108.0,160
combined,37,21,100.0,137.0,160
combined,37,22,100.0,90.0,160
combined,37,23,100.0,82.0,160
combined,37,24,100.0,80.0,160
combined,37,25,100.0,113.0,160
combined,37,26,100.0,82.0,160
combined,37,27,100.0,101.0,160
combined,37,28,100.0,119.0,160
combined,37,29,100.0,73.0,160
combined,37,30,100.0,83.0,160
combined,37,31,100.0,67.0,160
combined,37,32,100.0,140.0,160
combined,37,33,100.0,96.0,160
combined,37,34,100.0,141.0,160
combined,37,35,100.0,108.0,160
combined,37,36,100.0,96.0,160
combined,37,37,100.0,122.0,160
combined,37,38,100.0,73.0,160
combined,37,39,100.0,100.0,160
combined,37,40,100.0,92.0,160
combined,37,41,100.0,107.0,160
combined,37,42,100.0,85.0,160
combined,37,43,100.0,108.0,160
combined,37,44,100.0,121.0,160
combined,37,45,100.0,84.0,160
combined,37,46,100.0,105.0,160
combined,37,47,100.0,146.0,160
combined,37,48,100.0,133.0,160
combined,37,49,100.0,70.0,160
combined,1,0,159.0,132.0,160
combined,1,1,159.0,138.0,160
combined,1,2,159.0,189.0,160
combined,1,3,159.0,140.0,160
combined,1,4,159.0,123.0,160
combined,1,5,159.0,132.0,160
combined,1,6,159.0,148.0,160
combined,1,7,159.0,153.0,160
combined,1,8,159.0,150.0,160
combined,1,9,159.0,159.0,160
combined,1,10,159.0,128.0,160
combined,1,11,159.0,148.0,160
combined,1,12,159.0,212.0,160
combined,1,13,159.0,160.0,160
combined,1,14,159.0,112.0,160
combined,1,15,159.0,147.0,160
combined,1,16,159.0,143.0,160
combined,1,17,159.0,154.0,160
combined,1,18,159.0,167.0,160
combined,1,19,159.0,160.0,160
combined,1,20,159.0,145.0,160
combined,1,21,159.0,142.0,160
combined,1,22,159.0,135.0,160
combined,1,23,159.0,167.0,160
combined,1,24,159.0,158.0,160
combined,1,25,159.0,174.0,160
combined,1,26,159.0,131.0,160
combined,1,27,159.0,105.0,160
combined,1,28,159.0,135.0,160
combined,1,29,159.0,144.0,160
combined,1,30,159.0,152.0,160
combined,1,31,159.0,153.0,160
combined,1,32,159.0,176.0,160
combined,1,33,159.0,154.0,160
combined,1,34,159.0,119.0,160
combined,1,35,159.0,173.0,160
combined,1,36,159.0,158.0,160
combined,1,37,159.0,160.0,160
combined,1,38,159.0,167.0,160
combined,1,39,159.0,129.0,160
combined,1,40,159.0,149.0,160
combined,1,41,159.0,111.0,160
combined,1,42,159.0,144.0,160
combined,1,43,159.0,141.0,160
combined,1,44,159.0,151.0,160
combined,1,45,159.0,128.0,160
combined,1,46,159.0,150.0,160
combined,1,47,159.0,166.0,160
combined,1,48,159.0,149.0,160
combined,1,49,159.0,125.0,160
combined,18,0,190.0,159.0,160
combined,18,1,190.0,166.0,160
combined,18,2,190.0,164.0,160
combined,18,3,190.0,143.0,160
combined,18,4,190.0,172.0,160
combined,18,5,190.0,163.0,160
combined,18,6,190.0,165.0,160
combined,18,7,190.0,143.0,160
combined,18,8,190.0,168.0,160
combined,18,9,190.0,197.0,160
combined,18,10,190.0,153.0,160
combined,18,11,190.0,158.0,160
combined,18,12,190.0,139.0,160
combined,18,13,190.0,176.0,160
combined,18,14,190.0,173.0,160
combined,18,15,190.0,168.0,160
combined,18,16,190.0,173.0,160
combined,18,17,190.0,136.0,160
combined,18,18,190.0,159.0,160
combined,18,19,190.0,159.0,160
combined,18,20,190.0,159.0,160
combined,18,21,190.0,175.0,160
combined,18,22,190.0,147.0,160
combined,18,23,190.0,129.0,160
combined,18,24,190.0,152.0,160
combined,18,25,190.0,161.0,160
combined,18,26,190.0,153.0,160
combined,18,27,190.0,162.0,160
combined,18,28,190.0,156.0,160
combined,18,29,190.0,148.0,160
combined,18,30,190.0,159.0,160
combined,18,31,190.0,160.0,160
combined,18,32,190.0,148.0,160
combined,18,33,190.0,211.0,160
combined,18,34,190.0,173.0,160
combined,18,35,190.0,173.0,160
combined,18,36,190.0,160.0,160
combined,18,37,190.0,154.0,160
combined,18,38,190.0,170.0,160
combined,18,39,190.0,159.0,160
combined,18,40,190.0,165.0,160
combined,18,41,190.0,147.0,160
combined,18,42,190.0,163.0,160
combined,18,43,190.0,169.0,160
combined,18,44,190.0,150.0,160
combined,18,45,190.0,165.0,160
combined,18,46,190.0,167.0,160
combined,18,47,190.0,149.0,160
combined,18,48,190.0,164.0,160
combined,18,49,190.0,178.0,160
combined,8,0,170.0,127.0,160
combined,8,1,170.0,185.0,160
combined,8,2,170.0,141.0,160
combined,8,3,170.0,178.0,160
combined,8,4,170.0,134.0,160
combined,8,5,170.0,196.0,160
combined,8,6,170.0,138.0,160
combined,8,7,170.0,144.0,160
combined,8,8,170.0,146.0,160
combined,8,9,170.0,154.0,160
combined,8,10,170.0,171.0,160
combined,8,11,170.0,142.0,160
combined,8,12,170.0,118.0,160
combined,8,13,170.0,158.0,160
combined,8,14,170.0,148.0,160
combined,8,15,170.0,176.0,160
combined,8,16,170.0,190.0,160
combined,8,17,170.0,155.0,160
combined,8,18,170.0,154.0,160
combined,8,19,170.0,138.0,160
combined,8,20,170.0,150.0,160
combined,8,21,170.0,149.0,160
combined,8,22,170.0,162.0,160
combined,8,23,170.0,134.0,160
combined,8,24,170.0,181.0,160
combined,8,25,170.0,156.0,160
combined,8,26,170.0,148.0,160
combined,8,27,170.0,153.0,160
combined,8,28,170.0,130.0,160
combined,8,29,170.0,133.0,160
combined,8,30,170.0,169.0,160
combined,8,31,170.0,129.0,160
combined,8,32,170.0,131.0,160
combined,8,33,170.0,147.0,160
combined,8,34,170.0,162.0,160
combined,8,35,170.0,127.0,160
combined,8,36,170.0,135.0,160
combined,8,37,170.0,130.0,160
combined,8,38,170.0,148.0,160
combined,8,39,170.0,145.0,160
combined,8,40,170.0,140.0,160
combined,8,41,170.0,149.0,160
combined,8,42,170.0,158.0,160
combined,8,43,170.0,138.0,160
combined,8,44,170.0,150.0,160
combined,8,45,170.0,166.0,160
combined,8,46,170.0,128.0,160
combined,8,47,170.0,154.0,160
combined,8,48,170.0,128.0,160
combined,8,49,170.0,149.0,160
combined,32,0,179.0,159.0,160
combined,32,1,179.0,143.0,160
combined,32,2,179.0,122.0,160
combined,32,3,179.0,153.0,160
combined,32,4,179.0,144.0,160
combined,32,5,179.0,136.0,160
combined,32,6,179.0,143.0,160
combined,32,7,179.0,135.0,160
combined,32,8,179.0,124.0,160
combined,32,9,179.0,154.0,160
combined,32,10,179.0,149.0,160
combined,32,11,179.0,153.0,160
combined,32,12,179.0,127.0,160
combined,32,13,179.0,144.0,160
combined,32,14,179.0,111.0,160
combined,32,15,179.0,151.0,160
combined,32,16,179.0,157.0,160
combined,32,17,179.0,161.0,160
combined,32,18,179.0,129.0,160
combined,32,19,179.0,100.0,160
combined,32,20,179.0,137.0,160
combined,32,21,179.0,155.0,160
combined,32,22,179.0,148.0,160
combined,32,23,179.0,129.0,160
combined,32,24,179.0,128.0,160
combined,32,25,179.0,151.0,160
combined,32,26,179.0,126.0,160
combined,32,27,179.0,135.0,160
combined,32,28,179.0,115.0,160
combined,32,29,179.0,146.0,160
combined,32,30,179.0,137.0,160
combined,32,31,179.0,145.0,160
combined,32,32,179.0,128.0,160
combined,32,33,179.0,147.0,160
combined,32,34,179.0,122.0,160
combined,32,35,179.0,126.0,160
combined,32,36,179.0,136.0,160
combined,32,37,179.0,157.0,160
combined,32,38,179.0,143.0,160
combined,32,39,179.0,164.0,160
combined,32,40,179.0,151.0,160
combined,32,41,179.0,178.0,160
combined,32,42,179.0,124.0,160
combined,32,43,179.0,152.0,160
combined,32,44,179.0,136.0,160
combined,32,45,179.0,100.0,160
combined,32,46,179.0,135.0,160
combined,32,47,179.0,125.0,160
combined,32,48,179.0,140.0,160
combined,32,49,179.0,127.0,160
combined,68,0,158.0,127.0,160
combined,68,1,158.0,136.0,160
combined,68,2,158.0,126.0,160
combined,68,3,158.0,138.0,160
combined,68,4,158.0,123.0,160
combined,68,5,158.0,173.0,160
combined,68,6,158.0,129.0,160
combined,68,7,158.0,157.0,160
combined,68,8,158.0,153.0,160
combined,68,9,158.0,143.0,160
combined,68,10,158.0,146.0,160
combined,68,11,158.0,103.0,160
combined,68,12,158.0,150.0,160
combined,68,13,158.0,137.0,160
combined,68,14,158.0,156.0,160
combined,68,15,158.0,144.0,160
combined,68,16,158.0,170.0,160
combined,68,17,158.0,169.0,160
combined,68,18,158.0,172.0,160
combined,68,19,158.0,112.0,160
combined,68,20,158.0,159.0,160
combined,68,21,158.0,150.0,160
combined,68,22,158.0,132.0,160
combined,68,23,158.0,157.0,160
combined,68,24,158.0,162.0,160
combined,68,25,158.0,134.0,160
combined,68,26,158.0,171.0,160
combined,68,27,158.0,140.0,160
combined,68,28,158.0,155.0,160
combined,68,29,158.0,118.0,160
combined,68,30,158.0,130.0,160
combined,68,31,158.0,157.0,160
combined,68,32,158.0,130.0,160
combined,68,33,158.0,111.0,160
combined,68,34,158.0,141.0,160
combined,68,35,158.0,143.0,160
combined,68,36,158.0,141.0,160
combined,68,37,158.0,167.0,160
combined,68,38,158.0,160.0,160
combined,68,39,158.0,163.0,160
combined,68,40,158.0,117.0,160
combined,68,41,158.0,157.0,160
combined,68,42,158.0,142.0,160
combined,68,43,158.0,149.0,160
combined,68,44,158.0,185.0,160
combined,68,45,158.0,165.0,160
combined,68,46,158.0,162.0,160
combined,68,47,158.0,158.0,160
combined,68,48,158.0,118.0,160
combined,68,49,158.0,141.0,160
combined,70,0,167.0,170.0,160
combined,70,1,167.0,181.0,160
combined,70,2,167.0,165.0,160
combined,70,3,167.0,208.0,160
combined,70,4,167.0,188.0,160
combined,70,5,167.0,188.0,160
combined,70,6,167.0,151.0,160
combined,70,7,167.0,155.0,160
combined,70,8,167.0,185.0,160
combined,70,9,167.0,198.0,160
combined,70,10,167.0,174.0,160
combined,70,11,167.0,161.0,160
combined,70,12,167.0,189.0,160
combined,70,13,167.0,178.0,160
combined,70,14,167.0,185.0,160
combined,70,15,167.0,182.0,160
combined,70,16,167.0,160.0,160
combined,70,17,167.0,159.0,160
combined,70,18,167.0,173.0,160
combined,70,19,167.0,179.0,160
combined,70,20,167.0,187.0,160
combined,70,21,167.0,189.0,160
combined,70,22,167.0,174.0,160
combined,70,23,167.0,172.0,160
combined,70,24,167.0,157.0,160
combined,70,25,167.0,171.0,160
combined,70,26,167.0,176.0,160
combined,70,27,167.0,195.0,160
combined,70,28,167.0,182.0,160
combined,70,29,167.0,191.0,160
combined,70,30,167.0,154.0,160
combined,70,31,167.0,175.0,160
combined,70,32,167.0,187.0,160
combined,70,33,167.0,162.0,160
combined,70,34,167.0,156.0,160
combined,70,35,167.0,172.0,160
combined,70,36,167.0,175.0,160
combined,70,37,167.0,201.0,160
combined,70,38,167.0,151.0,160
combined,70,39,167.0,154.0,160
combined,70,40,167.0,176.0,160
combined,70,41,167.0,157.0,160
combined,70,42,167.0,164.0,160
combined,70,43,167.0,158.0,160
combined,70,44,167.0,164.0,160
combined,70,45,167.0,175.0,160
combined,70,46,167.0,209.0,160
combined,70,47,167.0,162.0,160
combined,70,48,167.0,161.0,160
combined,70,49,167.0,158.0,160
combined,44,0,123.0,98.0,160
combined,44,1,123.0,134.0,160
combined,44,2,123.0,148.0,160
combined,44,3,123.0,109.0,160
combined,44,4,123.0,130.0,160
combined,44,5,123.0,138.0,160
combined,44,6,123.0,139.0,160
combined,44,7,123.0,128.0,160
combined,44,8,123.0,103.0,160
combined,44,9,123.0,158.0,160
combined,44,10,123.0,143.0,160
combined,44,11,123.0,133.0,160
combined,44,12,123.0,140.0,160
combined,44,13,123.0,163.0,160
combined,44,14,123.0,138.0,160
combined,44,15,123.0,141.0,160
combined,44,16,123.0,149.0,160
combined,44,17,123.0,144.0,160
combined,44,18,123.0,161.0,160
combined,44,19,123.0,161.0,160
combined,44,20,123.0,133.0,160
combined,44,21,123.0,106.0,160
combined,44,22,123.0,126.0,160
combined,44,23,123.0,130.0,160
combined,44,24,123.0,115.0,160
combined,44,25,123.0,119.0,160
combined,44,26,123.0,127.0,160
combined,44,27,123.0,158.0,160
combined,44,28,123.0,122.0,160
combined,44,29,123.0,121.0,160
combined,44,30,123.0,160.0,160
combined,44,31,123.0,150.0,160
combined,44,32,123.0,153.0,160
combined,44,33,123.0,126.0,160
combined,44,34,123.0,138.0,160
combined,44,35,123.0,148.0,160
combined,44,36,123.0,109.0,160
combined,44,37,123.0,166.0,160
combined,44,38,123.0,136.0,160
combined,44,39,123.0,155.0,160
combined,44,40,123.0,136.0,160
combined,44,41,123.0,112.0,160
combined,44,42,123.0,166.0,160
combined,44,43,123.0,129.0,160
combined,44,44,123.0,166.0,160
combined,44,45,123.0,126.0,160
combined,44,46,123.0,146.0,160
combined,44,47,123.0,129.0,160
combined,44,48,123.0,127.0,160
combined,44,49,123.0,147.0,160
combined,14,0,156.0,153.0,160
combined,14,1,156.0,151.0,160
combined,14,2,156.0,149.0,160
combined,14,3,156.0,157.0,160
combined,14,4,156.0,185.0,160
combined,14,5,156.0,136.0,160
combined,14,6,156.0,141.0,160
combined,14,7,156.0,148.0,160
combined,14,8,156.0,143.0,160
combined,14,9,156.0,152.0,160
combined,14,10,156.0,124.0,160
combined,14,11,156.0,139.0,160
combined,14,12,156.0,166.0,160
combined,14,13,156.0,171.0,160
combined,14,14,156.0,173.0,160
combined,14,15,156.0,149.0,160
combined,14,16,156.0,152.0,160
combined,14,17,156.0,187.0,160
combined,14,18,156.0,139.0,160
combined,14,19,156.0,146.0,160
combined,14,20,156.0,161.0,160
combined,14,21,156.0,128.0,160
combined,14,22,156.0,163.0,160
combined,14,23,156.0,136.0,160
combined,14,24,156.0,128.0,160
combined,14,25,156.0,147.0,160
combined,14,26,156.0,140.0,160
combined,14,27,156.0,154.0,160
combined,14,28,156.0,146.0,160
combined,14,29,156.0,157.0,160
combined,14,30,156.0,154.0,160
combined,14,31,156.0,147.0,160
combined,14,32,156.0,172.0,160
combined,14,33,156.0,150.0,160
combined,14,34,156.0,178.0,160
combined,14,35,156.0,187.0,160
combined,14,36,156.0,157.0,160
combined,14,37,156.0,157.0,160
combined,14,38,156.0,129.0,160
combined,14,39,156.0,123.0,160
combined,14,40,156.0,144.0,160
combined,14,41,156.0,135.0,160
combined,14,42,156.0,146.0,160
combined,14,43,156.0,163.0,160
combined,14,44,156.0,179.0,160
combined,14,45,156.0,130.0,160
combined,14,46,156.0,127.0,160
combined,14,47,156.0,172.0,160
combined,14,48,156.0,137.0,160
combined,14,49,156.0,187.0,160
combined,78,0,154.0,141.0,160
combined,78,1,154.0,174.0,160
combined,78,2,154.0,139.0,160
combined,78,3,154.0,162.0,160
combined,78,4,154.0,125.0,160
combined,78,5,154.0,166.0,160
combined,78,6,154.0,149.0,160
combined,78,7,154.0,114.0,160
combined,78,8,154.0,158.0,160
combined,78,9,154.0,135.0,160
combined,78,10,154.0,150.0,160
combined,78,11,154.0,151.0,160
combined,78,12,154.0,148.0,160
combined,78,13,154.0,128.0,160
combined,78,14,154.0,144.0,160
combined,78,15,154.0,186.0,160
combined,78,16,154.0,166.0,160
combined,78,17,154.0,168.0,160
combined,78,18,154.0,179.0,160
combined,78,19,154.0,115.0,160
combined,78,20,154.0,146.0,160
combined,78,21,154.0,153.0,160
combined,78,22,154.0,166.0,160
combined,78,23,154.0,159.0,160
combined,78,24,154.0,118.0,160
combined,78,25,154.0,146.0,160
combined,78,26,154.0,129.0,160
combined,78,27,154.0,163.0,160
combined,78,28,154.0,140.0,160
combined,78,29,154.0,145.0,160
combined,78,30,154.0,129.0,160
combined,78,31,154.0,160.0,160
combined,78,32,154.0,152.0,160
combined,78,33,154.0,131.0,160
combined,78,34,154.0,129.0,160
combined,78,35,154.0,165.0,160
combined,78,36,154.0,134.0,160
combined,78,37,154.0,129.0,160
combined,78,38,154.0,154.0,160
combined,78,39,154.0,125.0,160
combined,78,40,154.0,150.0,160
combined,78,41,154.0,155.0,160
combined,78,42,154.0,166.0,160
combined,78,43,154.0,160.0,160
combined,78,44,154.0,132.0,160
combined,78,45,154.0,140.0,160
combined,78,46,154.0,129.0,160
combined,78,47,154.0,158.0,160
combined,78,48,154.0,157.0,160
combined,78,49,154.0,173.0,160
combined,84,0,148.0,177.0,160
combined,84,1,148.0,166.0,160
combined,84,2,148.0,173.0,160
combined,84,3,148.0,198.0,160
combined,84,4,148.0,161.0,160
combined,84,5,148.0,170.0,160
combined,84,6,148.0,180.0,160
combined,84,7,148.0,160.0,160
combined,84,8,148.0,166.0,160
combined,84,9,148.0,169.0,160
combined,84,10,148.0,156.0,160
combined,84,11,148.0,183.0,160
combined,84,12,148.0,174.0,160
combined,84,13,148.0,184.0,160
combined,84,14,148.0,158.0,160
combined,84,15,148.0,170.0,160
combined,84,16,148.0,136.0,160
combined,84,17,148.0,173.0,160
combined,84,18,148.0,156.0,160
combined,84,19,148.0,177.0,160
combined,84,20,148.0,180.0,160
combined,84,21,148.0,192.0,160
combined,84,22,148.0,140.0,160
combined,84,23,148.0,167.0,160
combined,84,24,148.0,159.0,160
combined,84,25,148.0,171.0,160
combined,84,26,148.0,189.0,160
combined,84,27,148.0,147.0,160
combined,84,28,148.0,185.0,160
combined,84,29,148.0,159.0,160
combined,84,30,148.0,156.0,160
combined,84,31,148.0,166.0,160
combined,84,32,148.0,160.0,160
combined,84,33,148.0,160.0,160
combined,84,34,148.0,193.0,160
combined,84,35,148.0,156.0,160
combined,84,36,148.0,168.0,160
combined,84,37,148.0,154.0,160
combined,84,38,148.0,178.0,160
combined,84,39,148.0,183.0,160
combined,84,40,148.0,176.0,160
combined,84,41,148.0,190.0,160
combined,84,42,148.0,170.0,160
combined,84,43,148.0,136.0,160
combined,84,44,148.0,156.0,160
combined,84,45,148.0,154.0,160
combined,84,46,148.0,144.0,160
combined,84,47,148.0,167.0,160
combined,84,48,148.0,173.0,160
combined,84,49,148.0,166.0,160
combined,55,0,140.0,128.0,160
combined,55,1,140.0,122.0,160
combined,55,2,140.0,107.0,160
combined,55,3,140.0,84.0,160
combined,55,4,140.0,153.0,160
combined,55,5,140.0,107.0,160
combined,55,6,140.0,120.0,160
combined,55,7,140.0,74.0,160
combined,55,8,140.0,108.0,160
combined,55,9,140.0,145.0,160
combined,55,10,140.0,135.0,160
combined,55,11,140.0,147.0,160
combined,55,12,140.0,134.0,160
combined,55,13,140.0,146.0,160
combined,55,14,140.0,109.0,160
combined,55,15,140.0,143.0,160
combined,55,16,140.0,113.0,160
combined,55,17,140.0,145.0,160
combined,55,18,140.0,135.0,160
combined,55,19,140.0,142.0,160
combined,55,20,140.0,127.0,160
combined,55,21,140.0,127.0,160
combined,55,22,140.0,135.0,160
combined,55,23,140.0,124.0,160
combined,55,24,140.0,100.0,160
combined,55,25,140.0,123.0,160
combined,55,26,140.0,136.0,160
combined,55,27,140.0,96.0,160
combined,55,28,140.0,135.0,160
combined,55,29,140.0,125.0,160
combined,55,30,140.0,143.0,160
combined,55,31,140.0,132.0,160
combined,55,32,140.0,125.0,160
combined,55,33,140.0,131.0,160
combined,55,34,140.0,124.0,160
combined,55,35,140.0,115.0,160
combined,55,36,140.0,109.0,160
combined,55,37,140.0,112.0,160
combined,55,38,140.0,123.0,160
combined,55,39,140.0,129.0,160
combined,55,40,140.0,96.0,160
combined,55,41,140.0,141.0,160
combined,55,42,140.0,122.0,160
combined,55,43,140.0,105.0,160
combined,55,44,140.0,99.0,160
combined,55,45,140.0,115.0,160
combined,55,46,140.0,109.0,160
combined,55,47,140.0,136.0,160
combined,55,48,140.0,101.0,160
combined,55,49,140.0,115.0,160
combined,34,0,217.0,163.0,160
combined,34,1,217.0,198.0,160
combined,34,2,217.0,170.0,160
combined,34,3,217.0,170.0,160
combined,34,4,217.0,183.0,160
combined,34,5,217.0,159.0,160
combined,34,6,217.0,182.0,160
combined,34,7,217.0,159.0,160
combined,34,8,217.0,154.0,160
combined,34,9,217.0,169.0,160
combined,34,10,217.0,167.0,160
combined,34,11,217.0,161.0,160
combined,34,12,217.0,153.0,160
combined,34,13,217.0,153.0,160
combined,34,14,217.0,170.0,160
combined,34,15,217.0,189.0,160
combined,34,16,217.0,134.0,160
combined,34,17,217.0,177.0,160
combined,34,18,217.0,152.0,160
combined,34,19,217.0,153.0,160
combined,34,20,217.0,178.0,160
combined,34,21,217.0,170.0,160
combined,34,22,217.0,173.0,160
combined,34,23,217.0,187.0,160
combined,34,24,217.0,143.0,160
combined,34,25,217.0,185.0,160
combined,34,26,217.0,160.0,160
combined,34,27,217.0,174.0,160
combined,34,28,217.0,154.0,160
combined,34,29,217.0,166.0,160
combined,34,30,217.0,187.0,160
combined,34,31,217.0,182.0,160
combined,34,32,217.0,158.0,160
combined,34,33,217.0,170.0,160
combined,34,34,217.0,170.0,160
combined,34,35,217.0,171.0,160
combined,34,36,217.0,191.0,160
combined,34,37,217.0,162.0,160
combined,34,38,217.0,179.0,160
combined,34,39,217.0,170.0,160
combined,34,40,217.0,177.0,160
combined,34,41,217.0,167.0,160
combined,34,42,217.0,162.0,160
combined,34,43,217.0,154.0,160
combined,34,44,217.0,182.0,160
combined,34,45,217.0,160.0,160
combined,34,46,217.0,153.0,160
combined,34,47,217.0,165.0,160
combined,34,48,217.0,200.0,160
combined,34,49,217.0,159.0,160
combined,74,0,164.0,162.0,160
combined,74,1,164.0,143.0,160
combined,74,2,164.0,178.0,160
combined,74,3,164.0,152.0,160
combined,74,4,164.0,173.0,160
combined,74,5,164.0,143.0,160
combined,74,6,164.0,142.0,160
combined,74,7,164.0,188.0,160
combined,74,8,164.0,191.0,160
combined,74,9,164.0,150.0,160
combined,74,10,164.0,188.0,160
combined,74,11,164.0,138.0,160
combined,74,12,164.0,171.0,160
combined,74,13,164.0,160.0,160
combined,74,14,164.0,127.0,160
combined,74,15,164.0,176.0,160
combined,74,16,164.0,186.0,160
combined,74,17,164.0,157.0,160
combined,74,18,164.0,174.0,160
combined,74,19,164.0,182.0,160
combined,74,20,164.0,171.0,160
combined,74,21,164.0,187.0,160
combined,74,22,164.0,184.0,160
combined,74,23,164.0,171.0,160
combined,74,24,164.0,146.0,160
combined,74,25,164.0,149.0,160
combined,74,26,164.0,156.0,160
combined,74,27,164.0,178.0,160
combined,74,28,164.0,181.0,160
combined,74,29,164.0,161.0,160
combined,74,30,164.0,154.0,160
combined,74,31,164.0,141.0,160
combined,74,32,164.0,156.0,160
combined,74,33,164.0,157.0,160
combined,74,34,164.0,169.0,160
combined,74,35,164.0,203.0,160
combined,74,36,164.0,165.0,160
combined,74,37,164.0,123.0,160
combined,74,38,164.0,204.0,160
combined,74,39,164.0,142.0,160
combined,74,40,164.0,156.0,160
combined,74,41,164.0,140.0,160
combined,74,42,164.0,138.0,160
combined,74,43,164.0,175.0,160
combined,74,44,164.0,159.0,160
combined,74,45,164.0,150.0,160
combined,74,46,164.0,178.0,160
combined,74,47,164.0,160.0,160
combined,74,48,164.0,158.0,160
combined,74,49,164.0,137.0,160
combined,65,0,186.0,181.0,160
combined,65,1,186.0,168.0,160
combined,65,2,186.0,208.0,160
combined,65,3,186.0,153.0,160
combined,65,4,186.0,196.0,160
combined,65,5,186.0,199.0,160
combined,65,6,186.0,190.0,160
combined,65,7,186.0,207.0,160
combined,65,8,186.0,181.0,160
combined,65,9,186.0,201.0,160
combined,65,10,186.0,174.0,160
combined,65,11,186.0,191.0,160
combined,65,12,186.0,177.0,160
combined,65,13,186.0,199.0,160
combined,65,14,186.0,165.0,160
combined,65,15,186.0,163.0,160
combined,65,16,186.0,201.0,160
combined,65,17,186.0,187.0,160
combined,65,18,186.0,196.0,160
combined,65,19,186.0,190.0,160
combined,65,20,186.0,161.0,160
combined,65,21,186.0,178.0,160
combined,65,22,186.0,175.0,160
combined,65,23,186.0,174.0,160
combined,65,24,186.0,185.0,160
combined,65,25,186.0,183.0,160
combined,65,26,186.0,177.0,160
combined,65,27,186.0,185.0,160
combined,65,28,186.0,166.0,160
combined,65,29,186.0,171.0,160
combined,65,30,186.0,180.0,160
combined,65,31,186.0,173.0,160
combined,65,32,186.0,176.0,160
combined,65,33,186.0,192.0,160
combined,65,34,186.0,183.0,160
combined,65,35,186.0,202.0,160
combined,65,36,186.0,194.0,160
combined,65,37,186.0,177.0,160
combined,65,38,186.0,173.0,160
combined,65,39,186.0,175.0,160
combined,65,40,186.0,166.0,160
combined,65,41,186.0,150.0,160
combined,65,42,186.0,195.0,160
combined,65,43,186.0,197.0,160
combined,65,44,186.0,174.0,160
combined,65,45,186.0,189.0,160
combined,65,46,186.0,170.0,160
combined,65,47,186.0,170.0,160
combined,65,48,186.0,207.0,160
combined,65,49,186.0,177.0,160
combined,49,0,140.0,139.0,160
combined,49,1,140.0,143.0,160
combined,49,2,140.0,134.0,160
combined,49,3,140.0,120.0,160
combined,49,4,140.0,138.0,160
combined,49,5,140.0,155.0,160
combined,49,6,140.0,144.0,160
combined,49,7,140.0,138.0,160
combined,49,8,140.0,98.0,160
combined,49,9,140.0,169.0,160
combined,49,10,140.0,159.0,160
combined,49,11,140.0,126.0,160
combined,49,12,140.0,100.0,160
combined,49,13,140.0,162.0,160
combined,49,14,140.0,127.0,160
combined,49,15,140.0,154.0,160
combined,49,16,140.0,120.0,160
combined,49,17,140.0,150.0,160
combined,49,18,140.0,160.0,160
combined,49,19,140.0,132.0,160
combined,49,20,140.0,117.0,160
combined,49,21,140.0,124.0,160
combined,49,22,140.0,154.0,160
combined,49,23,140.0,154.0,160
combined,49,24,140.0,109.0,160
combined,49,25,140.0,149.0,160
combined,49,26,140.0,112.0,160
combined,49,27,140.0,165.0,160
combined,49,28,140.0,145.0,160
combined,49,29,140.0,141.0,160
combined,49,30,140.0,129.0,160
combined,49,31,140.0,143.0,160
combined,49,32,140.0,170.0,160
combined,49,33,140.0,122.0,160
combined,49,34,140.0,118.0,160
combined,49,35,140.0,142.0,160
combined,49,36,140.0,161.0,160
combined,49,37,140.0,129.0,160
combined,49,38,140.0,137.0,160
combined,49,39,140.0,147.0,160
combined,49,40,140.0,144.0,160
combined,49,41,140.0,143.0,160
combined,49,42,140.0,158.0,160
combined,49,43,140.0,140.0,160
combined,49,44,140.0,103.0,160
combined,49,45,140.0,138.0,160
combined,49,46,140.0,168.0,160
combined,49,47,140.0,118.0,160
combined,49,48,140.0,141.0,160
combined,49,49,140.0,164.0,160
combined,104,0,145.0,161.0,160
combined,104,1,145.0,141.0,160
combined,104,2,145.0,132.0,160
combined,104,3,145.0,144.0,160
combined,104,4,145.0,172.0,160
combined,104,5,145.0,145.0,160
combined,104,6,145.0,176.0,160
combined,104,7,145.0,157.0,160
combined,104,8,145.0,126.0,160
combined,104,9,145.0,182.0,160
combined,104,10,145.0,162.0,160
combined,104,11,145.0,195.0,160
combined,104,12,145.0,147.0,160
combined,104,13,145.0,170.0,160
combined,104,14,145.0,143.0,160
combined,104,15,145.0,176.0,160
combined,104,16,145.0,159.0,160
combined,104,17,145.0,151.0,160
combined,104,18,145.0,161.0,160
combined,104,19,145.0,163.0,160
combined,104,20,145.0,134.0,160
combined,104,21,145.0,149.0,160
combined,104,22,145.0,173.0,160
combined,104,23,145.0,142.0,160
combined,104,24,145.0,175.0,160
combined,104,25,145.0,153.0,160
combined,104,26,145.0,127.0,160
combined,104,27,145.0,124.0,160
combined,104,28,145.0,153.0,160
combined,104,29,145.0,168.0,160
combined,104,30,145.0,153.0,160
combined,104,31,145.0,151.0,160
combined,104,32,145.0,166.0,160
combined,104,33,145.0,156.0,160
combined,104,34,145.0,153.0,160
combined,104,35,145.0,191.0,160
combined,104,36,145.0,160.0,160
combined,104,37,145.0,160.0,160
combined,104,38,145.0,160.0,160
combined,104,39,145.0,131.0,160
combined,104,40,145.0,158.0,160
combined,104,41,145.0,162.0,160
combined,104,42,145.0,111.0,160
combined,104,43,145.0,141.0,160
combined,104,44,145.0,136.0,160
combined,104,45,145.0,139.0,160
combined,104,46,145.0,164.0,160
combined,104,47,145.0,148.0,160
combined,104,48,145.0,153.0,160
combined,104,49,145.0,170.0,160
combined,89,0,164.0,179.0,160
combined,89,1,164.0,160.0,160
combined,89,2,164.0,161.0,160
combined,89,3,164.0,136.0,160
combined,89,4,164.0,150.0,160
combined,89,5,164.0,182.0,160
combined,89,6,164.0,147.0,160
combined,89,7,164.0,156.0,160
combined,89,8,164.0,189.0,160
combined,89,9,164.0,161.0,160
combined,89,10,164.0,154.0,160
combined,89,11,164.0,149.0,160
combined,89,12,164.0,145.0,160
combined,89,13,164.0,146.0,160
combined,89,14,164.0,125.0,160
combined,89,15,164.0,186.0,160
combined,89,16,164.0,155.0,160
combined,89,17,164.0,163.0,160
combined,89,18,164.0,148.0,160
combined,89,19,164.0,178.0,160
combined,89,20,164.0,145.0,160
combined,89,21,164.0,182.0,160
combined,89,22,164.0,158.0,160
combined,89,23,164.0,142.0,160
combined,89,24,164.0,161.0,160
combined,89,25,164.0,166.0,160
combined,89,26,164.0,154.0,160
combined,89,27,164.0,179.0,160
combined,89,28,164.0,137.0,160
combined,89,29,164.0,167.0,160
combined,89,30,164.0,151.0,160
combined,89,31,164.0,138.0,160
combined,89,32,164.0,153.0,160
combined,89,33,164.0,143.0,160
combined,89,34,164.0,169.0,160
combined,89,35,164.0,153.0,160
combined,89,36,164.0,146.0,160
combined,89,37,164.0,134.0,160
combined,89,38,164.0,143.0,160
combined,89,39,164.0,141.0,160
combined,89,40,164.0,133.0,160
combined,89,41,164.0,169.0,160
combined,89,42,164.0,158.0,160
combined,89,43,164.0,165.0,160
combined,89,44,164.0,152.0,160
combined,89,45,164.0,151.0,160
combined,89,46,164.0,161.0,160
combined,89,47,164.0,164.0,160
combined,89,48,164.0,165.0,160
combined,89,49,164.0,139.0,160
combined,56,0,168.0,160.0,160
combined,56,1,168.0,171.0,160
combined,56,2,168.0,177.0,160
combined,56,3,168.0,195.0,160
combined,56,4,168.0,180.0,160
combined,56,5,168.0,174.0,160
combined,56,6,168.0,101.0,160
combined,56,7,168.0,187.0,160
combined,56,8,168.0,136.0,160
combined,56,9,168.0,137.0,160
combined,56,10,168.0,157.0,160
combined,56,11,168.0,168.0,160
combined,56,12,168.0,171.0,160
combined,56,13,168.0,131.0,160
combined,56,14,168.0,158.0,160
combined,56,15,168.0,126.0,160
combined,56,16,168.0,153.0,160
combined,56,17,168.0,152.0,160
combined,56,18,168.0,149.0,160
combined,56,19,168.0,159.0,160
combined,56,20,168.0,170.0,160
combined,56,21,168.0,170.0,160
combined,56,22,168.0,155.0,160
combined,56,23,168.0,181.0,160
combined,56,24,168.0,190.0,160
combined,56,25,168.0,171.0,160
combined,56,26,168.0,168.0,160
combined,56,27,168.0,143.0,160
combined,56,28,168.0,165.0,160
combined,56,29,168.0,172.0,160
combined,56,30,168.0,171.0,160
combined,56,31,168.0,113.0,160
combined,56,32,168.0,162.0,160
combined,56,33,168.0,183.0,160
combined,56,34,168.0,139.0,160
combined,56,35,168.0,185.0,160
combined,56,36,168.0,158.0,160
combined,56,37,168.0,137.0,160
combined,56,38,168.0,162.0,160
combined,56,39,168.0,180.0,160
combined,56,40,168.0,124.0,160
combined,56,41,168.0,127.0,160
combined,56,42,168.0,150.0,160
combined,56,43,168.0,145.0,160
combined,56,44,168.0,146.0,160
combined,56,45,168.0,140.0,160
combined,56,46,168.0,156.0,160
combined,56,47,168.0,174.0,160
combined,56,48,168.0,145.0,160
combined,56,49,168.0,157.0,160
combined,4,0,188.0,184.0,160
combined,4,1,188.0,191.0,160
combined,4,2,188.0,169.0,160
combined,4,3,188.0,159.0,160
combined,4,4,188.0,160.0,160
combined,4,5,188.0,181.0,160
combined,4,6,188.0,158.0,160
combined,4,7,188.0,170.0,160
combined,4,8,188.0,174.0,160
combined,4,9,188.0,161.0,160
combined,4,10,188.0,161.0,160
combined,4,11,188.0,142.0,160
combined,4,12,188.0,166.0,160
combined,4,13,188.0,164.0,160
combined,4,14,188.0,157.0,160
combined,4,15,188.0,179.0,160
combined,4,16,188.0,146.0,160
combined,4,17,188.0,151.0,160
combined,4,18,188.0,168.0,160
combined,4,19,188.0,154.0,160
combined,4,20,188.0,160.0,160
combined,4,21,188.0,161.0,160
combined,4,22,188.0,154.0,160
combined,4,23,188.0,149.0,160
combined,4,24,188.0,163.0,160
combined,4,25,188.0,153.0,160
combined,4,26,188.0,116.0,160
combined,4,27,188.0,179.0,160
combined,4,28,188.0,154.0,160
combined,4,29,188.0,157.0,160
combined,4,30,188.0,189.0,160
combined,4,31,188.0,135.0,160
combined,4,32,188.0,144.0,160
combined,4,33,188.0,149.0,160
combined,4,34,188.0,147.0,160
combined,4,35,188.0,136.0,160
combined,4,36,188.0,150.0,160
combined,4,37,188.0,152.0,160
combined,4,38,188.0,143.0,160
combined,4,39,188.0,159.0,160
combined,4,40,188.0,177.0,160
combined,4,41,188.0,155.0,160
combined,4,42,188.0,171.0,160
combined,4,43,188.0,171.0,160
combined,4,44,188.0,187.0,160
combined,4,45,188.0,171.0,160
combined,4,46,188.0,191.0,160
combined,4,47,188.0,144.0,160
combined,4,48,188.0,151.0,160
combined,4,49,188.0,153.0,160
combined,33,0,193.0,172.0,160
combined,33,1,193.0,165.0,160
combined,33,2,193.0,176.0,160
combined,33,3,193.0,159.0,160
combined,33,4,193.0,173.0,160
combined,33,5,193.0,153.0,160
combined,33,6,193.0,170.0,160
combined,33,7,193.0,162.0,160
combined,33,8,193.0,140.0,160
combined,33,9,193.0,141.0,160
combined,33,10,193.0,183.0,160
combined,33,11,193.0,167.0,160
combined,33,12,193.0,173.0,160
combined,33,13,193.0,203.0,160
combined,33,14,193.0,174.0,160
combined,33,15,193.0,165.0,160
combined,33,16,193.0,159.0,160
combined,33,17,193.0,174.0,160
combined,33,18,193.0,169.0,160
combined,33,19,193.0,162.0,160
combined,33,20,193.0,187.0,160
combined,33,21,193.0,160.0,160
combined,33,22,193.0,162.0,160
combined,33,23,193.0,147.0,160
combined,33,24,193.0,151.0,160
combined,33,25,193.0,179.0,160
combined,33,26,193.0,154.0,160
combined,33,27,193.0,164.0,160
combined,33,28,193.0,178.0,160
combined,33,29,193.0,174.0,160
combined,33,30,193.0,177.0,160
combined,33,31,193.0,170.0,160
combined,33,32,193.0,168.0,160
combined,33,33,193.0,144.0,160
combined,33,34,193.0,171.0,160
combined,33,35,193.0,161.0,160
combined,33,36,193.0,167.0,160
combined,33,37,193.0,192.0,160
combined,33,38,193.0,176.0,160
combined,33,39,193.0,186.0,160
combined,33,40,193.0,163.0,160
combined,33,41,193.0,171.0,160
combined,33,42,193.0,205.0,160
combined,33,43,193.0,159.0,160
combined,33,44,193.0,152.0,160
combined,33,45,193.0,165.0,160
combined,33,46,193.0,158.0,160
combined,33,47,193.0,183.0,160
combined,33,48,193.0,175.0,160
combined,33,49,193.0,174.0,160
combined,82,0,149.0,133.0,160
combined,82,1,149.0,151.0,160
combined,82,2,149.0,187.0,160
combined,82,3,149.0,171.0,160
combined,82,4,149.0,153.0,160
combined,82,5,149.0,149.0,160
combined,82,6,149.0,157.0,160
combined,82,7,149.0,162.0,160
combined,82,8,149.0,148.0,160
combined,82,9,149.0,168.0,160
combined,82,10,149.0,178.0,160
combined,82,11,149.0,158.0,160
combined,82,12,149.0,173.0,160
combined,82,13,149.0,158.0,160
combined,82,14,149.0,174.0,160
combined,82,15,149.0,152.0,160
combined,82,16,149.0,139.0,160
combined,82,17,149.0,164.0,160
combined,82,18,149.0,140.0,160
combined,82,19,149.0,135.0,160
combined,82,20,149.0,177.0,160
combined,82,21,149.0,140.0,160
combined,82,22,149.0,173.0,160
combined,82,23,149.0,173.0,160
combined,82,24,149.0,160.0,160
combined,82,25,149.0,143.0,160
combined,82,26,149.0,142.0,160
combined,82,27,149.0,159.0,160
combined,82,28,149.0,171.0,160
combined,82,29,149.0,142.0,160
combined,82,30,149.0,134.0,160
combined,82,31,149.0,169.0,160
combined,82,32,149.0,174.0,160
combined,82,33,149.0,161.0,160
combined,82,34,149.0,125.0,160
combined,82,35,149.0,149.0,160
combined,82,36,149.0,156.0,160
combined,82,37,149.0,154.0,160
combined,82,38,149.0,151.0,160
combined,82,39,149.0,151.0,160
combined,82,40,149.0,143.0,160
combined,82,41,149.0,148.0,160
combined,82,42,149.0,158.0,160
combined,82,43,149.0,140.0,160
combined,82,44,149.0,166.0,160
combined,82,45,149.0,146.0,160
combined,82,46,149.0,144.0,160
combined,82,47,149.0,184.0,160
combined,82,48,149.0,143.0,160
combined,82,49,149.0,163.0,160
combined,41,0,158.0,150.0,160
combined,41,1,158.0,152.0,160
combined,41,2,158.0,147.0,160
combined,41,3,158.0,143.0,160
combined,41,4,158.0,127.0,160
combined,41,5,158.0,132.0,160
combined,41,6,158.0,121.0,160
combined,41,7,158.0,162.0,160
combined,41,8,158.0,167.0,160
combined,41,9,158.0,156.0,160
combined,41,10,158.0,150.0,160
combined,41,11,158.0,158.0,160
combined,41,12,158.0,148.0,160
combined,41,13,158.0,155.0,160
combined,41,14,158.0,160.0,160
combined,41,15,158.0,148.0,160
combined,41,16,158.0,160.0,160
combined,41,17,158.0,137.0,160
combined,41,18,158.0,140.0,160
combined,41,19,158.0,132.0,160
combined,41,20,158.0,154.0,160
combined,41,21,158.0,183.0,160
combined,41,22,158.0,156.0,160
combined,41,23,158.0,140.0,160
combined,41,24,158.0,113.0,160
combined,41,25,158.0,149.0,160
combined,41,26,158.0,146.0,160
combined,41,27,158.0,176.0,160
combined,41,28,158.0,146.0,160
combined,41,29,158.0,177.0,160
combined,41,30,158.0,175.0,160
combined,41,31,158.0,158.0,160
combined,41,32,158.0,195.0,160
combined,41,33,158.0,131.0,160
combined,41,34,158.0,162.0,160
combined,41,35,158.0,155.0,160
combined,41,36,158.0,161.0,160
combined,41,37,158.0,160.0,160
combined,41,38,158.0,119.0,160
combined,41,39,158.0,147.0,160
combined,41,40,158.0,124.0,160
combined,41,41,158.0,139.0,160
combined,41,42,158.0,147.0,160
combined,41,43,158.0,150.0,160
combined,41,44,158.0,144.0,160
combined,41,45,158.0,117.0,160
combined,41,46,158.0,151.0,160
combined,41,47,158.0,173.0,160
combined,41,48,158.0,115.0,160
combined,41,49,158.0,172.0,160
combined,47,0,179.0,175.0,160
combined,47,1,179.0,196.0,160
combined,47,2,179.0,161.0,160
combined,47,3,179.0,193.0,160
combined,47,4,179.0,156.0,160
combined,47,5,179.0,192.0,160
combined,47,6,179.0,184.0,160
combined,47,7,179.0,162.0,160
combined,47,8,179.0,188.0,160
combined,47,9,179.0,178.0,160
combined,47,10,179.0,172.0,160
combined,47,11,179.0,181.0,160
combined,47,12,179.0,181.0,160
combined,47,13,179.0,174.0,160
combined,47,14,179.0,167.0,160
combined,47,15,179.0,182.0,160
combined,47,16,179.0,188.0,160
combined,47,17,179.0,176.0,160
combined,47,18,179.0,142.0,160
combined,47,19,179.0,159.0,160
combined,47,20,179.0,176.0,160
combined,47,21,179.0,162.0,160
combined,47,22,179.0,182.0,160
combined,47,23,179.0,165.0,160
combined,47,24,179.0,173.0,160
combined,47,25,179.0,176.0,160
combined,47,26,179.0,180.0,160
combined,47,27,179.0,140.0,160
combined,47,28,179.0,176.0,160
combined,47,29,179.0,161.0,160
combined,47,30,179.0,189.0,160
combined,47,31,179.0,149.0,160
combined,47,32,179.0,184.0,160
combined,47,33,179.0,170.0,160
combined,47,34,179.0,174.0,160
combined,47,35,179.0,148.0,160
combined,47,36,179.0,156.0,160
combined,47,37,179.0,182.0,160
combined,47,38,179.0,177.0,160
combined,47,39,179.0,152.0,160
combined,47,40,179.0,158.0,160
combined,47,41,179.0,180.0,160
combined,47,42,179.0,152.0,160
combined,47,43,179.0,197.0,160
combined,47,44,179.0,154.0,160
combined,47,45,179.0,166.0,160
combined,47,46,179.0,175.0,160
combined,47,47,179.0,164.0,160
combined,47,48,179.0,181.0,160
combined,47,49,179.0,190.0,160
combined,51,0,133.0,166.0,160
combined,51,1,133.0,156.0,160
combined,51,2,133.0,169.0,160
combined,51,3,133.0,141.0,160
combined,51,4,133.0,146.0,160
combined,51,5,133.0,187.0,160
combined,51,6,133.0,150.0,160
combined,51,7,133.0,167.0,160
combined,51,8,133.0,160.0,160
combined,51,9,133.0,155.0,160
combined,51,10,133.0,149.0,160
combined,51,11,133.0,179.0,160
combined,51,12,133.0,119.0,160
combined,51,13,133.0,118.0,160
combined,51,14,133.0,173.0,160
combined,51,15,133.0,167.0,160
combined,51,16,133.0,177.0,160
combined,51,17,133.0,138.0,160
combined,51,18,133.0,162.0,160
combined,51,19,133.0,155.0,160
combined,51,20,133.0,101.0,160
combined,51,21,133.0,169.0,160
combined,51,22,133.0,163.0,160
combined,51,23,133.0,116.0,160
combined,51,24,133.0,145.0,160
combined,51,25,133.0,146.0,160
combined,51,26,133.0,188.0,160
combined,51,27,133.0,142.0,160
combined,51,28,133.0,150.0,160
combined,51,29,133.0,151.0,160
combined,51,30,133.0,165.0,160
combined,51,31,133.0,148.0,160
combined,51,32,133.0,175.0,160
combined,51,33,133.0,153.0,160
combined,51,34,133.0,170.0,160
combined,51,35,133.0,153.0,160
combined,51,36,133.0,160.0,160
combined,51,37,133.0,159.0,160
combined,51,38,133.0,136.0,160
combined,51,39,133.0,183.0,160
combined,51,40,133.0,142.0,160
combined,51,41,133.0,125.0,160
combined,51,42,133.0,156.0,160
combined,51,43,133.0,157.0,160
combined,51,44,133.0,154.0,160
combined,51,45,133.0,118.0,160
combined,51,46,133.0,132.0,160
combined,51,47,133.0,158.0,160
combined,51,48,133.0,161.0,160
combined,51,49,133.0,122.0,160
combined,63,0,144.0,148.0,160
combined,63,1,144.0,182.0,160
combined,63,2,144.0,168.0,160
combined,63,3,144.0,156.0,160
combined,63,4,144.0,134.0,160
combined,63,5,144.0,174.0,160
combined,63,6,144.0,156.0,160
combined,63,7,144.0,150.0,160
combined,63,8,144.0,165.0,160
combined,63,9,144.0,166.0,160
combined,63,10,144.0,165.0,160
combined,63,11,144.0,175.0,160
combined,63,12,144.0,137.0,160
combined,63,13,144.0,178.0,160
combined,63,14,144.0,199.0,160
combined,63,15,144.0,150.0,160
combined,63,16,144.0,167.0,160
combined,63,17,144.0,137.0,160
combined,63,18,144.0,153.0,160
combined,63,19,144.0,148.0,160
combined,63,20,144.0,149.0,160
combined,63,21,144.0,166.0,160
combined,63,22,144.0,192.0,160
combined,63,23,144.0,176.0,160
combined,63,24,144.0,159.0,160
combined,63,25,144.0,182.0,160
combined,63,26,144.0,160.0,160
combined,63,27,144.0,155.0,160
combined,63,28,144.0,171.0,160
combined,63,29,144.0,178.0,160
combined,63,30,144.0,162.0,160
combined,63,31,144.0,166.0,160
combined,63,32,144.0,164.0,160
combined,63,33,144.0,170.0,160
combined,63,34,144.0,158.0,160
combined,63,35,144.0,155.0,160
combined,63,36,144.0,151.0,160
combined,63,37,144.0,153.0,160
combined,63,38,144.0,187.0,160
combined,63,39,144.0,166.0,160
combined,63,40,144.0,190.0,160
combined,63,41,144.0,166.0,160
combined,63,42,144.0,182.0,160
combined,63,43,144.0,150.0,160
combined,63,44,144.0,171.0,160
combined,63,45,144.0,181.0,160
combined,63,46,144.0,164.0,160
combined,63,47,144.0,169.0,160
combined,63,48,144.0,160.0,160
combined,63,49,144.0,162.0,160
combined,99,0,190.0,182.0,160
combined,99,1,190.0,152.0,160
combined,99,2,190.0,168.0,160
combined,99,3,190.0,151.0,160
combined,99,4,190.0,164.0,160
combined,99,5,190.0,161.0,160
combined,99,6,190.0,182.0,160
combined,99,7,190.0,164.0,160
combined,99,8,190.0,183.0,160
combined,99,9,190.0,195.0,160
combined,99,10,190.0,175.0,160
combined,99,11,190.0,181.0,160
combined,99,12,190.0,182.0,160
combined,99,13,190.0,148.0,160
combined,99,14,190.0,153.0,160
combined,99,15,190.0,159.0,160
combined,99,16,190.0,166.0,160
combined,99,17,190.0,184.0,160
combined,99,18,190.0,200.0,160
combined,99,19,190.0,167.0,160
combined,99,20,190.0,166.0,160
combined,99,21,190.0,181.0,160
combined,99,22,190.0,178.0,160
combined,99,23,190.0,189.0,160
combined,99,24,190.0,180.0,160
combined,99,25,190.0,162.0,160
combined,99,26,190.0,153.0,160
combined,99,27,190.0,188.0,160
combined,99,28,190.0,180.0,160
combined,99,29,190.0,164.0,160
combined,99,30,190.0,169.0,160
combined,99,31,190.0,151.0,160
combined,99,32,190.0,151.0,160
combined,99,33,190.0,169.0,160
combined,99,34,190.0,169.0,160
combined,99,35,190.0,169.0,160
combined,99,36,190.0,163.0,160
combined,99,37,190.0,144.0,160
combined,99,38,190.0,173.0,160
combined,99,39,190.0,193.0,160
combined,99,40,190.0,158.0,160
combined,99,41,190.0,181.0,160
combined,99,42,190.0,148.0,160
combined,99,43,190.0,175.0,160
combined,99,44,190.0,172.0,160
combined,99,45,190.0,188.0,160
combined,99,46,190.0,165.0,160
combined,99,47,190.0,175.0,160
combined,99,48,190.0,163.0,160
combined,99,49,190.0,171.0,160
combined,26,0,200.0,186.0,160
combined,26,1,200.0,146.0,160
combined,26,2,200.0,172.0,160
combined,26,3,200.0,178.0,160
combined,26,4,200.0,144.0,160
combined,26,5,200.0,161.0,160
combined,26,6,200.0,141.0,160
combined,26,7,200.0,190.0,160
combined,26,8,200.0,136.0,160
combined,26,9,200.0,151.0,160
combined,26,10,200.0,186.0,160
combined,26,11,200.0,159.0,160
combined,26,12,200.0,177.0,160
combined,26,13,200.0,141.0,160
combined,26,14,200.0,163.0,160
combined,26,15,200.0,163.0,160
combined,26,16,200.0,158.0,160
combined,26,17,200.0,159.0,160
combined,26,18,200.0,140.0,160
combined,26,19,200.0,160.0,160
combined,26,20,200.0,175.0,160
combined,26,21,200.0,168.0,160
combined,26,22,200.0,163.0,160
combined,26,23,200.0,151.0,160
combined,26,24,200.0,158.0,160
combined,26,25,200.0,150.0,160
combined,26,26,200.0,178.0,160
combined,26,27,200.0,156.0,160
combined,26,28,200.0,159.0,160
combined,26,29,200.0,160.0,160
combined,26,30,200.0,147.0,160
combined,26,31,200.0,161.0,160
combined,26,32,200.0,163.0,160
combined,26,33,200.0,136.0,160
combined,26,34,200.0,187.0,160
combined,26,35,200.0,173.0,160
combined,26,36,200.0,162.0,160
combined,26,37,200.0,152.0,160
combined,26,38,200.0,141.0,160
combined,26,39,200.0,154.0,160
combined,26,40,200.0,170.0,160
combined,26,41,200.0,176.0,160
combined,26,42,200.0,155.0,160
combined,26,43,200.0,171.0,160
combined,26,44,200.0,173.0,160
combined,26,45,200.0,143.0,160
combined,26,46,200.0,166.0,160
combined,26,47,200.0,147.0,160
combined,26,48,200.0,158.0,160
combined,26,49,200.0,179.0,160
combined,80,0,121.0,126.0,160
combined,80,1,121.0,102.0,160
combined,80,2,121.0,134.0,160
combined,80,3,121.0,87.0,160
combined,80,4,121.0,97.0,160
combined,80,5,121.0,112.0,160
combined,80,6,121.0,125.0,160
combined,80,7,121.0,116.0,160
combined,80,8,121.0,65.0,160
combined,80,9,121.0,117.0,160
combined,80,10,121.0,110.0,160
combined,80,11,121.0,84.0,160
combined,80,12,121.0,109.0,160
combined,80,13,121.0,92.0,160
combined,80,14,121.0,100.0,160
combined,80,15,121.0,125.0,160
combined,80,16,121.0,92.0,160
combined,80,17,121.0,72.0,160
combined,80,18,121.0,101.0,160
combined,80,19,121.0,100.0,160
combined,80,20,121.0,97.0,160
combined,80,21,121.0,108.0,160
combined,80,22,121.0,102.0,160
combined,80,23,121.0,98.0,160
combined,80,24,121.0,83.0,160
combined,80,25,121.0,104.0,160
combined,80,26,121.0,117.0,160
combined,80,27,121.0,117.0,160
combined,80,28,121.0,90.0,160
combined,80,29,121.0,121.0,160
combined,80,30,121.0,123.0,160
combined,80,31,121.0,91.0,160
combined,80,32,121.0,120.0,160
combined,80,33,121.0,104.0,160
combined,80,34,121.0,83.0,160
combined,80,35,121.0,130.0,160
combined,80,36,121.0,111.0,160
combined,80,37,121.0,64.0,160
combined,80,38,121.0,127.0,160
combined,80,39,121.0,88.0,160
combined,80,40,121.0,164.0,160
combined,80,41,121.0,83.0,160
combined,80,42,121.0,78.0,160
combined,80,43,121.0,109.0,160
combined,80,44,121.0,112.0,160
combined,80,45,121.0,127.0,160
combined,80,46,121.0,116.0,160
combined,80,47,121.0,142.0,160
combined,80,48,121.0,116.0,160
combined,80,49,121.0,122.0,160
combined,75,0,170.0,160.0,160
combined,75,1,170.0,168.0,160
combined,75,2,170.0,181.0,160
combined,75,3,170.0,179.0,160
combined,75,4,170.0,195.0,160
combined,75,5,170.0,194.0,160
combined,75,6,170.0,171.0,160
combined,75,7,170.0,167.0,160
combined,75,8,170.0,181.0,160
combined,75,9,170.0,187.0,160
combined,75,10,170.0,161.0,160
combined,75,11,170.0,184.0,160
combined,75,12,170.0,193.0,160
combined,75,13,170.0,172.0,160
combined,75,14,170.0,149.0,160
combined,75,15,170.0,156.0,160
combined,75,16,170.0,166.0,160
combined,75,17,170.0,174.0,160
combined,75,18,170.0,173.0,160
combined,75,19,170.0,196.0,160
combined,75,20,170.0,155.0,160
combined,75,21,170.0,175.0,160
combined,75,22,170.0,178.0,160
combined,75,23,170.0,170.0,160
combined,75,24,170.0,199.0,160
combined,75,25,170.0,178.0,160
combined,75,26,170.0,180.0,160
combined,75,27,170.0,183.0,160
combined,75,28,170.0,215.0,160
combined,75,29,170.0,161.0,160
combined,75,30,170.0,175.0,160
combined,75,31,170.0,178.0,160
combined,75,32,170.0,156.0,160
combined,75,33,170.0,139.0,160
combined,75,34,170.0,167.0,160
combined,75,35,170.0,186.0,160
combined,75,36,170.0,174.0,160
combined,75,37,170.0,183.0,160
combined,75,38,170.0,184.0,160
combined,75,39,170.0,170.0,160
combined,75,40,170.0,172.0,160
combined,75,41,170.0,201.0,160
combined,75,42,170.0,178.0,160
combined,75,43,170.0,188.0,160
combined,75,44,170.0,171.0,160
combined,75,45,170.0,166.0,160
combined,75,46,170.0,177.0,160
combined,75,47,170.0,161.0,160
combined,75,48,170.0,192.0,160
combined,75,49,170.0,169.0,160
combined,13,0,146.0,167.0,160
combined,13,1,146.0,169.0,160
combined,13,2,146.0,138.0,160
combined,13,3,146.0,159.0,160
combined,13,4,146.0,167.0,160
combined,13,5,146.0,155.0,160
combined,13,6,146.0,141.0,160
combined,13,7,146.0,159.0,160
combined,13,8,146.0,156.0,160
combined,13,9,146.0,139.0,160
combined,13,10,146.0,184.0,160
combined,13,11,146.0,171.0,160
combined,13,12,146.0,164.0,160
combined,13,13,146.0,174.0,160
combined,13,14,146.0,132.0,160
combined,13,15,146.0,152.0,160
combined,13,16,146.0,183.0,160
combined,13,17,146.0,167.0,160
combined,13,18,146.0,188.0,160
combined,13,19,146.0,162.0,160
combined,13,20,146.0,180.0,160
combined,13,21,146.0,156.0,160
combined,13,22,146.0,138.0,160
combined,13,23,146.0,151.0,160
combined,13,24,146.0,159.0,160
combined,13,25,146.0,159.0,160
combined,13,26,146.0,171.0,160
combined,13,27,146.0,160.0,160
combined,13,28,146.0,162.0,160
combined,13,29,146.0,149.0,160
combined,13,30,146.0,182.0,160
combined,13,31,146.0,156.0,160
combined,13,32,146.0,167.0,160
combined,13,33,146.0,164.0,160
combined,13,34,146.0,201.0,160
combined,13,35,146.0,164.0,160
combined,13,36,146.0,158.0,160
combined,13,37,146.0,176.0,160
combined,13,38,146.0,129.0,160
combined,13,39,146.0,179.0,160
combined,13,40,146.0,179.0,160
combined,13,41,146.0,190.0,160
combined,13,42,146.0,179.0,160
combined,13,43,146.0,182.0,160
combined,13,44,146.0,170.0,160
combined,13,45,146.0,185.0,160
combined,13,46,146.0,163.0,160
combined,13,47,146.0,165.0,160
combined,13,48,146.0,161.0,160
combined,13,49,146.0,156.0,160
combined,29,0,142.0,143.0,160
combined,29,1,142.0,133.0,160
combined,29,2,142.0,141.0,160
combined,29,3,142.0,140.0,160
combined,29,4,142.0,130.0,160
combined,29,5,142.0,113.0,160
combined,29,6,142.0,173.0,160
combined,29,7,142.0,140.0,160
combined,29,8,142.0,152.0,160
combined,29,9,142.0,155.0,160
combined,29,10,142.0,122.0,160
combined,29,11,142.0,149.0,160
combined,29,12,142.0,144.0,160
combined,29,13,142.0,150.0,160
combined,29,14,142.0,131.0,160
combined,29,15,142.0,165.0,160
combined,29,16,142.0,136.0,160
combined,29,17,142.0,116.0,160
combined,29,18,142.0,142.0,160
combined,29,19,142.0,132.0,160
combined,29,20,142.0,122.0,160
combined,29,21,142.0,129.0,160
combined,29,22,142.0,151.0,160
combined,29,23,142.0,142.0,160
combined,29,24,142.0,162.0,160
combined,29,25,142.0,139.0,160
combined,29,26,142.0,154.0,160
combined,29,27,142.0,127.0,160
combined,29,28,142.0,147.0,160
combined,29,29,142.0,172.0,160
combined,29,30,142.0,161.0,160
combined,29,31,142.0,142.0,160
combined,29,32,142.0,159.0,160
combined,29,33,142.0,146.0,160
combined,29,34,142.0,147.0,160
combined,29,35,142.0,148.0,160
combined,29,36,142.0,150.0,160
combined,29,37,142.0,157.0,160
combined,29,38,142.0,142.0,160
combined,29,39,142.0,153.0,160
combined,29,40,142.0,146.0,160
combined,29,41,142.0,124.0,160
combined,29,42,142.0,141.0,160
combined,29,43,142.0,129.0,160
combined,29,44,142.0,160.0,160
combined,29,45,142.0,160.0,160
combined,29,46,142.0,160.0,160
combined,29,47,142.0,133.0,160
combined,29,48,142.0,164.0,160
combined,29,49,142.0,158.0,160
combined,46,0,152.0,149.0,160
combined,46,1,152.0,166.0,160
combined,46,2,152.0,149.0,160
combined,46,3,152.0,172.0,160
combined,46,4,152.0,172.0,160
combined,46,5,152.0,150.0,160
combined,46,6,152.0,138.0,160
combined,46,7,152.0,146.0,160
combined,46,8,152.0,130.0,160
combined,46,9,152.0,154.0,160
combined,46,10,152.0,160.0,160
combined,46,11,152.0,134.0,160
combined,46,12,152.0,146.0,160
combined,46,13,152.0,140.0,160
combined,46,14,152.0,140.0,160
combined,46,15,152.0,146.0,160
combined,46,16,152.0,153.0,160
combined,46,17,152.0,123.0,160
combined,46,18,152.0,159.0,160
combined,46,19,152.0,152.0,160
combined,46,20,152.0,128.0,160
combined,46,21,152.0,133.0,160
combined,46,22,152.0,157.0,160
combined,46,23,152.0,157.0,160
combined,46,24,152.0,127.0,160
combined,46,25,152.0,145.0,160
combined,46,26,152.0,144.0,160
combined,46,27,152.0,135.0,160
combined,46,28,152.0,147.0,160
combined,46,29,152.0,122.0,160
combined,46,30,152.0,174.0,160
combined,46,31,152.0,148.0,160
combined,46,32,152.0,147.0,160
combined,46,33,152.0,174.0,160
combined,46,34,152.0,138.0,160
combined,46,35,152.0,154.0,160
combined,46,36,152.0,157.0,160
combined,46,37,152.0,168.0,160
combined,46,38,152.0,177.0,160
combined,46,39,152.0,149.0,160
combined,46,40,152.0,166.0,160
combined,46,41,152.0,151.0,160
combined,46,42,152.0,138.0,160
combined,46,43,152.0,147.0,160
combined,46,44,152.0,149.0,160
combined,46,45,152.0,174.0,160
combined,46,46,152.0,165.0,160
combined,46,47,152.0,136.0,160
combined,46,48,152.0,118.0,160
combined,46,49,152.0,131.0,160
combined,52,0,164.0,105.0,160
combined,52,1,164.0,97.0,160
combined,52,2,164.0,136.0,160
combined,52,3,164.0,161.0,160
combined,52,4,164.0,157.0,160
combined,52,5,164.0,91.0,160
combined,52,6,164.0,148.0,160
combined,52,7,164.0,124.0,160
combined,52,8,164.0,119.0,160
combined,52,9,164.0,140.0,160
combined,52,10,164.0,133.0,160
combined,52,11,164.0,125.0,160
combined,52,12,164.0,108.0,160
combined,52,13,164.0,132.0,160
combined,52,14,164.0,148.0,160
combined,52,15,164.0,109.0,160
combined,52,16,164.0,164.0,160
combined,52,17,164.0,115.0,160
combined,52,18,164.0,131.0,160
combined,52,19,164.0,112.0,160
combined,52,20,164.0,171.0,160
combined,52,21,164.0,133.0,160
combined,52,22,164.0,144.0,160
combined,52,23,164.0,128.0,160
combined,52,24,164.0,122.0,160
combined,52,25,164.0,138.0,160
combined,52,26,164.0,103.0,160
combined,52,27,164.0,128.0,160
combined,52,28,164.0,139.0,160
combined,52,29,164.0,119.0,160
combined,52,30,164.0,95.0,160
combined,52,31,164.0,143.0,160
combined,52,32,164.0,122.0,160
combined,52,33,164.0,134.0,160
combined,52,34,164.0,136.0,160
combined,52,35,164.0,132.0,160
combined,52,36,164.0,112.0,160
combined,52,37,164.0,141.0,160
combined,52,38,164.0,106.0,160
combined,52,39,164.0,137.0,160
combined,52,40,164.0,130.0,160
combined,52,41,164.0,144.0,160
combined,52,42,164.0,130.0,160
combined,52,43,164.0,134.0,160
combined,52,44,164.0,142.0,160
combined,52,45,164.0,132.0,160
combined,52,46,164.0,118.0,160
combined,52,47,164.0,144.0,160
combined,52,48,164.0,127.0,160
combined,52,49,164.0,133.0,160
combined,67,0,162.0,119.0,160
combined,67,1,162.0,118.0,160
combined,67,2,162.0,151.0,160
combined,67,3,162.0,164.0,160
combined,67,4,162.0,156.0,160
combined,67,5,162.0,148.0,160
combined,67,6,162.0,167.0,160
combined,67,7,162.0,165.0,160
combined,67,8,162.0,145.0,160
combined,67,9,162.0,133.0,160
combined,67,10,162.0,151.0,160
combined,67,11,162.0,151.0,160
combined,67,12,162.0,176.0,160
combined,67,13,162.0,151.0,160
combined,67,14,162.0,125.0,160
combined,67,15,162.0,163.0,160
combined,67,16,162.0,160.0,160
combined,67,17,162.0,145.0,160
combined,67,18,162.0,153.0,160
combined,67,19,162.0,123.0,160
combined,67,20,162.0,131.0,160
combined,67,21,162.0,145.0,160
combined,67,22,162.0,141.0,160
combined,67,23,162.0,157.0,160
combined,67,24,162.0,170.0,160
combined,67,25,162.0,160.0,160
combined,67,26,162.0,154.0,160
combined,67,27,162.0,176.0,160
combined,67,28,162.0,150.0,160
combined,67,29,162.0,138.0,160
combined,67,30,162.0,152.0,160
combined,67,31,162.0,146.0,160
combined,67,32,162.0,139.0,160
combined,67,33,162.0,141.0,160
combined,67,34,162.0,131.0,160
combined,67,35,162.0,135.0,160
combined,67,36,162.0,122.0,160
combined,67,37,162.0,135.0,160
combined,67,38,162.0,193.0,160
combined,67,39,162.0,164.0,160
combined,67,40,162.0,146.0,160
combined,67,41,162.0,193.0,160
combined,67,42,162.0,172.0,160
combined,67,43,162.0,179.0,160
combined,67,44,162.0,157.0,160
combined,67,45,162.0,172.0,160
combined,67,46,162.0,126.0,160
combined,67,47,162.0,137.0,160
combined,67,48,162.0,111.0,160
combined,67,49,162.0,150.0,160
combined,105,0,155.0,138.0,160
combined,105,1,155.0,139.0,160
combined,105,2,155.0,121.0,160
combined,105,3,155.0,154.0,160
combined,105,4,155.0,155.0,160
combined,105,5,155.0,137.0,160
combined,105,6,155.0,141.0,160
combined,105,7,155.0,151.0,160
combined,105,8,155.0,137.0,160
combined,105,9,155.0,158.0,160
combined,105,10,155.0,154.0,160
combined,105,11,155.0,126.0,160
combined,105,12,155.0,124.0,160
combined,105,13,155.0,154.0,160
combined,105,14,155.0,130.0,160
combined,105,15,155.0,126.0,160
combined,105,16,155.0,110.0,160
combined,105,17,155.0,133.0,160
combined,105,18,155.0,146.0,160
combined,105,19,155.0,169.0,160
combined,105,20,155.0,138.0,160
combined,105,21,155.0,165.0,160
combined,105,22,155.0,143.0,160
combined,105,23,155.0,125.0,160
combined,105,24,155.0,123.0,160
combined,105,25,155.0,163.0,160
combined,105,26,155.0,141.0,160
combined,105,27,155.0,131.0,160
combined,105,28,155.0,141.0,160
combined,105,29,155.0,136.0,160
combined,105,30,155.0,163.0,160
combined,105,31,155.0,129.0,160
combined,105,32,155.0,125.0,160
combined,105,33,155.0,162.0,160
combined,105,34,155.0,141.0,160
combined,105,35,155.0,165.0,160
combined,105,36,155.0,144.0,160
combined,105,37,155.0,161.0,160
combined,105,38,155.0,155.0,160
combined,105,39,155.0,129.0,160
combined,105,40,155.0,188.0,160
combined,105,41,155.0,132.0,160
combined,105,42,155.0,182.0,160
combined,105,43,155.0,126.0,160
combined,105,44,155.0,153.0,160
combined,105,45,155.0,151.0,160
combined,105,46,155.0,141.0,160
combined,105,47,155.0,136.0,160
combined,105,48,155.0,117.0,160
combined,105,49,155.0,165.0,160
combined,101,0,153.0,175.0,160
combined,101,1,153.0,143.0,160
combined,101,2,153.0,163.0,160
combined,101,3,153.0,152.0,160
combined,101,4,153.0,149.0,160
combined,101,5,153.0,172.0,160
combined,101,6,153.0,175.0,160
combined,101,7,153.0,127.0,160
combined,101,8,153.0,173.0,160
combined,101,9,153.0,162.0,160
combined,101,10,153.0,157.0,160
combined,101,11,153.0,163.0,160
combined,101,12,153.0,153.0,160
combined,101,13,153.0,166.0,160
combined,101,14,153.0,143.0,160
combined,101,15,153.0,163.0,160
combined,101,16,153.0,148.0,160
combined,101,17,153.0,134.0,160
combined,101,18,153.0,161.0,160
combined,101,19,153.0,153.0,160
combined,101,20,153.0,167.0,160
combined,101,21,153.0,171.0,160
combined,101,22,153.0,148.0,160
combined,101,23,153.0,157.0,160
combined,101,24,153.0,174.0,160
combined,101,25,153.0,176.0,160
combined,101,26,153.0,170.0,160
combined,101,27,153.0,181.0,160
combined,101,28,153.0,154.0,160
combined,101,29,153.0,177.0,160
combined,101,30,153.0,167.0,160
combined,101,31,153.0,159.0,160
combined,101,32,153.0,159.0,160
combined,101,33,153.0,165.0,160
combined,101,34,153.0,163.0,160
combined,101,35,153.0,169.0,160
combined,101,36,153.0,151.0,160
combined,101,37,153.0,174.0,160
combined,101,38,153.0,165.0,160
combined,101,39,153.0,160.0,160
combined,101,40,153.0,163.0,160
combined,101,41,153.0,129.0,160
combined,101,42,153.0,171.0,160
combined,101,43,153.0,160.0,160
combined,101,44,153.0,157.0,160
combined,101,45,153.0,162.0,160
combined,101,46,153.0,169.0,160
combined,101,47,153.0,168.0,160
combined,101,48,153.0,154.0,160
combined,101,49,153.0,181.0,160
combined,61,0,207.0,182.0,160
combined,61,1,207.0,163.0,160
combined,61,2,207.0,174.0,160
combined,61,3,207.0,180.0,160
combined,61,4,207.0,154.0,160
combined,61,5,207.0,185.0,160
combined,61,6,207.0,197.0,160
combined,61,7,207.0,151.0,160
combined,61,8,207.0,171.0,160
combined,61,9,207.0,129.0,160
combined,61,10,207.0,169.0,160
combined,61,11,207.0,161.0,160
combined,61,12,207.0,201.0,160
combined,61,13,207.0,167.0,160
combined,61,14,207.0,185.0,160
combined,61,15,207.0,185.0,160
combined,61,16,207.0,166.0,160
combined,61,17,207.0,162.0,160
combined,61,18,207.0,159.0,160
combined,61,19,207.0,194.0,160
combined,61,20,207.0,180.0,160
combined,61,21,207.0,201.0,160
combined,61,22,207.0,184.0,160
combined,61,23,207.0,181.0,160
combined,61,24,207.0,158.0,160
combined,61,25,207.0,176.0,160
combined,61,26,207.0,177.0,160
combined,61,27,207.0,159.0,160
combined,61,28,207.0,155.0,160
combined,61,29,207.0,164.0,160
combined,61,30,207.0,183.0,160
combined,61,31,207.0,177.0,160
combined,61,32,207.0,186.0,160
combined,61,33,207.0,177.0,160
combined,61,34,207.0,183.0,160
combined,61,35,207.0,179.0,160
combined,61,36,207.0,163.0,160
combined,61,37,207.0,156.0,160
combined,61,38,207.0,161.0,160
combined,61,39,207.0,193.0,160
combined,61,40,207.0,155.0,160
combined,61,41,207.0,167.0,160
combined,61,42,207.0,183.0,160
combined,61,43,207.0,166.0,160
combined,61,44,207.0,150.0,160
combined,61,45,207.0,194.0,160
combined,61,46,207.0,157.0,160
combined,61,47,207.0,185.0,160
combined,61,48,207.0,205.0,160
combined,61,49,207.0,176.0,160
combined,27,0,152.0,158.0,160
combined,27,1,152.0,140.0,160
combined,27,2,152.0,143.0,160
combined,27,3,152.0,147.0,160
combined,27,4,152.0,159.0,160
combined,27,5,152.0,169.0,160
combined,27,6,152.0,141.0,160
combined,27,7,152.0,125.0,160
combined,27,8,152.0,138.0,160
combined,27,9,152.0,146.0,160
combined,27,10,152.0,163.0,160
combined,27,11,152.0,151.0,160
combined,27,12,152.0,163.0,160
combined,27,13,152.0,152.0,160
combined,27,14,152.0,136.0,160
combined,27,15,152.0,126.0,160
combined,27,16,152.0,151.0,160
combined,27,17,152.0,150.0,160
combined,27,18,152.0,154.0,160
combined,27,19,152.0,125.0,160
combined,27,20,152.0,138.0,160
combined,27,21,152.0,156.0,160
combined,27,22,152.0,151.0,160
combined,27,23,152.0,175.0,160
combined,27,24,152.0,141.0,160
combined,27,25,152.0,160.0,160
combined,27,26,152.0,119.0,160
combined,27,27,152.0,129.0,160
combined,27,28,152.0,145.0,160
combined,27,29,152.0,151.0,160
combined,27,30,152.0,138.0,160
combined,27,31,152.0,162.0,160
combined,27,32,152.0,156.0,160
combined,27,33,152.0,176.0,160
combined,27,34,152.0,120.0,160
combined,27,35,152.0,142.0,160
combined,27,36,152.0,132.0,160
combined,27,37,152.0,122.0,160
combined,27,38,152.0,164.0,160
combined,27,39,152.0,157.0,160
combined,27,40,152.0,128.0,160
combined,27,41,152.0,131.0,160
combined,27,42,152.0,153.0,160
combined,27,43,152.0,117.0,160
combined,27,44,152.0,142.0,160
combined,27,45,152.0,129.0,160
combined,27,46,152.0,139.0,160
combined,27,47,152.0,143.0,160
combined,27,48,152.0,123.0,160
combined,27,49,152.0,184.0,160
combined,93,0,138.0,133.0,160
combined,93,1,138.0,133.0,160
combined,93,2,138.0,162.0,160
combined,93,3,138.0,162.0,160
combined,93,4,138.0,145.0,160
combined,93,5,138.0,149.0,160
combined,93,6,138.0,140.0,160
combined,93,7,138.0,164.0,160
combined,93,8,138.0,152.0,160
combined,93,9,138.0,128.0,160
combined,93,10,138.0,130.0,160
combined,93,11,138.0,136.0,160
combined,93,12,138.0,127.0,160
combined,93,13,138.0,147.0,160
combined,93,14,138.0,107.0,160
combined,93,15,138.0,119.0,160
combined,93,16,138.0,112.0,160
combined,93,17,138.0,157.0,160
combined,93,18,138.0,130.0,160
combined,93,19,138.0,148.0,160
combined,93,20,138.0,132.0,160
combined,93,21,138.0,136.0,160
combined,93,22,138.0,136.0,160
combined,93,23,138.0,149.0,160
combined,93,24,138.0,161.0,160
combined,93,25,138.0,128.0,160
combined,93,26,138.0,158.0,160
combined,93,27,138.0,130.0,160
combined,93,28,138.0,159.0,160
combined,93,29,138.0,122.0,160
combined,93,30,138.0,150.0,160
combined,93,31,138.0,146.0,160
combined,93,32,138.0,162.0,160
combined,93,33,138.0,143.0,160
combined,93,34,138.0,127.0,160
combined,93,35,138.0,124.0,160
combined,93,36,138.0,120.0,160
combined,93,37,138.0,165.0,160
combined,93,38,138.0,143.0,160
combined,93,39,138.0,108.0,160
combined,93,40,138.0,148.0,160
combined,93,41,138.0,109.0,160
combined,93,42,138.0,142.0,160
combined,93,43,138.0,157.0,160
combined,93,44,138.0,129.0,160
combined,93,45,138.0,124.0,160
combined,93,46,138.0,150.0,160
combined,93,47,138.0,169.0,160
combined,93,48,138.0,139.0,160
combined,93,49,138.0,157.0,160
combined,17,0,176.0,114.0,160
combined,17,1,176.0,97.0,160
combined,17,2,176.0,105.0,160
combined,17,3,176.0,95.0,160
combined,17,4,176.0,106.0,160
combined,17,5,176.0,104.0,160
combined,17,6,176.0,124.0,160
combined,17,7,176.0,94.0,160
combined,17,8,176.0,123.0,160
combined,17,9,176.0,94.0,160
combined,17,10,176.0,129.0,160
combined,17,11,176.0,97.0,160
combined,17,12,176.0,118.0,160
combined,17,13,176.0,116.0,160
combined,17,14,176.0,98.0,160
combined,17,15,176.0,98.0,160
combined,17,16,176.0,119.0,160
combined,17,17,176.0,87.0,160
combined,17,18,176.0,137.0,160
combined,17,19,176.0,126.0,160
combined,17,20,176.0,87.0,160
combined,17,21,176.0,129.0,160
combined,17,22,176.0,116.0,160
combined,17,23,176.0,105.0,160
combined,17,24,176.0,117.0,160
combined,17,25,176.0,94.0,160
combined,17,26,176.0,95.0,160
combined,17,27,176.0,116.0,160
combined,17,28,176.0,134.0,160
combined,17,29,176.0,107.0,160
combined,17,30,176.0,133.0,160
combined,17,31,176.0,94.0,160
combined,17,32,176.0,129.0,160
combined,17,33,176.0,90.0,160
combined,17,34,176.0,119.0,160
combined,17,35,176.0,95.0,160
combined,17,36,176.0,105.0,160
combined,17,37,176.0,84.0,160
combined,17,38,176.0,119.0,160
combined,17,39,176.0,135.0,160
combined,17,40,176.0,104.0,160
combined,17,41,176.0,89.0,160
combined,17,42,176.0,107.0,160
combined,17,43,176.0,113.0,160
combined,17,44,176.0,82.0,160
combined,17,45,176.0,78.0,160
combined,17,46,176.0,142.0,160
combined,17,47,176.0,122.0,160
combined,17,48,176.0,130.0,160
combined,17,49,176.0,165.0,160
combined,7,0,165.0,147.0,160
combined,7,1,165.0,189.0,160
combined,7,2,165.0,151.0,160
combined,7,3,165.0,166.0,160
combined,7,4,165.0,183.0,160
combined,7,5,165.0,181.0,160
combined,7,6,165.0,179.0,160
combined,7,7,165.0,137.0,160
combined,7,8,165.0,187.0,160
combined,7,9,165.0,163.0,160
combined,7,10,165.0,126.0,160
combined,7,11,165.0,185.0,160
combined,7,12,165.0,177.0,160
combined,7,13,165.0,144.0,160
combined,7,14,165.0,178.0,160
combined,7,15,165.0,156.0,160
combined,7,16,165.0,153.0,160
combined,7,17,165.0,171.0,160
combined,7,18,165.0,182.0,160
combined,7,19,165.0,157.0,160
combined,7,20,165.0,187.0,160
combined,7,21,165.0,165.0,160
combined,7,22,165.0,179.0,160
combined,7,23,165.0,163.0,160
combined,7,24,165.0,164.0,160
combined,7,25,165.0,196.0,160
combined,7,26,165.0,155.0,160
combined,7,27,165.0,205.0,160
combined,7,28,165.0,171.0,160
combined,7,29,165.0,158.0,160
combined,7,30,165.0,152.0,160
combined,7,31,165.0,129.0,160
combined,7,32,165.0,186.0,160
combined,7,33,165.0,158.0,160
combined,7,34,165.0,175.0,160
combined,7,35,165.0,162.0,160
combined,7,36,165.0,149.0,160
combined,7,37,165.0,170.0,160
combined,7,38,165.0,157.0,160
combined,7,39,165.0,189.0,160
combined,7,40,165.0,145.0,160
combined,7,41,165.0,167.0,160
combined,7,42,165.0,167.0,160
combined,7,43,165.0,183.0,160
combined,7,44,165.0,203.0,160
combined,7,45,165.0,174.0,160
combined,7,46,165.0,186.0,160
combined,7,47,165.0,171.0,160
combined,7,48,165.0,128.0,160
combined,7,49,165.0,168.0,160
combined,12,0,156.0,177.0,160
combined,12,1,156.0,178.0,160
combined,12,2,156.0,156.0,160
combined,12,3,156.0,153.0,160
combined,12,4,156.0,172.0,160
combined,12,5,156.0,169.0,160
combined,12,6,156.0,158.0,160
combined,12,7,156.0,168.0,160
combined,12,8,156.0,84.0,160
combined,12,9,156.0,156.0,160
combined,12,10,156.0,153.0,160
combined,12,11,156.0,149.0,160
combined,12,12,156.0,173.0,160
combined,12,13,156.0,145.0,160
combined,12,14,156.0,155.0,160
combined,12,15,156.0,137.0,160
combined,12,16,156.0,151.0,160
combined,12,17,156.0,167.0,160
combined,12,18,156.0,175.0,160
combined,12,19,156.0,179.0,160
combined,12,20,156.0,144.0,160
combined,12,21,156.0,178.0,160
combined,12,22,156.0,131.0,160
combined,12,23,156.0,145.0,160
combined,12,24,156.0,164.0,160
combined,12,25,156.0,161.0,160
combined,12,26,156.0,182.0,160
combined,12,27,156.0,165.0,160
combined,12,28,156.0,144.0,160
combined,12,29,156.0,197.0,160
combined,12,30,156.0,146.0,160
combined,12,31,156.0,170.0,160
combined,12,32,156.0,156.0,160
combined,12,33,156.0,165.0,160
combined,12,34,156.0,142.0,160
combined,12,35,156.0,169.0,160
combined,12,36,156.0,185.0,160
combined,12,37,156.0,167.0,160
combined,12,38,156.0,152.0,160
combined,12,39,156.0,171.0,160
combined,12,40,156.0,137.0,160
combined,12,41,156.0,157.0,160
combined,12,42,156.0,142.0,160
combined,12,43,156.0,167.0,160
combined,12,44,156.0,156.0,160
combined,12,45,156.0,159.0,160
combined,12,46,156.0,168.0,160
combined,12,47,156.0,183.0,160
combined,12,48,156.0,131.0,160
combined,12,49,156.0,149.0,160
combined,103,0,163.0,153.0,160
combined,103,1,163.0,162.0,160
combined,103,2,163.0,169.0,160
combined,103,3,163.0,140.0,160
combined,103,4,163.0,161.0,160
combined,103,5,163.0,186.0,160
combined,103,6,163.0,179.0,160
combined,103,7,163.0,148.0,160
combined,103,8,163.0,166.0,160
combined,103,9,163.0,168.0,160
combined,103,10,163.0,150.0,160
combined,103,11,163.0,174.0,160
combined,103,12,163.0,143.0,160
combined,103,13,163.0,165.0,160
combined,103,14,163.0,179.0,160
combined,103,15,163.0,146.0,160
combined,103,16,163.0,160.0,160
combined,103,17,163.0,175.0,160
combined,103,18,163.0,173.0,160
combined,103,19,163.0,157.0,160
combined,103,20,163.0,192.0,160
combined,103,21,163.0,165.0,160
combined,103,22,163.0,168.0,160
combined,103,23,163.0,127.0,160
combined,103,24,163.0,176.0,160
combined,103,25,163.0,153.0,160
combined,103,26,163.0,170.0,160
combined,103,27,163.0,182.0,160
combined,103,28,163.0,181.0,160
combined,103,29,163.0,163.0,160
combined,103,30,163.0,114.0,160
combined,103,31,163.0,169.0,160
combined,103,32,163.0,179.0,160
combined,103,33,163.0,178.0,160
combined,103,34,163.0,163.0,160
combined,103,35,163.0,179.0,160
combined,103,36,163.0,188.0,160
combined,103,37,163.0,152.0,160
combined,103,38,163.0,152.0,160
combined,103,39,163.0,135.0,160
combined,103,40,163.0,156.0,160
combined,103,41,163.0,196.0,160
combined,103,42,163.0,154.0,160
combined,103,43,163.0,182.0,160
combined,103,44,163.0,148.0,160
combined,103,45,163.0,150.0,160
combined,103,46,163.0,162.0,160
combined,103,47,163.0,182.0,160
combined,103,48,163.0,153.0,160
combined,103,49,163.0,163.0,160
combined,48,0,154.0,185.0,160
combined,48,1,154.0,154.0,160
combined,48,2,154.0,190.0,160
combined,48,3,154.0,139.0,160
combined,48,4,154.0,164.0,160
combined,48,5,154.0,161.0,160
combined,48,6,154.0,182.0,160
combined,48,7,154.0,172.0,160
combined,48,8,154.0,197.0,160
combined,48,9,154.0,165.0,160
combined,48,10,154.0,152.0,160
combined,48,11,154.0,158.0,160
combined,48,12,154.0,164.0,160
combined,48,13,154.0,147.0,160
combined,48,14,154.0,142.0,160
combined,48,15,154.0,147.0,160
combined,48,16,154.0,167.0,160
combined,48,17,154.0,194.0,160
combined,48,18,154.0,191.0,160
combined,48,19,154.0,176.0,160
combined,48,20,154.0,161.0,160
combined,48,21,154.0,160.0,160
combined,48,22,154.0,191.0,160
combined,48,23,154.0,168.0,160
combined,48,24,154.0,171.0,160
combined,48,25,154.0,181.0,160
combined,48,26,154.0,156.0,160
combined,48,27,154.0,161.0,160
combined,48,28,154.0,187.0,160
combined,48,29,154.0,140.0,160
combined,48,30,154.0,148.0,160
combined,48,31,154.0,189.0,160
combined,48,32,154.0,206.0,160
combined,48,33,154.0,172.0,160
combined,48,34,154.0,151.0,160
combined,48,35,154.0,152.0,160
combined,48,36,154.0,159.0,160
combined,48,37,154.0,146.0,160
combined,48,38,154.0,136.0,160
combined,48,39,154.0,160.0,160
combined,48,40,154.0,177.0,160
combined,48,41,154.0,153.0,160
combined,48,42,154.0,130.0,160
combined,48,43,154.0,160.0,160
combined,48,44,154.0,160.0,160
combined,48,45,154.0,165.0,160
combined,48,46,154.0,165.0,160
combined,48,47,154.0,157.0,160
combined,48,48,154.0,171.0,160
combined,48,49,154.0,141.0,160
combined,43,0,145.0,124.0,160
combined,43,1,145.0,145.0,160
combined,43,2,145.0,151.0,160
combined,43,3,145.0,135.0,160
combined,43,4,145.0,150.0,160
combined,43,5,145.0,132.0,160
combined,43,6,145.0,131.0,160
combined,43,7,145.0,127.0,160
combined,43,8,145.0,125.0,160
combined,43,9,145.0,127.0,160
combined,43,10,145.0,80.0,160
combined,43,11,145.0,121.0,160
combined,43,12,145.0,111.0,160
combined,43,13,145.0,136.0,160
combined,43,14,145.0,136.0,160
combined,43,15,145.0,123.0,160
combined,43,16,145.0,116.0,160
combined,43,17,145.0,122.0,160
combined,43,18,145.0,92.0,160
combined,43,19,145.0,92.0,160
combined,43,20,145.0,141.0,160
combined,43,21,145.0,175.0,160
combined,43,22,145.0,137.0,160
combined,43,23,145.0,135.0,160
combined,43,24,145.0,118.0,160
combined,43,25,145.0,103.0,160
combined,43,26,145.0,126.0,160
combined,43,27,145.0,160.0,160
combined,43,28,145.0,130.0,160
combined,43,29,145.0,110.0,160
combined,43,30,145.0,124.0,160
combined,43,31,145.0,115.0,160
combined,43,32,145.0,145.0,160
combined,43,33,145.0,135.0,160
combined,43,34,145.0,155.0,160
combined,43,35,145.0,159.0,160
combined,43,36,145.0,157.0,160
combined,43,37,145.0,140.0,160
combined,43,38,145.0,138.0,160
combined,43,39,145.0,168.0,160
combined,43,40,145.0,154.0,160
combined,43,41,145.0,133.0,160
combined,43,42,145.0,127.0,160
combined,43,43,145.0,162.0,160
combined,43,44,145.0,146.0,160
combined,43,45,145.0,114.0,160
combined,43,46,145.0,140.0,160
combined,43,47,145.0,107.0,160
combined,43,48,145.0,135.0,160
combined,43,49,145.0,140.0,160
combined,100,0,138.0,122.0,160
combined,100,1,138.0,117.0,160
combined,100,2,138.0,146.0,160
combined,100,3,138.0,154.0,160
combined,100,4,138.0,160.0,160
combined,100,5,138.0,173.0,160
combined,100,6,138.0,129.0,160
combined,100,7,138.0,142.0,160
combined,100,8,138.0,137.0,160
combined,100,9,138.0,108.0,160
combined,100,10,138.0,163.0,160
combined,100,11,138.0,184.0,160
combined,100,12,138.0,141.0,160
combined,100,13,138.0,153.0,160
combined,100,14,138.0,163.0,160
combined,100,15,138.0,128.0,160
combined,100,16,138.0,171.0,160
combined,100,17,138.0,142.0,160
combined,100,18,138.0,152.0,160
combined,100,19,138.0,129.0,160
combined,100,20,138.0,169.0,160
combined,100,21,138.0,138.0,160
combined,100,22,138.0,154.0,160
combined,100,23,138.0,156.0,160
combined,100,24,138.0,141.0,160
combined,100,25,138.0,139.0,160
combined,100,26,138.0,198.0,160
combined,100,27,138.0,148.0,160
combined,100,28,138.0,169.0,160
combined,100,29,138.0,141.0,160
combined,100,30,138.0,109.0,160
combined,100,31,138.0,144.0,160
combined,100,32,138.0,141.0,160
combined,100,33,138.0,150.0,160
combined,100,34,138.0,155.0,160
combined,100,35,138.0,183.0,160
combined,100,36,138.0,169.0,160
combined,100,37,138.0,137.0,160
combined,100,38,138.0,125.0,160
combined,100,39,138.0,132.0,160
combined,100,40,138.0,153.0,160
combined,100,41,138.0,135.0,160
combined,100,42,138.0,148.0,160
combined,100,43,138.0,141.0,160
combined,100,44,138.0,145.0,160
combined,100,45,138.0,148.0,160
combined,100,46,138.0,146.0,160
combined,100,47,138.0,151.0,160
combined,100,48,138.0,102.0,160
combined,100,49,138.0,151.0,160
combined,45,0,184.0,162.0,160
combined,45,1,184.0,133.0,160
combined,45,2,184.0,167.0,160
combined,45,3,184.0,164.0,160
combined,45,4,184.0,147.0,160
combined,45,5,184.0,158.0,160
combined,45,6,184.0,157.0,160
combined,45,7,184.0,143.0,160
combined,45,8,184.0,159.0,160
combined,45,9,184.0,148.0,160
combined,45,10,184.0,134.0,160
combined,45,11,184.0,140.0,160
combined,45,12,184.0,170.0,160
combined,45,13,184.0,151.0,160
combined,45,14,184.0,144.0,160
combined,45,15,184.0,175.0,160
combined,45,16,184.0,147.0,160
combined,45,17,184.0,187.0,160
combined,45,18,184.0,156.0,160
combined,45,19,184.0,149.0,160
combined,45,20,184.0,144.0,160
combined,45,21,184.0,162.0,160
combined,45,22,184.0,154.0,160
combined,45,23,184.0,161.0,160
combined,45,24,184.0,155.0,160
combined,45,25,184.0,140.0,160
combined,45,26,184.0,145.0,160
combined,45,27,184.0,157.0,160
combined,45,28,184.0,172.0,160
combined,45,29,184.0,163.0,160
combined,45,30,184.0,138.0,160
combined,45,31,184.0,164.0,160
combined,45,32,184.0,171.0,160
combined,45,33,184.0,131.0,160
combined,45,34,184.0,153.0,160
combined,45,35,184.0,156.0,160
combined,45,36,184.0,164.0,160
combined,45,37,184.0,169.0,160
combined,45,38,184.0,169.0,160
combined,45,39,184.0,144.0,160
combined,45,40,184.0,179.0,160
combined,45,41,184.0,201.0,160
combined,45,42,184.0,169.0,160
combined,45,43,184.0,167.0,160
combined,45,44,184.0,136.0,160
combined,45,45,184.0,149.0,160
combined,45,46,184.0,164.0,160
combined,45,47,184.0,167.0,160
combined,45,48,184.0,178.0,160
combined,45,49,184.0,176.0,160
combined,73,0,198.0,152.0,160
combined,73,1,198.0,154.0,160
combined,73,2,198.0,189.0,160
combined,73,3,198.0,191.0,160
combined,73,4,198.0,196.0,160
combined,73,5,198.0,179.0,160
combined,73,6,198.0,149.0,160
combined,73,7,198.0,196.0,160
combined,73,8,198.0,173.0,160
combined,73,9,198.0,188.0,160
combined,73,10,198.0,177.0,160
combined,73,11,198.0,158.0,160
combined,73,12,198.0,206.0,160
combined,73,13,198.0,171.0,160
combined,73,14,198.0,165.0,160
combined,73,15,198.0,173.0,160
combined,73,16,198.0,182.0,160
combined,73,17,198.0,164.0,160
combined,73,18,198.0,173.0,160
combined,73,19,198.0,177.0,160
combined,73,20,198.0,189.0,160
combined,73,21,198.0,156.0,160
combined,73,22,198.0,170.0,160
combined,73,23,198.0,169.0,160
combined,73,24,198.0,183.0,160
combined,73,25,198.0,173.0,160
combined,73,26,198.0,176.0,160
combined,73,27,198.0,188.0,160
combined,73,28,198.0,168.0,160
combined,73,29,198.0,186.0,160
combined,73,30,198.0,164.0,160
combined,73,31,198.0,181.0,160
combined,73,32,198.0,156.0,160
combined,73,33,198.0,178.0,160
combined,73,34,198.0,186.0,160
combined,73,35,198.0,197.0,160
combined,73,36,198.0,181.0,160
combined,73,37,198.0,173.0,160
combined,73,38,198.0,156.0,160
combined,73,39,198.0,172.0,160
combined,73,40,198.0,195.0,160
combined,73,41,198.0,164.0,160
combined,73,42,198.0,180.0,160
combined,73,43,198.0,168.0,160
combined,73,44,198.0,173.0,160
combined,73,45,198.0,157.0,160
combined,73,46,198.0,192.0,160
combined,73,47,198.0,204.0,160
combined,73,48,198.0,184.0,160
combined,73,49,198.0,171.0,160
combined,24,0,146.0,154.0,160
combined,24,1,146.0,134.0,160
combined,24,2,146.0,160.0,160
combined,24,3,146.0,127.0,160
combined,24,4,146.0,141.0,160
combined,24,5,146.0,131.0,160
combined,24,6,146.0,196.0,160
combined,24,7,146.0,151.0,160
combined,24,8,146.0,124.0,160
combined,24,9,146.0,125.0,160
combined,24,10,146.0,167.0,160
combined,24,11,146.0,151.0,160
combined,24,12,146.0,145.0,160
combined,24,13,146.0,188.0,160
combined,24,14,146.0,156.0,160
combined,24,15,146.0,131.0,160
combined,24,16,146.0,113.0,160
combined,24,17,146.0,155.0,160
combined,24,18,146.0,158.0,160
combined,24,19,146.0,126.0,160
combined,24,20,146.0,164.0,160
combined,24,21,146.0,148.0,160
combined,24,22,146.0,148.0,160
combined,24,23,146.0,164.0,160
combined,24,24,146.0,184.0,160
combined,24,25,146.0,134.0,160
combined,24,26,146.0,143.0,160
combined,24,27,146.0,182.0,160
combined,24,28,146.0,145.0,160
combined,24,29,146.0,169.0,160
combined,24,30,146.0,164.0,160
combined,24,31,146.0,141.0,160
combined,24,32,146.0,127.0,160
combined,24,33,146.0,149.0,160
combined,24,34,146.0,129.0,160
combined,24,35,146.0,135.0,160
combined,24,36,146.0,127.0,160
combined,24,37,146.0,161.0,160
combined,24,38,146.0,120.0,160
combined,24,39,146.0,150.0,160
combined,24,40,146.0,134.0,160
combined,24,41,146.0,169.0,160
combined,24,42,146.0,137.0,160
combined,24,43,146.0,141.0,160
combined,24,44,146.0,123.0,160
combined,24,45,146.0,133.0,160
combined,24,46,146.0,176.0,160
combined,24,47,146.0,160.0,160
combined,24,48,146.0,148.0,160
combined,24,49,146.0,113.0,160
combined,71,0,160.0,117.0,160
combined,71,1,160.0,141.0,160
combined,71,2,160.0,136.0,160
combined,71,3,160.0,142.0,160
combined,71,4,160.0,168.0,160
combined,71,5,160.0,154.0,160
combined,71,6,160.0,144.0,160
combined,71,7,160.0,144.0,160
combined,71,8,160.0,151.0,160
combined,71,9,160.0,112.0,160
combined,71,10,160.0,144.0,160
combined,71,11,160.0,146.0,160
combined,71,12,160.0,146.0,160
combined,71,13,160.0,154.0,160
combined,71,14,160.0,164.0,160
combined,71,15,160.0,110.0,160
combined,71,16,160.0,140.0,160
combined,71,17,160.0,152.0,160
combined,71,18,160.0,130.0,160
combined,71,19,160.0,147.0,160
combined,71,20,160.0,141.0,160
combined,71,21,160.0,135.0,160
combined,71,22,160.0,143.0,160
combined,71,23,160.0,150.0,160
combined,71,24,160.0,154.0,160
combined,71,25,160.0,128.0,160
combined,71,26,160.0,144.0,160
combined,71,27,160.0,167.0,160
combined,71,28,160.0,166.0,160
combined,71,29,160.0,133.0,160
combined,71,30,160.0,138.0,160
combined,71,31,160.0,140.0,160
combined,71,32,160.0,169.0,160
combined,71,33,160.0,148.0,160
combined,71,34,160.0,132.0,160
combined,71,35,160.0,167.0,160
combined,71,36,160.0,136.0,160
combined,71,37,160.0,186.0,160
combined,71,38,160.0,125.0,160
combined,71,39,160.0,157.0,160
combined,71,40,160.0,144.0,160
combined,71,41,160.0,159.0,160
combined,71,42,160.0,154.0,160
combined,71,43,160.0,154.0,160
combined,71,44,160.0,119.0,160
combined,71,45,160.0,161.0,160
combined,71,46,160.0,142.0,160
combined,71,47,160.0,133.0,160
combined,71,48,160.0,154.0,160
combined,71,49,160.0,102.0,160
combined,76,0,146.0,115.0,160
combined,76,1,146.0,125.0,160
combined,76,2,146.0,149.0,160
combined,76,3,146.0,128.0,160
combined,76,4,146.0,149.0,160
combined,76,5,146.0,141.0,160
combined,76,6,146.0,150.0,160
combined,76,7,146.0,159.0,160
combined,76,8,146.0,131.0,160
combined,76,9,146.0,170.0,160
combined,76,10,146.0,141.0,160
combined,76,11,146.0,159.0,160
combined,76,12,146.0,155.0,160
combined,76,13,146.0,155.0,160
combined,76,14,146.0,157.0,160
combined,76,15,146.0,156.0,160
combined,76,16,146.0,125.0,160
combined,76,17,146.0,146.0,160
combined,76,18,146.0,143.0,160
combined,76,19,146.0,173.0,160
combined,76,20,146.0,131.0,160
combined,76,21,146.0,163.0,160
combined,76,22,146.0,162.0,160
combined,76,23,146.0,132.0,160
combined,76,24,146.0,161.0,160
combined,76,25,146.0,138.0,160
combined,76,26,146.0,149.0,160
combined,76,27,146.0,150.0,160
combined,76,28,146.0,144.0,160
combined,76,29,146.0,147.0,160
combined,76,30,146.0,142.0,160
combined,76,31,146.0,148.0,160
combined,76,32,146.0,136.0,160
combined,76,33,146.0,162.0,160
combined,76,34,146.0,130.0,160
combined,76,35,146.0,159.0,160
combined,76,36,146.0,166.0,160
combined,76,37,146.0,166.0,160
combined,76,38,146.0,130.0,160
combined,76,39,146.0,156.0,160
combined,76,40,146.0,145.0,160
combined,76,41,146.0,170.0,160
combined,76,42,146.0,164.0,160
combined,76,43,146.0,178.0,160
combined,76,44,146.0,160.0,160
combined,76,45,146.0,155.0,160
combined,76,46,146.0,128.0,160
combined,76,47,146.0,143.0,160
combined,76,48,146.0,122.0,160
combined,76,49,146.0,133.0,160
combined,96,0,164.0,149.0,160
combined,96,1,164.0,155.0,160
combined,96,2,164.0,156.0,160
combined,96,3,164.0,174.0,160
combined,96,4,164.0,143.0,160
combined,96,5,164.0,171.0,160
combined,96,6,164.0,142.0,160
combined,96,7,164.0,158.0,160
combined,96,8,164.0,161.0,160
combined,96,9,164.0,151.0,160
combined,96,10,164.0,167.0,160
combined,96,11,164.0,142.0,160
combined,96,12,164.0,164.0,160
combined,96,13,164.0,165.0,160
combined,96,14,164.0,160.0,160
combined,96,15,164.0,179.0,160
combined,96,16,164.0,160.0,160
combined,96,17,164.0,155.0,160
combined,96,18,164.0,152.0,160
combined,96,19,164.0,161.0,160
combined,96,20,164.0,163.0,160
combined,96,21,164.0,140.0,160
combined,96,22,164.0,157.0,160
combined,96,23,164.0,123.0,160
combined,96,24,164.0,151.0,160
combined,96,25,164.0,183.0,160
combined,96,26,164.0,143.0,160
combined,96,27,164.0,127.0,160
combined,96,28,164.0,146.0,160
combined,96,29,164.0,129.0,160
combined,96,30,164.0,164.0,160
combined,96,31,164.0,125.0,160
combined,96,32,164.0,129.0,160
combined,96,33,164.0,112.0,160
combined,96,34,164.0,192.0,160
combined,96,35,164.0,157.0,160
combined,96,36,164.0,153.0,160
combined,96,37,164.0,150.0,160
combined,96,38,164.0,162.0,160
combined,96,39,164.0,147.0,160
combined,96,40,164.0,130.0,160
combined,96,41,164.0,139.0,160
combined,96,42,164.0,147.0,160
combined,96,43,164.0,156.0,160
combined,96,44,164.0,159.0,160
combined,96,45,164.0,158.0,160
combined,96,46,164.0,176.0,160
combined,96,47,164.0,165.0,160
combined,96,48,164.0,172.0,160
combined,96,49,164.0,164.0,160
combined,98,0,155.0,169.0,160
combined,98,1,155.0,164.0,160
combined,98,2,155.0,125.0,160
combined,98,3,155.0,163.0,160
combined,98,4,155.0,159.0,160
combined,98,5,155.0,129.0,160
combined,98,6,155.0,134.0,160
combined,98,7,155.0,145.0,160
combined,98,8,155.0,111.0,160
combined,98,9,155.0,146.0,160
combined,98,10,155.0,162.0,160
combined,98,11,155.0,116.0,160
combined,98,12,155.0,136.0,160
combined,98,13,155.0,133.0,160
combined,98,14,155.0,155.0,160
combined,98,15,155.0,133.0,160
combined,98,16,155.0,137.0,160
combined,98,17,155.0,153.0,160
combined,98,18,155.0,147.0,160
combined,98,19,155.0,160.0,160
combined,98,20,155.0,164.0,160
combined,98,21,155.0,122.0,160
combined,98,22,155.0,134.0,160
combined,98,23,155.0,161.0,160
combined,98,24,155.0,129.0,160
combined,98,25,155.0,155.0,160
combined,98,26,155.0,127.0,160
combined,98,27,155.0,141.0,160
combined,98,28,155.0,136.0,160
combined,98,29,155.0,158.0,160
combined,98,30,155.0,151.0,160
combined,98,31,155.0,131.0,160
combined,98,32,155.0,157.0,160
combined,98,33,155.0,139.0,160
combined,98,34,155.0,175.0,160
combined,98,35,155.0,167.0,160
combined,98,36,155.0,162.0,160
combined,98,37,155.0,119.0,160
combined,98,38,155.0,110.0,160
combined,98,39,155.0,109.0,160
combined,98,40,155.0,140.0,160
combined,98,41,155.0,128.0,160
combined,98,42,155.0,128.0,160
combined,98,43,155.0,113.0,160
combined,98,44,155.0,125.0,160
combined,98,45,155.0,146.0,160
combined,98,46,155.0,140.0,160
combined,98,47,155.0,166.0,160
combined,98,48,155.0,121.0,160
combined,98,49,155.0,121.0,160
combined,97,0,129.0,123.0,160
combined,97,1,129.0,132.0,160
combined,97,2,129.0,123.0,160
combined,97,3,129.0,124.0,160
combined,97,4,129.0,150.0,160
combined,97,5,129.0,152.0,160
combined,97,6,129.0,129.0,160
combined,97,7,129.0,127.0,160
combined,97,8,129.0,131.0,160
combined,97,9,129.0,170.0,160
combined,97,10,129.0,132.0,160
combined,97,11,129.0,179.0,160
combined,97,12,129.0,128.0,160
combined,97,13,129.0,134.0,160
combined,97,14,129.0,144.0,160
combined,97,15,129.0,154.0,160
combined,97,16,129.0,193.0,160
combined,97,17,129.0,134.0,160
combined,97,18,129.0,146.0,160
combined,97,19,129.0,130.0,160
combined,97,20,129.0,166.0,160
combined,97,21,129.0,136.0,160
combined,97,22,129.0,133.0,160
combined,97,23,129.0,141.0,160
combined,97,24,129.0,150.0,160
combined,97,25,129.0,156.0,160
combined,97,26,129.0,149.0,160
combined,97,27,129.0,162.0,160
combined,97,28,129.0,147.0,160
combined,97,29,129.0,108.0,160
combined,97,30,129.0,134.0,160
combined,97,31,129.0,163.0,160
combined,97,32,129.0,166.0,160
combined,97,33,129.0,124.0,160
combined,97,34,129.0,113.0,160
combined,97,35,129.0,116.0,160
combined,97,36,129.0,132.0,160
combined,97,37,129.0,156.0,160
combined,97,38,129.0,177.0,160
combined,97,39,129.0,138.0,160
combined,97,40,129.0,133.0,160
combined,97,41,129.0,142.0,160
combined,97,42,129.0,153.0,160
combined,97,43,129.0,142.0,160
combined,97,44,129.0,144.0,160
combined,97,45,129.0,138.0,160
combined,97,46,129.0,165.0,160
combined,97,47,129.0,154.0,160
combined,97,48,129.0,156.0,160
combined,97,49,129.0,146.0,160
combined,79,0,142.0,123.0,160
combined,79,1,142.0,158.0,160
combined,79,2,142.0,120.0,160
combined,79,3,142.0,136.0,160
combined,79,4,142.0,133.0,160
combined,79,5,142.0,167.0,160
combined,79,6,142.0,119.0,160
combined,79,7,142.0,144.0,160
combined,79,8,142.0,105.0,160
combined,79,9,142.0,158.0,160
combined,79,10,142.0,148.0,160
combined,79,11,142.0,146.0,160
combined,79,12,142.0,126.0,160
combined,79,13,142.0,111.0,160
combined,79,14,142.0,146.0,160
combined,79,15,142.0,157.0,160
combined,79,16,142.0,153.0,160
combined,79,17,142.0,130.0,160
combined,79,18,142.0,141.0,160
combined,79,19,142.0,105.0,160
combined,79,20,142.0,135.0,160
combined,79,21,142.0,137.0,160
combined,79,22,142.0,123.0,160
combined,79,23,142.0,122.0,160
combined,79,24,142.0,140.0,160
combined,79,25,142.0,126.0,160
combined,79,26,142.0,166.0,160
combined,79,27,142.0,169.0,160
combined,79,28,142.0,127.0,160
combined,79,29,142.0,141.0,160
combined,79,30,142.0,148.0,160
combined,79,31,142.0,146.0,160
combined,79,32,142.0,143.0,160
combined,79,33,142.0,135.0,160
combined,79,34,142.0,155.0,160
combined,79,35,142.0,158.0,160
combined,79,36,142.0,109.0,160
combined,79,37,142.0,123.0,160
combined,79,38,142.0,131.0,160
combined,79,39,142.0,127.0,160
combined,79,40,142.0,118.0,160
combined,79,41,142.0,174.0,160
combined,79,42,142.0,149.0,160
combined,79,43,142.0,146.0,160
combined,79,44,142.0,172.0,160
combined,79,45,142.0,133.0,160
combined,79,46,142.0,153.0,160
combined,79,47,142.0,154.0,160
combined,79,48,142.0,115.0,160
combined,79,49,142.0,118.0,160
combined,58,0,148.0,188.0,160
combined,58,1,148.0,134.0,160
combined,58,2,148.0,153.0,160
combined,58,3,148.0,117.0,160
combined,58,4,148.0,100.0,160
combined,58,5,148.0,121.0,160
combined,58,6,148.0,146.0,160
combined,58,7,148.0,130.0,160
combined,58,8,148.0,106.0,160
combined,58,9,148.0,138.0,160
combined,58,10,148.0,140.0,160
combined,58,11,148.0,146.0,160
combined,58,12,148.0,124.0,160
combined,58,13,148.0,135.0,160
combined,58,14,148.0,132.0,160
combined,58,15,148.0,104.0,160
combined,58,16,148.0,117.0,160
combined,58,17,148.0,114.0,160
combined,58,18,148.0,150.0,160
combined,58,19,148.0,157.0,160
combined,58,20,148.0,92.0,160
combined,58,21,148.0,96.0,160
combined,58,22,148.0,158.0,160
combined,58,23,148.0,144.0,160
combined,58,24,148.0,167.0,160
combined,58,25,148.0,129.0,160
combined,58,26,148.0,126.0,160
combined,58,27,148.0,158.0,160
combined,58,28,148.0,100.0,160
combined,58,29,148.0,146.0,160
combined,58,30,148.0,153.0,160
combined,58,31,148.0,142.0,160
combined,58,32,148.0,147.0,160
combined,58,33,148.0,121.0,160
combined,58,34,148.0,137.0,160
combined,58,35,148.0,140.0,160
combined,58,36,148.0,121.0,160
combined,58,37,148.0,121.0,160
combined,58,38,148.0,150.0,160
combined,58,39,148.0,134.0,160
combined,58,40,148.0,136.0,160
combined,58,41,148.0,138.0,160
combined,58,42,148.0,131.0,160
combined,58,43,148.0,136.0,160
combined,58,44,148.0,114.0,160
combined,58,45,148.0,141.0,160
combined,58,46,148.0,143.0,160
combined,58,47,148.0,122.0,160
combined,58,48,148.0,144.0,160
combined,58,49,148.0,160.0,160
combined,9,0,168.0,147.0,160
combined,9,1,168.0,151.0,160
combined,9,2,168.0,152.0,160
combined,9,3,168.0,179.0,160
combined,9,4,168.0,179.0,160
combined,9,5,168.0,146.0,160
combined,9,6,168.0,166.0,160
combined,9,7,168.0,168.0,160
combined,9,8,168.0,145.0,160
combined,9,9,168.0,178.0,160
combined,9,10,168.0,159.0,160
combined,9,11,168.0,160.0,160
combined,9,12,168.0,159.0,160
combined,9,13,168.0,177.0,160
combined,9,14,168.0,180.0,160
combined,9,15,168.0,160.0,160
combined,9,16,168.0,193.0,160
combined,9,17,168.0,148.0,160
combined,9,18,168.0,162.0,160
combined,9,19,168.0,159.0,160
combined,9,20,168.0,163.0,160
combined,9,21,168.0,164.0,160
combined,9,22,168.0,166.0,160
combined,9,23,168.0,175.0,160
combined,9,24,168.0,185.0,160
combined,9,25,168.0,172.0,160
combined,9,26,168.0,172.0,160
combined,9,27,168.0,181.0,160
combined,9,28,168.0,174.0,160
combined,9,29,168.0,166.0,160
combined,9,30,168.0,168.0,160
combined,9,31,168.0,170.0,160
combined,9,32,168.0,180.0,160
combined,9,33,168.0,168.0,160
combined,9,34,168.0,159.0,160
combined,9,35,168.0,168.0,160
combined,9,36,168.0,170.0,160
combined,9,37,168.0,171.0,160
combined,9,38,168.0,174.0,160
combined,9,39,168.0,190.0,160
combined,9,40,168.0,168.0,160
combined,9,41,168.0,158.0,160
combined,9,42,168.0,130.0,160
combined,9,43,168.0,161.0,160
combined,9,44,168.0,168.0,160
combined,9,45,168.0,158.0,160
combined,9,46,168.0,145.0,160
combined,9,47,168.0,187.0,160
combined,9,48,168.0,163.0,160
combined,9,49,168.0,161.0,160
combined,35,0,183.0,175.0,160
combined,35,1,183.0,159.0,160
combined,35,2,183.0,157.0,160
combined,35,3,183.0,160.0,160
combined,35,4,183.0,123.0,160
combined,35,5,183.0,185.0,160
combined,35,6,183.0,165.0,160
combined,35,7,183.0,169.0,160
combined,35,8,183.0,164.0,160
combined,35,9,183.0,168.0,160
combined,35,10,183.0,179.0,160
combined,35,11,183.0,156.0,160
combined,35,12,183.0,171.0,160
combined,35,13,183.0,177.0,160
combined,35,14,183.0,149.0,160
combined,35,15,183.0,166.0,160
combined,35,16,183.0,162.0,160
combined,35,17,183.0,125.0,160
combined,35,18,183.0,149.0,160
combined,35,19,183.0,146.0,160
combined,35,20,183.0,156.0,160
combined,35,21,183.0,130.0,160
combined,35,22,183.0,151.0,160
combined,35,23,183.0,125.0,160
combined,35,24,183.0,155.0,160
combined,35,25,183.0,148.0,160
combined,35,26,183.0,162.0,160
combined,35,27,183.0,156.0,160
combined,35,28,183.0,178.0,160
combined,35,29,183.0,126.0,160
combined,35,30,183.0,160.0,160
combined,35,31,183.0,153.0,160
combined,35,32,183.0,163.0,160
combined,35,33,183.0,176.0,160
combined,35,34,183.0,133.0,160
combined,35,35,183.0,161.0,160
combined,35,36,183.0,158.0,160
combined,35,37,183.0,156.0,160
combined,35,38,183.0,155.0,160
combined,35,39,183.0,165.0,160
combined,35,40,183.0,197.0,160
combined,35,41,183.0,183.0,160
combined,35,42,183.0,200.0,160
combined,35,43,183.0,168.0,160
combined,35,44,183.0,177.0,160
combined,35,45,183.0,185.0,160
combined,35,46,183.0,173.0,160
combined,35,47,183.0,156.0,160
combined,35,48,183.0,176.0,160
combined,35,49,183.0,148.0,160
combined,92,0,142.0,155.0,160
combined,92,1,142.0,171.0,160
combined,92,2,142.0,159.0,160
combined,92,3,142.0,141.0,160
combined,92,4,142.0,159.0,160
combined,92,5,142.0,125.0,160
combined,92,6,142.0,170.0,160
combined,92,7,142.0,125.0,160
combined,92,8,142.0,120.0,160
combined,92,9,142.0,153.0,160
combined,92,10,142.0,136.0,160
combined,92,11,142.0,153.0,160
combined,92,12,142.0,129.0,160
combined,92,13,142.0,137.0,160
combined,92,14,142.0,132.0,160
combined,92,15,142.0,131.0,160
combined,92,16,142.0,103.0,160
combined,92,17,142.0,132.0,160
combined,92,18,142.0,151.0,160
combined,92,19,142.0,169.0,160
combined,92,20,142.0,144.0,160
combined,92,21,142.0,165.0,160
combined,92,22,142.0,136.0,160
combined,92,23,142.0,138.0,160
combined,92,24,142.0,138.0,160
combined,92,25,142.0,172.0,160
combined,92,26,142.0,122.0,160
combined,92,27,142.0,161.0,160
combined,92,28,142.0,129.0,160
combined,92,29,142.0,126.0,160
combined,92,30,142.0,130.0,160
combined,92,31,142.0,123.0,160
combined,92,32,142.0,116.0,160
combined,92,33,142.0,133.0,160
combined,92,34,142.0,164.0,160
combined,92,35,142.0,114.0,160
combined,92,36,142.0,119.0,160
combined,92,37,142.0,142.0,160
combined,92,38,142.0,142.0,160
combined,92,39,142.0,141.0,160
combined,92,40,142.0,119.0,160
combined,92,41,142.0,133.0,160
combined,92,42,142.0,134.0,160
combined,92,43,142.0,137.0,160
combined,92,44,142.0,182.0,160
combined,92,45,142.0,120.0,160
combined,92,46,142.0,135.0,160
combined,92,47,142.0,143.0,160
combined,92,48,142.0,147.0,160
combined,92,49,142.0,139.0,160
combined,42,0,141.0,155.0,160
combined,42,1,141.0,150.0,160
combined,42,2,141.0,143.0,160
combined,42,3,141.0,174.0,160
combined,42,4,141.0,178.0,160
combined,42,5,141.0,156.0,160
combined,42,6,141.0,160.0,160
combined,42,7,141.0,176.0,160
combined,42,8,141.0,193.0,160
combined,42,9,141.0,175.0,160
combined,42,10,141.0,153.0,160
combined,42,11,141.0,185.0,160
combined,42,12,141.0,169.0,160
combined,42,13,141.0,170.0,160
combined,42,14,141.0,153.0,160
combined,42,15,141.0,172.0,160
combined,42,16,141.0,168.0,160
combined,42,17,141.0,131.0,160
combined,42,18,141.0,161.0,160
combined,42,19,141.0,166.0,160
combined,42,20,141.0,157.0,160
combined,42,21,141.0,177.0,160
combined,42,22,141.0,155.0,160
combined,42,23,141.0,158.0,160
combined,42,24,141.0,162.0,160
combined,42,25,141.0,172.0,160
combined,42,26,141.0,154.0,160
combined,42,27,141.0,135.0,160
combined,42,28,141.0,162.0,160
combined,42,29,141.0,179.0,160
combined,42,30,141.0,175.0,160
combined,42,31,141.0,135.0,160
combined,42,32,141.0,192.0,160
combined,42,33,141.0,156.0,160
combined,42,34,141.0,167.0,160
combined,42,35,141.0,136.0,160
combined,42,36,141.0,111.0,160
combined,42,37,141.0,154.0,160
combined,42,38,141.0,156.0,160
combined,42,39,141.0,168.0,160
combined,42,40,141.0,151.0,160
combined,42,41,141.0,186.0,160
combined,42,42,141.0,153.0,160
combined,42,43,141.0,163.0,160
combined,42,44,141.0,181.0,160
combined,42,45,141.0,165.0,160
combined,42,46,141.0,200.0,160
combined,42,47,141.0,150.0,160
combined,42,48,141.0,166.0,160
combined,42,49,141.0,163.0,160
combined,40,0,112.0,125.0,160
combined,40,1,112.0,158.0,160
combined,40,2,112.0,148.0,160
combined,40,3,112.0,144.0,160
combined,40,4,112.0,110.0,160
combined,40,5,112.0,107.0,160
combined,40,6,112.0,125.0,160
combined,40,7,112.0,117.0,160
combined,40,8,112.0,121.0,160
combined,40,9,112.0,144.0,160
combined,40,10,112.0,142.0,160
combined,40,11,112.0,107.0,160
combined,40,12,112.0,95.0,160
combined,40,13,112.0,114.0,160
combined,40,14,112.0,150.0,160
combined,40,15,112.0,138.0,160
combined,40,16,112.0,130.0,160
combined,40,17,112.0,80.0,160
combined,40,18,112.0,129.0,160
combined,40,19,112.0,128.0,160
combined,40,20,112.0,124.0,160
combined,40,21,112.0,148.0,160
combined,40,22,112.0,110.0,160
combined,40,23,112.0,128.0,160
combined,40,24,112.0,113.0,160
combined,40,25,112.0,119.0,160
combined,40,26,112.0,124.0,160
combined,40,27,112.0,109.0,160
combined,40,28,112.0,135.0,160
combined,40,29,112.0,165.0,160
combined,40,30,112.0,121.0,160
combined,40,31,112.0,135.0,160
combined,40,32,112.0,122.0,160
combined,40,33,112.0,120.0,160
combined,40,34,112.0,129.0,160
combined,40,35,112.0,92.0,160
combined,40,36,112.0,155.0,160
combined,40,37,112.0,152.0,160
combined,40,38,112.0,149.0,160
combined,40,39,112.0,148.0,160
combined,40,40,112.0,109.0,160
combined,40,41,112.0,110.0,160
combined,40,42,112.0,117.0,160
combined,40,43,112.0,136.0,160
combined,40,44,112.0,100.0,160
combined,40,45,112.0,144.0,160
combined,40,46,112.0,104.0,160
combined,40,47,112.0,146.0,160
combined,40,48,112.0,131.0,160
combined,40,49,112.0,108.0,160
combined,50,0,181.0,197.0,160
combined,50,1,181.0,166.0,160
combined,50,2,181.0,172.0,160
combined,50,3,181.0,167.0,160
combined,50,4,181.0,161.0,160
combined,50,5,181.0,155.0,160
combined,50,6,181.0,175.0,160
combined,50,7,181.0,188.0,160
combined,50,8,181.0,189.0,160
combined,50,9,181.0,179.0,160
combined,50,10,181.0,167.0,160
combined,50,11,181.0,168.0,160
combined,50,12,181.0,155.0,160
combined,50,13,181.0,160.0,160
combined,50,14,181.0,173.0,160
combined,50,15,181.0,175.0,160
combined,50,16,181.0,151.0,160
combined,50,17,181.0,194.0,160
combined,50,18,181.0,159.0,160
combined,50,19,181.0,178.0,160
combined,50,20,181.0,174.0,160
combined,50,21,181.0,144.0,160
combined,50,22,181.0,188.0,160
combined,50,23,181.0,186.0,160
combined,50,24,181.0,157.0,160
combined,50,25,181.0,170.0,160
combined,50,26,181.0,169.0,160
combined,50,27,181.0,164.0,160
combined,50,28,181.0,180.0,160
combined,50,29,181.0,158.0,160
combined,50,30,181.0,175.0,160
combined,50,31,181.0,169.0,160
combined,50,32,181.0,161.0,160
combined,50,33,181.0,191.0,160
combined,50,34,181.0,176.0,160
combined,50,35,181.0,178.0,160
combined,50,36,181.0,185.0,160
combined,50,37,181.0,189.0,160
combined,50,38,181.0,178.0,160
combined,50,39,181.0,166.0,160
combined,50,40,181.0,162.0,160
combined,50,41,181.0,188.0,160
combined,50,42,181.0,185.0,160
combined,50,43,181.0,163.0,160
combined,50,44,181.0,146.0,160
combined,50,45,181.0,159.0,160
combined,50,46,181.0,162.0,160
combined,50,47,181.0,173.0,160
combined,50,48,181.0,181.0,160
combined,50,49,181.0,172.0,160
combined,30,0,159.0,145.0,160
combined,30,1,159.0,147.0,160
combined,30,2,159.0,150.0,160
combined,30,3,159.0,149.0,160
combined,30,4,159.0,166.0,160
combined,30,5,159.0,141.0,160
combined,30,6,159.0,154.0,160
combined,30,7,159.0,172.0,160
combined,30,8,159.0,124.0,160
combined,30,9,159.0,156.0,160
combined,30,10,159.0,135.0,160
combined,30,11,159.0,130.0,160
combined,30,12,159.0,164.0,160
combined,30,13,159.0,131.0,160
combined,30,14,159.0,151.0,160
combined,30,15,159.0,149.0,160
combined,30,16,159.0,136.0,160
combined,30,17,159.0,135.0,160
combined,30,18,159.0,146.0,160
combined,30,19,159.0,158.0,160
combined,30,20,159.0,159.0,160
combined,30,21,159.0,170.0,160
combined,30,22,159.0,166.0,160
combined,30,23,159.0,147.0,160
combined,30,24,159.0,135.0,160
combined,30,25,159.0,180.0,160
combined,30,26,159.0,176.0,160
combined,30,27,159.0,169.0,160
combined,30,28,159.0,168.0,160
combined,30,29,159.0,157.0,160
combined,30,30,159.0,152.0,160
combined,30,31,159.0,165.0,160
combined,30,32,159.0,146.0,160
combined,30,33,159.0,157.0,160
combined,30,34,159.0,180.0,160
combined,30,35,159.0,140.0,160
combined,30,36,159.0,114.0,160
combined,30,37,159.0,149.0,160
combined,30,38,159.0,174.0,160
combined,30,39,159.0,145.0,160
combined,30,40,159.0,138.0,160
combined,30,41,159.0,187.0,160
combined,30,42,159.0,146.0,160
combined,30,43,159.0,143.0,160
combined,30,44,159.0,138.0,160
combined,30,45,159.0,176.0,160
combined,30,46,159.0,157.0,160
combined,30,47,159.0,145.0,160
combined,30,48,159.0,164.0,160
combined,30,49,159.0,116.0,160
combined,85,0,148.0,141.0,160
combined,85,1,148.0,139.0,160
combined,85,2,148.0,174.0,160
combined,85,3,148.0,139.0,160
combined,85,4,148.0,153.0,160
combined,85,5,148.0,141.0,160
combined,85,6,148.0,145.0,160
combined,85,7,148.0,152.0,160
combined,85,8,148.0,166.0,160
combined,85,9,148.0,148.0,160
combined,85,10,148.0,151.0,160
combined,85,11,148.0,129.0,160
combined,85,12,148.0,134.0,160
combined,85,13,148.0,156.0,160
combined,85,14,148.0,145.0,160
combined,85,15,148.0,175.0,160
combined,85,16,148.0,144.0,160
combined,85,17,148.0,143.0,160
combined,85,18,148.0,154.0,160
combined,85,19,148.0,146.0,160
combined,85,20,148.0,137.0,160
combined,85,21,148.0,171.0,160
combined,85,22,148.0,163.0,160
combined,85,23,148.0,127.0,160
combined,85,24,148.0,146.0,160
combined,85,25,148.0,148.0,160
combined,85,26,148.0,144.0,160
combined,85,27,148.0,157.0,160
combined,85,28,148.0,161.0,160
combined,85,29,148.0,158.0,160
combined,85,30,148.0,132.0,160
combined,85,31,148.0,154.0,160
combined,85,32,148.0,149.0,160
combined,85,33,148.0,154.0,160
combined,85,34,148.0,150.0,160
combined,85,35,148.0,175.0,160
combined,85,36,148.0,154.0,160
combined,85,37,148.0,158.0,160
combined,85,38,148.0,149.0,160
combined,85,39,148.0,166.0,160
combined,85,40,148.0,152.0,160
combined,85,41,148.0,140.0,160
combined,85,42,148.0,142.0,160
combined,85,43,148.0,162.0,160
combined,85,44,148.0,127.0,160
combined,85,45,148.0,124.0,160
combined,85,46,148.0,160.0,160
combined,85,47,148.0,169.0,160
combined,85,48,148.0,147.0,160
combined,85,49,148.0,142.0,160
combined,57,0,155.0,130.0,160
combined,57,1,155.0,168.0,160
combined,57,2,155.0,136.0,160
combined,57,3,155.0,146.0,160
combined,57,4,155.0,190.0,160
combined,57,5,155.0,148.0,160
combined,57,6,155.0,145.0,160
combined,57,7,155.0,174.0,160
combined,57,8,155.0,139.0,160
combined,57,9,155.0,131.0,160
combined,57,10,155.0,155.0,160
combined,57,11,155.0,135.0,160
combined,57,12,155.0,139.0,160
combined,57,13,155.0,143.0,160
combined,57,14,155.0,156.0,160
combined,57,15,155.0,158.0,160
combined,57,16,155.0,156.0,160
combined,57,17,155.0,144.0,160
combined,57,18,155.0,167.0,160
combined,57,19,155.0,140.0,160
combined,57,20,155.0,167.0,160
combined,57,21,155.0,173.0,160
combined,57,22,155.0,152.0,160
combined,57,23,155.0,188.0,160
combined,57,24,155.0,156.0,160
combined,57,25,155.0,187.0,160
combined,57,26,155.0,163.0,160
combined,57,27,155.0,137.0,160
combined,57,28,155.0,157.0,160
combined,57,29,155.0,169.0,160
combined,57,30,155.0,148.0,160
combined,57,31,155.0,151.0,160
combined,57,32,155.0,162.0,160
combined,57,33,155.0,188.0,160
combined,57,34,155.0,158.0,160
combined,57,35,155.0,151.0,160
combined,57,36,155.0,163.0,160
combined,57,37,155.0,141.0,160
combined,57,38,155.0,158.0,160
combined,57,39,155.0,164.0,160
combined,57,40,155.0,177.0,160
combined,57,41,155.0,177.0,160
combined,57,42,155.0,156.0,160
combined,57,43,155.0,142.0,160
combined,57,44,155.0,163.0,160
combined,57,45,155.0,152.0,160
combined,57,46,155.0,174.0,160
combined,57,47,155.0,150.0,160
combined,57,48,155.0,168.0,160
combined,57,49,155.0,193.0,160
combined,95,0,179.0,179.0,160
combined,95,1,179.0,200.0,160
combined,95,2,179.0,152.0,160
combined,95,3,179.0,165.0,160
combined,95,4,179.0,186.0,160
combined,95,5,179.0,169.0,160
combined,95,6,179.0,147.0,160
combined,95,7,179.0,160.0,160
combined,95,8,179.0,171.0,160
combined,95,9,179.0,173.0,160
combined,95,10,179.0,176.0,160
combined,95,11,179.0,154.0,160
combined,95,12,179.0,192.0,160
combined,95,13,179.0,167.0,160
combined,95,14,179.0,166.0,160
combined,95,15,179.0,175.0,160
combined,95,16,179.0,168.0,160
combined,95,17,179.0,185.0,160
combined,95,18,179.0,189.0,160
combined,95,19,179.0,154.0,160
combined,95,20,179.0,191.0,160
combined,95,21,179.0,178.0,160
combined,95,22,179.0,171.0,160
combined,95,23,179.0,159.0,160
combined,95,24,179.0,166.0,160
combined,95,25,179.0,187.0,160
combined,95,26,179.0,138.0,160
combined,95,27,179.0,189.0,160
combined,95,28,179.0,174.0,160
combined,95,29,179.0,174.0,160
combined,95,30,179.0,165.0,160
combined,95,31,179.0,173.0,160
combined,95,32,179.0,162.0,160
combined,95,33,179.0,152.0,160
combined,95,34,179.0,179.0,160
combined,95,35,179.0,175.0,160
combined,95,36,179.0,192.0,160
combined,95,37,179.0,174.0,160
combined,95,38,179.0,194.0,160
combined,95,39,179.0,157.0,160
combined,95,40,179.0,180.0,160
combined,95,41,179.0,190.0,160
combined,95,42,179.0,174.0,160
combined,95,43,179.0,171.0,160
combined,95,44,179.0,160.0,160
combined,95,45,179.0,156.0,160
combined,95,46,179.0,169.0,160
combined,95,47,179.0,188.0,160
combined,95,48,179.0,131.0,160
combined,95,49,179.0,157.0,160
combined,21,0,192.0,143.0,160
combined,21,1,192.0,122.0,160
combined,21,2,192.0,137.0,160
combined,21,3,192.0,149.0,160
combined,21,4,192.0,138.0,160
combined,21,5,192.0,143.0,160
combined,21,6,192.0,141.0,160
combined,21,7,192.0,154.0,160
combined,21,8,192.0,132.0,160
combined,21,9,192.0,156.0,160
combined,21,10,192.0,137.0,160
combined,21,11,192.0,126.0,160
combined,21,12,192.0,138.0,160
combined,21,13,192.0,150.0,160
combined,21,14,192.0,153.0,160
combined,21,15,192.0,107.0,160
combined,21,16,192.0,146.0,160
combined,21,17,192.0,120.0,160
combined,21,18,192.0,146.0,160
combined,21,19,192.0,146.0,160
combined,21,20,192.0,130.0,160
combined,21,21,192.0,108.0,160
combined,21,22,192.0,97.0,160
combined,21,23,192.0,166.0,160
combined,21,24,192.0,122.0,160
combined,21,25,192.0,156.0,160
combined,21,26,192.0,154.0,160
combined,21,27,192.0,97.0,160
combined,21,28,192.0,105.0,160
combined,21,29,192.0,173.0,160
combined,21,30,192.0,156.0,160
combined,21,31,192.0,131.0,160
combined,21,32,192.0,150.0,160
combined,21,33,192.0,179.0,160
combined,21,34,192.0,141.0,160
combined,21,35,192.0,141.0,160
combined,21,36,192.0,144.0,160
combined,21,37,192.0,156.0,160
combined,21,38,192.0,113.0,160
combined,21,39,192.0,144.0,160
combined,21,40,192.0,157.0,160
combined,21,41,192.0,157.0,160
combined,21,42,192.0,158.0,160
combined,21,43,192.0,148.0,160
combined,21,44,192.0,150.0,160
combined,21,45,192.0,116.0,160
combined,21,46,192.0,135.0,160
combined,21,47,192.0,145.0,160
combined,21,48,192.0,98.0,160
combined,21,49,192.0,163.0,160
combined,5,0,164.0,145.0,160
combined,5,1,164.0,141.0,160
combined,5,2,164.0,169.0,160
combined,5,3,164.0,165.0,160
combined,5,4,164.0,147.0,160
combined,5,5,164.0,141.0,160
combined,5,6,164.0,130.0,160
combined,5,7,164.0,137.0,160
combined,5,8,164.0,162.0,160
combined,5,9,164.0,114.0,160
combined,5,10,164.0,156.0,160
combined,5,11,164.0,149.0,160
combined,5,12,164.0,136.0,160
combined,5,13,164.0,125.0,160
combined,5,14,164.0,146.0,160
combined,5,15,164.0,158.0,160
combined,5,16,164.0,144.0,160
combined,5,17,164.0,162.0,160
combined,5,18,164.0,121.0,160
combined,5,19,164.0,145.0,160
combined,5,20,164.0,153.0,160
combined,5,21,164.0,172.0,160
combined,5,22,164.0,129.0,160
combined,5,23,164.0,132.0,160
combined,5,24,164.0,148.0,160
combined,5,25,164.0,160.0,160
combined,5,26,164.0,148.0,160
combined,5,27,164.0,160.0,160
combined,5,28,164.0,134.0,160
combined,5,29,164.0,160.0,160
combined,5,30,164.0,155.0,160
combined,5,31,164.0,125.0,160
combined,5,32,164.0,144.0,160
combined,5,33,164.0,150.0,160
combined,5,34,164.0,149.0,160
combined,5,35,164.0,155.0,160
combined,5,36,164.0,168.0,160
combined,5,37,164.0,146.0,160
combined,5,38,164.0,136.0,160
combined,5,39,164.0,156.0,160
combined,5,40,164.0,144.0,160
combined,5,41,164.0,150.0,160
combined,5,42,164.0,149.0,160
combined,5,43,164.0,131.0,160
combined,5,44,164.0,134.0,160
combined,5,45,164.0,146.0,160
combined,5,46,164.0,136.0,160
combined,5,47,164.0,134.0,160
combined,5,48,164.0,154.0,160
combined,5,49,164.0,144.0,160
combined,72,0,136.0,132.0,160
combined,72,1,136.0,131.0,160
combined,72,2,136.0,115.0,160
combined,72,3,136.0,141.0,160
combined,72,4,136.0,120.0,160
combined,72,5,136.0,125.0,160
combined,72,6,136.0,134.0,160
combined,72,7,136.0,126.0,160
combined,72,8,136.0,91.0,160
combined,72,9,136.0,109.0,160
combined,72,10,136.0,146.0,160
combined,72,11,136.0,122.0,160
combined,72,12,136.0,124.0,160
combined,72,13,136.0,102.0,160
combined,72,14,136.0,149.0,160
combined,72,15,136.0,133.0,160
combined,72,16,136.0,119.0,160
combined,72,17,136.0,159.0,160
combined,72,18,136.0,102.0,160
combined,72,19,136.0,139.0,160
combined,72,20,136.0,178.0,160
combined,72,21,136.0,148.0,160
combined,72,22,136.0,104.0,160
combined,72,23,136.0,167.0,160
combined,72,24,136.0,124.0,160
combined,72,25,136.0,105.0,160
combined,72,26,136.0,118.0,160
combined,72,27,136.0,145.0,160
combined,72,28,136.0,171.0,160
combined,72,29,136.0,141.0,160
combined,72,30,136.0,144.0,160
combined,72,31,136.0,148.0,160
combined,72,32,136.0,109.0,160
combined,72,33,136.0,138.0,160
combined,72,34,136.0,93.0,160
combined,72,35,136.0,161.0,160
combined,72,36,136.0,110.0,160
combined,72,37,136.0,130.0,160
combined,72,38,136.0,117.0,160
combined,72,39,136.0,121.0,160
combined,72,40,136.0,114.0,160
combined,72,41,136.0,149.0,160
combined,72,42,136.0,137.0,160
combined,72,43,136.0,121.0,160
combined,72,44,136.0,126.0,160
combined,72,45,136.0,117.0,160
combined,72,46,136.0,136.0,160
combined,72,47,136.0,129.0,160
combined,72,48,136.0,131.0,160
combined,72,49,136.0,116.0,160
combined,22,0,180.0,171.0,160
combined,22,1,180.0,174.0,160
combined,22,2,180.0,191.0,160
combined,22,3,180.0,191.0,160
combined,22,4,180.0,166.0,160
combined,22,5,180.0,182.0,160
combined,22,6,180.0,162.0,160
combined,22,7,180.0,177.0,160
combined,22,8,180.0,193.0,160
combined,22,9,180.0,183.0,160
combined,22,10,180.0,159.0,160
combined,22,11,180.0,194.0,160
combined,22,12,180.0,159.0,160
combined,22,13,180.0,181.0,160
combined,22,14,180.0,188.0,160
combined,22,15,180.0,170.0,160
combined,22,16,180.0,187.0,160
combined,22,17,180.0,175.0,160
combined,22,18,180.0,173.0,160
combined,22,19,180.0,196.0,160
combined,22,20,180.0,198.0,160
combined,22,21,180.0,198.0,160
combined,22,22,180.0,182.0,160
combined,22,23,180.0,182.0,160
combined,22,24,180.0,161.0,160
combined,22,25,180.0,182.0,160
combined,22,26,180.0,178.0,160
combined,22,27,180.0,173.0,160
combined,22,28,180.0,199.0,160
combined,22,29,180.0,182.0,160
combined,22,30,180.0,166.0,160
combined,22,31,180.0,180.0,160
combined,22,32,180.0,171.0,160
combined,22,33,180.0,168.0,160
combined,22,34,180.0,182.0,160
combined,22,35,180.0,170.0,160
combined,22,36,180.0,164.0,160
combined,22,37,180.0,179.0,160
combined,22,38,180.0,182.0,160
combined,22,39,180.0,184.0,160
combined,22,40,180.0,173.0,160
combined,22,41,180.0,184.0,160
combined,22,42,180.0,151.0,160
combined,22,43,180.0,197.0,160
combined,22,44,180.0,177.0,160
combined,22,45,180.0,166.0,160
combined,22,46,180.0,189.0,160
combined,22,47,180.0,172.0,160
combined,22,48,180.0,177.0,160
combined,22,49,180.0,206.0,160
combined,87,0,183.0,160.0,160
combined,87,1,183.0,168.0,160
combined,87,2,183.0,167.0,160
combined,87,3,183.0,148.0,160
combined,87,4,183.0,153.0,160
combined,87,5,183.0,175.0,160
combined,87,6,183.0,163.0,160
combined,87,7,183.0,151.0,160
combined,87,8,183.0,164.0,160
combined,87,9,183.0,157.0,160
combined,87,10,183.0,161.0,160
combined,87,11,183.0,149.0,160
combined,87,12,183.0,156.0,160
combined,87,13,183.0,130.0,160
combined,87,14,183.0,135.0,160
combined,87,15,183.0,152.0,160
combined,87,16,183.0,157.0,160
combined,87,17,183.0,143.0,160
combined,87,18,183.0,182.0,160
combined,87,19,183.0,190.0,160
combined,87,20,183.0,166.0,160
combined,87,21,183.0,183.0,160
combined,87,22,183.0,164.0,160
combined,87,23,183.0,174.0,160
combined,87,24,183.0,151.0,160
combined,87,25,183.0,137.0,160
combined,87,26,183.0,140.0,160
combined,87,27,183.0,139.0,160
combined,87,28,183.0,144.0,160
combined,87,29,183.0,170.0,160
combined,87,30,183.0,175.0,160
combined,87,31,183.0,173.0,160
combined,87,32,183.0,140.0,160
combined,87,33,183.0,145.0,160
combined,87,34,183.0,192.0,160
combined,87,35,183.0,169.0,160
combined,87,36,183.0,165.0,160
combined,87,37,183.0,144.0,160
combined,87,38,183.0,148.0,160
combined,87,39,183.0,169.0,160
combined,87,40,183.0,156.0,160
combined,87,41,183.0,160.0,160
combined,87,42,183.0,187.0,160
combined,87,43,183.0,148.0,160
combined,87,44,183.0,170.0,160
combined,87,45,183.0,163.0,160
combined,87,46,183.0,150.0,160
combined,87,47,183.0,181.0,160
combined,87,48,183.0,157.0,160
combined,87,49,183.0,154.0,160
combined,3,0,173.0,125.0,160
combined,3,1,173.0,105.0,160
combined,3,2,173.0,129.0,160
combined,3,3,173.0,154.0,160
combined,3,4,173.0,147.0,160
combined,3,5,173.0,138.0,160
combined,3,6,173.0,147.0,160
combined,3,7,173.0,140.0,160
combined,3,8,173.0,107.0,160
combined,3,9,173.0,159.0,160
combined,3,10,173.0,142.0,160
combined,3,11,173.0,131.0,160
combined,3,12,173.0,158.0,160
combined,3,13,173.0,117.0,160
combined,3,14,173.0,100.0,160
combined,3,15,173.0,149.0,160
combined,3,16,173.0,137.0,160
combined,3,17,173.0,122.0,160
combined,3,18,173.0,130.0,160
combined,3,19,173.0,153.0,160
combined,3,20,173.0,139.0,160
combined,3,21,173.0,113.0,160
combined,3,22,173.0,155.0,160
combined,3,23,173.0,117.0,160
combined,3,24,173.0,136.0,160
combined,3,25,173.0,124.0,160
combined,3,26,173.0,102.0,160
combined,3,27,173.0,121.0,160
combined,3,28,173.0,142.0,160
combined,3,29,173.0,127.0,160
combined,3,30,173.0,146.0,160
combined,3,31,173.0,126.0,160
combined,3,32,173.0,126.0,160
combined,3,33,173.0,137.0,160
combined,3,34,173.0,126.0,160
combined,3,35,173.0,160.0,160
combined,3,36,173.0,135.0,160
combined,3,37,173.0,125.0,160
combined,3,38,173.0,145.0,160
combined,3,39,173.0,114.0,160
combined,3,40,173.0,124.0,160
combined,3,41,173.0,143.0,160
combined,3,42,173.0,147.0,160
combined,3,43,173.0,145.0,160
combined,3,44,173.0,131.0,160
combined,3,45,173.0,147.0,160
combined,3,46,173.0,101.0,160
combined,3,47,173.0,108.0,160
combined,3,48,173.0,113.0,160
combined,3,49,173.0,128.0,160
combined,15,0,128.0,135.0,160
combined,15,1,128.0,112.0,160
combined,15,2,128.0,145.0,160
combined,15,3,128.0,134.0,160
combined,15,4,128.0,119.0,160
combined,15,5,128.0,162.0,160
combined,15,6,128.0,103.0,160
combined,15,7,128.0,133.0,160
combined,15,8,128.0,136.0,160
combined,15,9,128.0,127.0,160
combined,15,10,128.0,129.0,160
combined,15,11,128.0,106.0,160
combined,15,12,128.0,124.0,160
combined,15,13,128.0,149.0,160
combined,15,14,128.0,132.0,160
combined,15,15,128.0,140.0,160
combined,15,16,128.0,163.0,160
combined,15,17,128.0,109.0,160
combined,15,18,128.0,87.0,160
combined,15,19,128.0,174.0,160
combined,15,20,128.0,148.0,160
combined,15,21,128.0,129.0,160
combined,15,22,128.0,146.0,160
combined,15,23,128.0,135.0,160
combined,15,24,128.0,110.0,160
combined,15,25,128.0,136.0,160
combined,15,26,128.0,83.0,160
combined,15,27,128.0,124.0,160
combined,15,28,128.0,122.0,160
combined,15,29,128.0,114.0,160
combined,15,30,128.0,140.0,160
combined,15,31,128.0,133.0,160
combined,15,32,128.0,104.0,160
combined,15,33,128.0,118.0,160
combined,15,34,128.0,134.0,160
combined,15,35,128.0,102.0,160
combined,15,36,128.0,108.0,160
combined,15,37,128.0,169.0,160
combined,15,38,128.0,83.0,160
combined,15,39,128.0,120.0,160
combined,15,40,128.0,141.0,160
combined,15,41,128.0,142.0,160
combined,15,42,128.0,106.0,160
combined,15,43,128.0,119.0,160
combined,15,44,128.0,142.0,160
combined,15,45,128.0,121.0,160
combined,15,46,128.0,119.0,160
combined,15,47,128.0,129.0,160
combined,15,48,128.0,132.0,160
combined,15,49,128.0,146.0,160
combined,60,0,179.0,176.0,160
combined,60,1,179.0,170.0,160
combined,60,2,179.0,179.0,160
combined,60,3,179.0,162.0,160
combined,60,4,179.0,190.0,160
combined,60,5,179.0,187.0,160
combined,60,6,179.0,204.0,160
combined,60,7,179.0,189.0,160
combined,60,8,179.0,170.0,160
combined,60,9,179.0,176.0,160
combined,60,10,179.0,186.0,160
combined,60,11,179.0,184.0,160
combined,60,12,179.0,170.0,160
combined,60,13,179.0,186.0,160
combined,60,14,179.0,165.0,160
combined,60,15,179.0,173.0,160
combined,60,16,179.0,169.0,160
combined,60,17,179.0,182.0,160
combined,60,18,179.0,173.0,160
combined,60,19,179.0,176.0,160
combined,60,20,179.0,182.0,160
combined,60,21,179.0,193.0,160
combined,60,22,179.0,175.0,160
combined,60,23,179.0,159.0,160
combined,60,24,179.0,180.0,160
combined,60,25,179.0,198.0,160
combined,60,26,179.0,181.0,160
combined,60,27,179.0,156.0,160
combined,60,28,179.0,174.0,160
combined,60,29,179.0,174.0,160
combined,60,30,179.0,164.0,160
combined,60,31,179.0,160.0,160
combined,60,32,179.0,188.0,160
combined,60,33,179.0,169.0,160
combined,60,34,179.0,168.0,160
combined,60,35,179.0,169.0,160
combined,60,36,179.0,162.0,160
combined,60,37,179.0,163.0,160
combined,60,38,179.0,165.0,160
combined,60,39,179.0,185.0,160
combined,60,40,179.0,160.0,160
combined,60,41,179.0,172.0,160
combined,60,42,179.0,174.0,160
combined,60,43,179.0,177.0,160
combined,60,44,179.0,163.0,160
combined,60,45,179.0,159.0,160
combined,60,46,179.0,171.0,160
combined,60,47,179.0,165.0,160
combined,60,48,179.0,145.0,160
combined,60,49,179.0,174.0,160
combined,16,0,162.0,160.0,160
combined,16,1,162.0,171.0,160
combined,16,2,162.0,174.0,160
combined,16,3,162.0,178.0,160
combined,16,4,162.0,186.0,160
combined,16,5,162.0,176.0,160
combined,16,6,162.0,170.0,160
combined,16,7,162.0,156.0,160
combined,16,8,162.0,180.0,160
combined,16,9,162.0,186.0,160
combined,16,10,162.0,158.0,160
combined,16,11,162.0,158.0,160
combined,16,12,162.0,152.0,160
combined,16,13,162.0,182.0,160
combined,16,14,162.0,164.0,160
combined,16,15,162.0,157.0,160
combined,16,16,162.0,184.0,160
combined,16,17,162.0,165.0,160
combined,16,18,162.0,144.0,160
combined,16,19,162.0,170.0,160
combined,16,20,162.0,166.0,160
combined,16,21,162.0,140.0,160
combined,16,22,162.0,168.0,160
combined,16,23,162.0,172.0,160
combined,16,24,162.0,189.0,160
combined,16,25,162.0,188.0,160
combined,16,26,162.0,167.0,160
combined,16,27,162.0,169.0,160
combined,16,28,162.0,159.0,160
combined,16,29,162.0,183.0,160
combined,16,30,162.0,179.0,160
combined,16,31,162.0,146.0,160
combined,16,32,162.0,160.0,160
combined,16,33,162.0,146.0,160
combined,16,34,162.0,162.0,160
combined,16,35,162.0,171.0,160
combined,16,36,162.0,176.0,160
combined,16,37,162.0,182.0,160
combined,16,38,162.0,171.0,160
combined,16,39,162.0,176.0,160
combined,16,40,162.0,158.0,160
combined,16,41,162.0,175.0,160
combined,16,42,162.0,153.0,160
combined,16,43,162.0,188.0,160
combined,16,44,162.0,166.0,160
combined,16,45,162.0,157.0,160
combined,16,46,162.0,176.0,160
combined,16,47,162.0,153.0,160
combined,16,48,162.0,142.0,160
combined,16,49,162.0,175.0,160
combined,11,0,192.0,202.0,160
combined,11,1,192.0,162.0,160
combined,11,2,192.0,196.0,160
combined,11,3,192.0,181.0,160
combined,11,4,192.0,189.0,160
combined,11,5,192.0,174.0,160
combined,11,6,192.0,182.0,160
combined,11,7,192.0,206.0,160
combined,11,8,192.0,171.0,160
combined,11,9,192.0,197.0,160
combined,11,10,192.0,187.0,160
combined,11,11,192.0,182.0,160
combined,11,12,192.0,180.0,160
combined,11,13,192.0,174.0,160
combined,11,14,192.0,191.0,160
combined,11,15,192.0,190.0,160
combined,11,16,192.0,196.0,160
combined,11,17,192.0,181.0,160
combined,11,18,192.0,209.0,160
combined,11,19,192.0,186.0,160
combined,11,20,192.0,179.0,160
combined,11,21,192.0,186.0,160
combined,11,22,192.0,162.0,160
combined,11,23,192.0,173.0,160
combined,11,24,192.0,195.0,160
combined,11,25,192.0,200.0,160
combined,11,26,192.0,161.0,160
combined,11,27,192.0,191.0,160
combined,11,28,192.0,202.0,160
combined,11,29,192.0,182.0,160
combined,11,30,192.0,194.0,160
combined,11,31,192.0,183.0,160
combined,11,32,192.0,195.0,160
combined,11,33,192.0,186.0,160
combined,11,34,192.0,197.0,160
combined,11,35,192.0,175.0,160
combined,11,36,192.0,165.0,160
combined,11,37,192.0,179.0,160
combined,11,38,192.0,195.0,160
combined,11,39,192.0,189.0,160
combined,11,40,192.0,206.0,160
combined,11,41,192.0,187.0,160
combined,11,42,192.0,190.0,160
combined,11,43,192.0,194.0,160
combined,11,44,192.0,180.0,160
combined,11,45,192.0,201.0,160
combined,11,46,192.0,201.0,160
combined,11,47,192.0,186.0,160
combined,11,48,192.0,183.0,160
combined,11,49,192.0,198.0,160
combined,83,0,135.0,161.0,160
combined,83,1,135.0,154.0,160
combined,83,2,135.0,137.0,160
combined,83,3,135.0,132.0,160
combined,83,4,135.0,121.0,160
combined,83,5,135.0,140.0,160
combined,83,6,135.0,118.0,160
combined,83,7,135.0,125.0,160
combined,83,8,135.0,122.0,160
combined,83,9,135.0,141.0,160
combined,83,10,135.0,141.0,160
combined,83,11,135.0,168.0,160
combined,83,12,135.0,156.0,160
combined,83,13,135.0,89.0,160
combined,83,14,135.0,120.0,160
combined,83,15,135.0,129.0,160
combined,83,16,135.0,129.0,160
combined,83,17,135.0,120.0,160
combined,83,18,135.0,139.0,160
combined,83,19,135.0,140.0,160
combined,83,20,135.0,129.0,160
combined,83,21,135.0,132.0,160
combined,83,22,135.0,136.0,160
combined,83,23,135.0,117.0,160
combined,83,24,135.0,92.0,160
combined,83,25,135.0,134.0,160
combined,83,26,135.0,109.0,160
combined,83,27,135.0,112.0,160
combined,83,28,135.0,133.0,160
combined,83,29,135.0,134.0,160
combined,83,30,135.0,121.0,160
combined,83,31,135.0,132.0,160
combined,83,32,135.0,97.0,160
combined,83,33,135.0,121.0,160
combined,83,34,135.0,116.0,160
combined,83,35,135.0,163.0,160
combined,83,36,135.0,146.0,160
combined,83,37,135.0,127.0,160
combined,83,38,135.0,152.0,160
combined,83,39,135.0,118.0,160
combined,83,40,135.0,150.0,160
combined,83,41,135.0,117.0,160
combined,83,42,135.0,156.0,160
combined,83,43,135.0,128.0,160
combined,83,44,135.0,140.0,160
combined,83,45,135.0,101.0,160
combined,83,46,135.0,113.0,160
combined,83,47,135.0,101.0,160
combined,83,48,135.0,147.0,160
combined,83,49,135.0,165.0,160
combined,66,0,167.0,177.0,160
combined,66,1,167.0,158.0,160
combined,66,2,167.0,162.0,160
combined,66,3,167.0,142.0,160
combined,66,4,167.0,132.0,160
combined,66,5,167.0,159.0,160
combined,66,6,167.0,117.0,160
combined,66,7,167.0,149.0,160
combined,66,8,167.0,141.0,160
combined,66,9,167.0,147.0,160
combined,66,10,167.0,165.0,160
combined,66,11,167.0,150.0,160
combined,66,12,167.0,159.0,160
combined,66,13,167.0,155.0,160
combined,66,14,167.0,166.0,160
combined,66,15,167.0,161.0,160
combined,66,16,167.0,150.0,160
combined,66,17,167.0,166.0,160
combined,66,18,167.0,180.0,160
combined,66,19,167.0,163.0,160
combined,66,20,167.0,153.0,160
combined,66,21,167.0,133.0,160
combined,66,22,167.0,158.0,160
combined,66,23,167.0,146.0,160
combined,66,24,167.0,169.0,160
combined,66,25,167.0,142.0,160
combined,66,26,167.0,108.0,160
combined,66,27,167.0,150.0,160
combined,66,28,167.0,105.0,160
combined,66,29,167.0,152.0,160
combined,66,30,167.0,168.0,160
combined,66,31,167.0,137.0,160
combined,66,32,167.0,171.0,160
combined,66,33,167.0,151.0,160
combined,66,34,167.0,177.0,160
combined,66,35,167.0,179.0,160
combined,66,36,167.0,113.0,160
combined,66,37,167.0,157.0,160
combined,66,38,167.0,135.0,160
combined,66,39,167.0,116.0,160
combined,66,40,167.0,164.0,160
combined,66,41,167.0,154.0,160
combined,66,42,167.0,136.0,160
combined,66,43,167.0,177.0,160
combined,66,44,167.0,146.0,160
combined,66,45,167.0,139.0,160
combined,66,46,167.0,144.0,160
combined,66,47,167.0,147.0,160
combined,66,48,167.0,174.0,160
combined,66,49,167.0,148.0,160
combined,25,0,138.0,126.0,160
combined,25,1,138.0,186.0,160
combined,25,2,138.0,166.0,160
combined,25,3,138.0,161.0,160
combined,25,4,138.0,163.0,160
combined,25,5,138.0,152.0,160
combined,25,6,138.0,150.0,160
combined,25,7,138.0,170.0,160
combined,25,8,138.0,145.0,160
combined,25,9,138.0,170.0,160
combined,25,10,138.0,147.0,160
combined,25,11,138.0,129.0,160
combined,25,12,138.0,181.0,160
combined,25,13,138.0,165.0,160
combined,25,14,138.0,168.0,160
combined,25,15,138.0,154.0,160
combined,25,16,138.0,160.0,160
combined,25,17,138.0,156.0,160
combined,25,18,138.0,176.0,160
combined,25,19,138.0,184.0,160
combined,25,20,138.0,188.0,160
combined,25,21,138.0,179.0,160
combined,25,22,138.0,177.0,160
combined,25,23,138.0,150.0,160
combined,25,24,138.0,140.0,160
combined,25,25,138.0,157.0,160
combined,25,26,138.0,158.0,160
combined,25,27,138.0,162.0,160
combined,25,28,138.0,146.0,160
combined,25,29,138.0,166.0,160
combined,25,30,138.0,159.0,160
combined,25,31,138.0,169.0,160
combined,25,32,138.0,121.0,160
combined,25,33,138.0,157.0,160
combined,25,34,138.0,158.0,160
combined,25,35,138.0,161.0,160
combined,25,36,138.0,130.0,160
combined,25,37,138.0,188.0,160
combined,25,38,138.0,174.0,160
combined,25,39,138.0,167.0,160
combined,25,40,138.0,184.0,160
combined,25,41,138.0,164.0,160
combined,25,42,138.0,190.0,160
combined,25,43,138.0,174.0,160
combined,25,44,138.0,125.0,160
combined,25,45,138.0,156.0,160
combined,25,46,138.0,149.0,160
combined,25,47,138.0,167.0,160
combined,25,48,138.0,154.0,160
combined,25,49,138.0,161.0,160
combined,2,0,159.0,147.0,160
combined,2,1,159.0,116.0,160
combined,2,2,159.0,127.0,160
combined,2,3,159.0,133.0,160
combined,2,4,159.0,131.0,160
combined,2,5,159.0,159.0,160
combined,2,6,159.0,181.0,160
combined,2,7,159.0,130.0,160
combined,2,8,159.0,159.0,160
combined,2,9,159.0,158.0,160
combined,2,10,159.0,137.0,160
combined,2,11,159.0,148.0,160
combined,2,12,159.0,131.0,160
combined,2,13,159.0,163.0,160
combined,2,14,159.0,154.0,160
combined,2,15,159.0,135.0,160
combined,2,16,159.0,149.0,160
combined,2,17,159.0,139.0,160
combined,2,18,159.0,152.0,160
combined,2,19,159.0,115.0,160
combined,2,20,159.0,162.0,160
combined,2,21,159.0,149.0,160
combined,2,22,159.0,166.0,160
combined,2,23,159.0,172.0,160
combined,2,24,159.0,107.0,160
combined,2,25,159.0,132.0,160
combined,2,26,159.0,171.0,160
combined,2,27,159.0,152.0,160
combined,2,28,159.0,127.0,160
combined,2,29,159.0,148.0,160
combined,2,30,159.0,147.0,160
combined,2,31,159.0,165.0,160
combined,2,32,159.0,164.0,160
combined,2,33,159.0,102.0,160
combined,2,34,159.0,142.0,160
combined,2,35,159.0,132.0,160
combined,2,36,159.0,177.0,160
combined,2,37,159.0,163.0,160
combined,2,38,159.0,113.0,160
combined,2,39,159.0,154.0,160
combined,2,40,159.0,173.0,160
combined,2,41,159.0,131.0,160
combined,2,42,159.0,123.0,160
combined,2,43,159.0,149.0,160
combined,2,44,159.0,162.0,160
combined,2,45,159.0,145.0,160
combined,2,46,159.0,152.0,160
combined,2,47,159.0,154.0,160
combined,2,48,159.0,128.0,160
combined,2,49,159.0,156.0,160
combined,91,0,178.0,146.0,160
combined,91,1,178.0,162.0,160
combined,91,2,178.0,167.0,160
combined,91,3,178.0,151.0,160
combined,91,4,178.0,180.0,160
combined,91,5,178.0,149.0,160
combined,91,6,178.0,168.0,160
combined,91,7,178.0,157.0,160
combined,91,8,178.0,156.0,160
combined,91,9,178.0,148.0,160
combined,91,10,178.0,136.0,160
combined,91,11,178.0,159.0,160
combined,91,12,178.0,149.0,160
combined,91,13,178.0,163.0,160
combined,91,14,178.0,199.0,160
combined,91,15,178.0,152.0,160
combined,91,16,178.0,167.0,160
combined,91,17,178.0,170.0,160
combined,91,18,178.0,174.0,160
combined,91,19,178.0,182.0,160
combined,91,20,178.0,177.0,160
combined,91,21,178.0,164.0,160
combined,91,22,178.0,156.0,160
combined,91,23,178.0,197.0,160
combined,91,24,178.0,155.0,160
combined,91,25,178.0,163.0,160
combined,91,26,178.0,154.0,160
combined,91,27,178.0,172.0,160
combined,91,28,178.0,136.0,160
combined,91,29,178.0,167.0,160
combined,91,30,178.0,165.0,160
combined,91,31,178.0,169.0,160
combined,91,32,178.0,177.0,160
combined,91,33,178.0,174.0,160
combined,91,34,178.0,161.0,160
combined,91,35,178.0,160.0,160
combined,91,36,178.0,214.0,160
combined,91,37,178.0,176.0,160
combined,91,38,178.0,163.0,160
combined,91,39,178.0,158.0,160
combined,91,40,178.0,148.0,160
combined,91,41,178.0,185.0,160
combined,91,42,178.0,147.0,160
combined,91,43,178.0,173.0,160
combined,91,44,178.0,179.0,160
combined,91,45,178.0,175.0,160
combined,91,46,178.0,210.0,160
combined,91,47,178.0,190.0,160
combined,91,48,178.0,139.0,160
combined,91,49,178.0,162.0,160
combined,19,0,141.0,161.0,160
combined,19,1,141.0,139.0,160
combined,19,2,141.0,132.0,160
combined,19,3,141.0,156.0,160
combined,19,4,141.0,156.0,160
combined,19,5,141.0,112.0,160
combined,19,6,141.0,158.0,160
combined,19,7,141.0,150.0,160
combined,19,8,141.0,154.0,160
combined,19,9,141.0,135.0,160
combined,19,10,141.0,131.0,160
combined,19,11,141.0,141.0,160
combined,19,12,141.0,153.0,160
combined,19,13,141.0,130.0,160
combined,19,14,141.0,155.0,160
combined,19,15,141.0,154.0,160
combined,19,16,141.0,139.0,160
combined,19,17,141.0,146.0,160
combined,19,18,141.0,156.0,160
combined,19,19,141.0,157.0,160
combined,19,20,141.0,114.0,160
combined,19,21,141.0,138.0,160
combined,19,22,141.0,136.0,160
combined,19,23,141.0,135.0,160
combined,19,24,141.0,157.0,160
combined,19,25,141.0,135.0,160
combined,19,26,141.0,178.0,160
combined,19,27,141.0,138.0,160
combined,19,28,141.0,150.0,160
combined,19,29,141.0,147.0,160
combined,19,30,141.0,138.0,160
combined,19,31,141.0,146.0,160
combined,19,32,141.0,136.0,160
combined,19,33,141.0,130.0,160
combined,19,34,141.0,146.0,160
combined,19,35,141.0,138.0,160
combined,19,36,141.0,159.0,160
combined,19,37,141.0,136.0,160
combined,19,38,141.0,157.0,160
combined,19,39,141.0,122.0,160
combined,19,40,141.0,139.0,160
combined,19,41,141.0,147.0,160
combined,19,42,141.0,164.0,160
combined,19,43,141.0,132.0,160
combined,19,44,141.0,142.0,160
combined,19,45,141.0,159.0,160
combined,19,46,141.0,119.0,160
combined,19,47,141.0,145.0,160
combined,19,48,141.0,122.0,160
combined,19,49,141.0,159.0,160
combined,90,0,138.0,121.0,160
combined,90,1,138.0,137.0,160
combined,90,2,138.0,138.0,160
combined,90,3,138.0,120.0,160
combined,90,4,138.0,166.0,160
combined,90,5,138.0,159.0,160
combined,90,6,138.0,164.0,160
combined,90,7,138.0,137.0,160
combined,90,8,138.0,153.0,160
combined,90,9,138.0,109.0,160
combined,90,10,138.0,107.0,160
combined,90,11,138.0,142.0,160
combined,90,12,138.0,143.0,160
combined,90,13,138.0,103.0,160
combined,90,14,138.0,135.0,160
combined,90,15,138.0,81.0,160
combined,90,16,138.0,114.0,160
combined,90,17,138.0,123.0,160
combined,90,18,138.0,146.0,160
combined,90,19,138.0,153.0,160
combined,90,20,138.0,119.0,160
combined,90,21,138.0,158.0,160
combined,90,22,138.0,122.0,160
combined,90,23,138.0,141.0,160
combined,90,24,138.0,129.0,160
combined,90,25,138.0,165.0,160
combined,90,26,138.0,105.0,160
combined,90,27,138.0,140.0,160
combined,90,28,138.0,130.0,160
combined,90,29,138.0,128.0,160
combined,90,30,138.0,153.0,160
combined,90,31,138.0,150.0,160
combined,90,32,138.0,180.0,160
combined,90,33,138.0,116.0,160
combined,90,34,138.0,123.0,160
combined,90,35,138.0,126.0,160
combined,90,36,138.0,157.0,160
combined,90,37,138.0,137.0,160
combined,90,38,138.0,111.0,160
combined,90,39,138.0,137.0,160
combined,90,40,138.0,145.0,160
combined,90,41,138.0,127.0,160
combined,90,42,138.0,131.0,160
combined,90,43,138.0,124.0,160
combined,90,44,138.0,143.0,160
combined,90,45,138.0,123.0,160
combined,90,46,138.0,123.0,160
combined,90,47,138.0,116.0,160
combined,90,48,138.0,136.0,160
combined,90,49,138.0,108.0,160
combined,69,0,170.0,165.0,160
combined,69,1,170.0,148.0,160
combined,69,2,170.0,151.0,160
combined,69,3,170.0,118.0,160
combined,69,4,170.0,167.0,160
combined,69,5,170.0,143.0,160
combined,69,6,170.0,172.0,160
combined,69,7,170.0,178.0,160
combined,69,8,170.0,164.0,160
combined,69,9,170.0,173.0,160
combined,69,10,170.0,173.0,160
combined,69,11,170.0,154.0,160
combined,69,12,170.0,168.0,160
combined,69,13,170.0,179.0,160
combined,69,14,170.0,184.0,160
combined,69,15,170.0,158.0,160
combined,69,16,170.0,154.0,160
combined,69,17,170.0,165.0,160
combined,69,18,170.0,158.0,160
combined,69,19,170.0,190.0,160
combined,69,20,170.0,128.0,160
combined,69,21,170.0,161.0,160
combined,69,22,170.0,164.0,160
combined,69,23,170.0,172.0,160
combined,69,24,170.0,169.0,160
combined,69,25,170.0,136.0,160
combined,69,26,170.0,195.0,160
combined,69,27,170.0,183.0,160
combined,69,28,170.0,130.0,160
combined,69,29,170.0,147.0,160
combined,69,30,170.0,159.0,160
combined,69,31,170.0,153.0,160
combined,69,32,170.0,183.0,160
combined,69,33,170.0,142.0,160
combined,69,34,170.0,185.0,160
combined,69,35,170.0,165.0,160
combined,69,36,170.0,161.0,160
combined,69,37,170.0,175.0,160
combined,69,38,170.0,149.0,160
combined,69,39,170.0,135.0,160
combined,69,40,170.0,156.0,160
combined,69,41,170.0,155.0,160
combined,69,42,170.0,177.0,160
combined,69,43,170.0,157.0,160
combined,69,44,170.0,159.0,160
combined,69,45,170.0,166.0,160
combined,69,46,170.0,160.0,160
combined,69,47,170.0,169.0,160
combined,69,48,170.0,179.0,160
combined,69,49,170.0,170.0,160
combined,31,0,177.0,157.0,160
combined,31,1,177.0,137.0,160
combined,31,2,177.0,153.0,160
combined,31,3,177.0,175.0,160
combined,31,4,177.0,149.0,160
combined,31,5,177.0,179.0,160
combined,31,6,177.0,166.0,160
combined,31,7,177.0,151.0,160
combined,31,8,177.0,175.0,160
combined,31,9,177.0,174.0,160
combined,31,10,177.0,156.0,160
combined,31,11,177.0,138.0,160
combined,31,12,177.0,179.0,160
combined,31,13,177.0,138.0,160
combined,31,14,177.0,179.0,160
combined,31,15,177.0,152.0,160
combined,31,16,177.0,154.0,160
combined,31,17,177.0,141.0,160
combined,31,18,177.0,181.0,160
combined,31,19,177.0,143.0,160
combined,31,20,177.0,164.0,160
combined,31,21,177.0,163.0,160
combined,31,22,177.0,146.0,160
combined,31,23,177.0,128.0,160
combined,31,24,177.0,162.0,160
combined,31,25,177.0,142.0,160
combined,31,26,177.0,158.0,160
combined,31,27,177.0,142.0,160
combined,31,28,177.0,166.0,160
combined,31,29,177.0,159.0,160
combined,31,30,177.0,156.0,160
combined,31,31,177.0,123.0,160
combined,31,32,177.0,147.0,160
combined,31,33,177.0,141.0,160
combined,31,34,177.0,159.0,160
combined,31,35,177.0,148.0,160
combined,31,36,177.0,176.0,160
combined,31,37,177.0,183.0,160
combined,31,38,177.0,157.0,160
combined,31,39,177.0,161.0,160
combined,31,40,177.0,146.0,160
combined,31,41,177.0,135.0,160
combined,31,42,177.0,191.0,160
combined,31,43,177.0,164.0,160
combined,31,44,177.0,114.0,160
combined,31,45,177.0,148.0,160
combined,31,46,177.0,152.0,160
combined,31,47,177.0,128.0,160
combined,31,48,177.0,139.0,160
combined,31,49,177.0,185.0,160
combined,6,0,158.0,136.0,160
combined,6,1,158.0,129.0,160
combined,6,2,158.0,140.0,160
combined,6,3,158.0,112.0,160
combined,6,4,158.0,132.0,160
combined,6,5,158.0,150.0,160
combined,6,6,158.0,143.0,160
combined,6,7,158.0,142.0,160
combined,6,8,158.0,143.0,160
combined,6,9,158.0,128.0,160
combined,6,10,158.0,150.0,160
combined,6,11,158.0,138.0,160
combined,6,12,158.0,148.0,160
combined,6,13,158.0,142.0,160
combined,6,14,158.0,119.0,160
combined,6,15,158.0,155.0,160
combined,6,16,158.0,139.0,160
combined,6,17,158.0,153.0,160
combined,6,18,158.0,147.0,160
combined,6,19,158.0,116.0,160
combined,6,20,158.0,140.0,160
combined,6,21,158.0,160.0,160
combined,6,22,158.0,162.0,160
combined,6,23,158.0,173.0,160
combined,6,24,158.0,154.0,160
combined,6,25,158.0,169.0,160
combined,6,26,158.0,172.0,160
combined,6,27,158.0,140.0,160
combined,6,28,158.0,155.0,160
combined,6,29,158.0,115.0,160
combined,6,30,158.0,142.0,160
combined,6,31,158.0,148.0,160
combined,6,32,158.0,125.0,160
combined,6,33,158.0,136.0,160
combined,6,34,158.0,116.0,160
combined,6,35,158.0,97.0,160
combined,6,36,158.0,109.0,160
combined,6,37,158.0,137.0,160
combined,6,38,158.0,176.0,160
combined,6,39,158.0,134.0,160
combined,6,40,158.0,157.0,160
combined,6,41,158.0,105.0,160
combined,6,42,158.0,156.0,160
combined,6,43,158.0,135.0,160
combined,6,44,158.0,139.0,160
combined,6,45,158.0,141.0,160
combined,6,46,158.0,150.0,160
combined,6,47,158.0,140.0,160
combined,6,48,158.0,137.0,160
combined,6,49,158.0,143.0,160
combined,62,0,186.0,163.0,160
combined,62,1,186.0,116.0,160
combined,62,2,186.0,124.0,160
combined,62,3,186.0,143.0,160
combined,62,4,186.0,177.0,160
combined,62,5,186.0,150.0,160
combined,62,6,186.0,144.0,160
combined,62,7,186.0,133.0,160
combined,62,8,186.0,140.0,160
combined,62,9,186.0,129.0,160
combined,62,10,186.0,192.0,160
combined,62,11,186.0,170.0,160
combined,62,12,186.0,141.0,160
combined,62,13,186.0,148.0,160
combined,62,14,186.0,128.0,160
combined,62,15,186.0,162.0,160
combined,62,16,186.0,180.0,160
combined,62,17,186.0,144.0,160
combined,62,18,186.0,151.0,160
combined,62,19,186.0,159.0,160
combined,62,20,186.0,157.0,160
combined,62,21,186.0,169.0,160
combined,62,22,186.0,164.0,160
combined,62,23,186.0,154.0,160
combined,62,24,186.0,151.0,160
combined,62,25,186.0,146.0,160
combined,62,26,186.0,154.0,160
combined,62,27,186.0,172.0,160
combined,62,28,186.0,170.0,160
combined,62,29,186.0,155.0,160
combined,62,30,186.0,189.0,160
combined,62,31,186.0,172.0,160
combined,62,32,186.0,127.0,160
combined,62,33,186.0,141.0,160
combined,62,34,186.0,144.0,160
combined,62,35,186.0,156.0,160
combined,62,36,186.0,137.0,160
combined,62,37,186.0,184.0,160
combined,62,38,186.0,117.0,160
combined,62,39,186.0,165.0,160
combined,62,40,186.0,142.0,160
combined,62,41,186.0,161.0,160
combined,62,42,186.0,163.0,160
combined,62,43,186.0,141.0,160
combined,62,44,186.0,164.0,160
combined,62,45,186.0,140.0,160
combined,62,46,186.0,157.0,160
combined,62,47,186.0,170.0,160
combined,62,48,186.0,147.0,160
combined,62,49,186.0,138.0,160
combined,59,0,121.0,119.0,160
combined,59,1,121.0,148.0,160
combined,59,2,121.0,120.0,160
combined,59,3,121.0,153.0,160
combined,59,4,121.0,116.0,160
combined,59,5,121.0,121.0,160
combined,59,6,121.0,111.0,160
combined,59,7,121.0,104.0,160
combined,59,8,121.0,127.0,160
combined,59,9,121.0,122.0,160
combined,59,10,121.0,116.0,160
combined,59,11,121.0,133.0,160
combined,59,12,121.0,140.0,160
combined,59,13,121.0,128.0,160
combined,59,14,121.0,137.0,160
combined,59,15,121.0,148.0,160
combined,59,16,121.0,135.0,160
combined,59,17,121.0,138.0,160
combined,59,18,121.0,100.0,160
combined,59,19,121.0,144.0,160
combined,59,20,121.0,148.0,160
combined,59,21,121.0,113.0,160
combined,59,22,121.0,132.0,160
combined,59,23,121.0,123.0,160
combined,59,24,121.0,183.0,160
combined,59,25,121.0,153.0,160
combined,59,26,121.0,159.0,160
combined,59,27,121.0,135.0,160
combined,59,28,121.0,126.0,160
combined,59,29,121.0,158.0,160
combined,59,30,121.0,125.0,160
combined,59,31,121.0,125.0,160
combined,59,32,121.0,149.0,160
combined,59,33,121.0,149.0,160
combined,59,34,121.0,122.0,160
combined,59,35,121.0,126.0,160
combined,59,36,121.0,137.0,160
combined,59,37,121.0,144.0,160
combined,59,38,121.0,136.0,160
combined,59,39,121.0,130.0,160
combined,59,40,121.0,126.0,160
combined,59,41,121.0,153.0,160
combined,59,42,121.0,138.0,160
combined,59,43,121.0,135.0,160
combined,59,44,121.0,118.0,160
combined,59,45,121.0,115.0,160
combined,59,46,121.0,138.0,160
combined,59,47,121.0,152.0,160
combined,59,48,121.0,141.0,160
combined,59,49,121.0,103.0,160
combined,36,0,162.0,178.0,160
combined,36,1,162.0,153.0,160
combined,36,2,162.0,144.0,160
combined,36,3,162.0,172.0,160
combined,36,4,162.0,149.0,160
combined,36,5,162.0,157.0,160
combined,36,6,162.0,136.0,160
combined,36,7,162.0,148.0,160
combined,36,8,162.0,142.0,160
combined,36,9,162.0,152.0,160
combined,36,10,162.0,147.0,160
combined,36,11,162.0,166.0,160
combined,36,12,162.0,152.0,160
combined,36,13,162.0,172.0,160
combined,36,14,162.0,164.0,160
combined,36,15,162.0,151.0,160
combined,36,16,162.0,183.0,160
combined,36,17,162.0,170.0,160
combined,36,18,162.0,179.0,160
combined,36,19,162.0,175.0,160
combined,36,20,162.0,175.0,160
combined,36,21,162.0,173.0,160
combined,36,22,162.0,166.0,160
combined,36,23,162.0,137.0,160
combined,36,24,162.0,174.0,160
combined,36,25,162.0,179.0,160
combined,36,26,162.0,176.0,160
combined,36,27,162.0,151.0,160
combined,36,28,162.0,150.0,160
combined,36,29,162.0,166.0,160
combined,36,30,162.0,174.0,160
combined,36,31,162.0,158.0,160
combined,36,32,162.0,181.0,160
combined,36,33,162.0,167.0,160
combined,36,34,162.0,163.0,160
combined,36,35,162.0,174.0,160
combined,36,36,162.0,161.0,160
combined,36,37,162.0,186.0,160
combined,36,38,162.0,176.0,160
combined,36,39,162.0,154.0,160
combined,36,40,162.0,138.0,160
combined,36,41,162.0,143.0,160
combined,36,42,162.0,152.0,160
combined,36,43,162.0,153.0,160
combined,36,44,162.0,147.0,160
combined,36,45,162.0,180.0,160
combined,36,46,162.0,141.0,160
combined,36,47,162.0,173.0,160
combined,36,48,162.0,187.0,160
combined,36,49,162.0,148.0,160
combined,94,0,170.0,138.0,160
combined,94,1,170.0,154.0,160
combined,94,2,170.0,153.0,160
combined,94,3,170.0,167.0,160
combined,94,4,170.0,165.0,160
combined,94,5,170.0,188.0,160
combined,94,6,170.0,173.0,160
combined,94,7,170.0,138.0,160
combined,94,8,170.0,168.0,160
combined,94,9,170.0,160.0,160
combined,94,10,170.0,164.0,160
combined,94,11,170.0,182.0,160
combined,94,12,170.0,162.0,160
combined,94,13,170.0,187.0,160
combined,94,14,170.0,147.0,160
combined,94,15,170.0,176.0,160
combined,94,16,170.0,170.0,160
combined,94,17,170.0,170.0,160
combined,94,18,170.0,158.0,160
combined,94,19,170.0,163.0,160
combined,94,20,170.0,139.0,160
combined,94,21,170.0,154.0,160
combined,94,22,170.0,151.0,160
combined,94,23,170.0,155.0,160
combined,94,24,170.0,170.0,160
combined,94,25,170.0,205.0,160
combined,94,26,170.0,165.0,160
combined,94,27,170.0,137.0,160
combined,94,28,170.0,118.0,160
combined,94,29,170.0,153.0,160
combined,94,30,170.0,146.0,160
combined,94,31,170.0,182.0,160
combined,94,32,170.0,164.0,160
combined,94,33,170.0,167.0,160
combined,94,34,170.0,167.0,160
combined,94,35,170.0,148.0,160
combined,94,36,170.0,147.0,160
combined,94,37,170.0,171.0,160
combined,94,38,170.0,150.0,160
combined,94,39,170.0,186.0,160
combined,94,40,170.0,150.0,160
combined,94,41,170.0,180.0,160
combined,94,42,170.0,185.0,160
combined,94,43,170.0,173.0,160
combined,94,44,170.0,166.0,160
combined,94,45,170.0,139.0,160
combined,94,46,170.0,161.0,160
combined,94,47,170.0,127.0,160
combined,94,48,170.0,166.0,160
combined,94,49,170.0,134.0,160
combined,102,0,162.0,146.0,160
combined,102,1,162.0,136.0,160
combined,102,2,162.0,161.0,160
combined,102,3,162.0,172.0,160
combined,102,4,162.0,188.0,160
combined,102,5,162.0,131.0,160
combined,102,6,162.0,168.0,160
combined,102,7,162.0,187.0,160
combined,102,8,162.0,177.0,160
combined,102,9,162.0,137.0,160
combined,102,10,162.0,151.0,160
combined,102,11,162.0,170.0,160
combined,102,12,162.0,167.0,160
combined,102,13,162.0,150.0,160
combined,102,14,162.0,183.0,160
combined,102,15,162.0,173.0,160
combined,102,16,162.0,137.0,160
combined,102,17,162.0,154.0,160
combined,102,18,162.0,132.0,160
combined,102,19,162.0,188.0,160
combined,102,20,162.0,129.0,160
combined,102,21,162.0,161.0,160
combined,102,22,162.0,155.0,160
combined,102,23,162.0,153.0,160
combined,102,24,162.0,166.0,160
combined,102,25,162.0,146.0,160
combined,102,26,162.0,152.0,160
combined,102,27,162.0,137.0,160
combined,102,28,162.0,140.0,160
combined,102,29,162.0,150.0,160
combined,102,30,162.0,171.0,160
combined,102,31,162.0,180.0,160
combined,102,32,162.0,146.0,160
combined,102,33,162.0,142.0,160
combined,102,34,162.0,153.0,160
combined,102,35,162.0,157.0,160
combined,102,36,162.0,160.0,160
combined,102,37,162.0,147.0,160
combined,102,38,162.0,154.0,160
combined,102,39,162.0,155.0,160
combined,102,40,162.0,144.0,160
combined,102,41,162.0,148.0,160
combined,102,42,162.0,149.0,160
combined,102,43,162.0,154.0,160
combined,102,44,162.0,169.0,160
combined,102,45,162.0,160.0,160
combined,102,46,162.0,157.0,160
combined,102,47,162.0,133.0,160
combined,102,48,162.0,151.0,160
combined,102,49,162.0,157.0,160
combined,86,0,165.0,173.0,160
combined,86,1,165.0,151.0,160
combined,86,2,165.0,153.0,160
combined,86,3,165.0,145.0,160
combined,86,4,165.0,169.0,160
combined,86,5,165.0,186.0,160
combined,86,6,165.0,149.0,160
combined,86,7,165.0,144.0,160
combined,86,8,165.0,198.0,160
combined,86,9,165.0,167.0,160
combined,86,10,165.0,156.0,160
combined,86,11,165.0,144.0,160
combined,86,12,165.0,155.0,160
combined,86,13,165.0,146.0,160
combined,86,14,165.0,173.0,160
combined,86,15,165.0,141.0,160
combined,86,16,165.0,160.0,160
combined,86,17,165.0,151.0,160
combined,86,18,165.0,150.0,160
combined,86,19,165.0,163.0,160
combined,86,20,165.0,163.0,160
combined,86,21,165.0,199.0,160
combined,86,22,165.0,128.0,160
combined,86,23,165.0,162.0,160
combined,86,24,165.0,150.0,160
combined,86,25,165.0,178.0,160
combined,86,26,165.0,127.0,160
combined,86,27,165.0,156.0,160
combined,86,28,165.0,161.0,160
combined,86,29,165.0,170.0,160
combined,86,30,165.0,164.0,160
combined,86,31,165.0,145.0,160
combined,86,32,165.0,162.0,160
combined,86,33,165.0,168.0,160
combined,86,34,165.0,150.0,160
combined,86,35,165.0,170.0,160
combined,86,36,165.0,164.0,160
combined,86,37,165.0,163.0,160
combined,86,38,165.0,149.0,160
combined,86,39,165.0,162.0,160
combined,86,40,165.0,187.0,160
combined,86,41,165.0,139.0,160
combined,86,42,165.0,138.0,160
combined,86,43,165.0,173.0,160
combined,86,44,165.0,157.0,160
combined,86,45,165.0,151.0,160
combined,86,46,165.0,176.0,160
combined,86,47,165.0,147.0,160
combined,86,48,165.0,144.0,160
combined,86,49,165.0,168.0,160
combined,54,0,148.0,137.0,160
combined,54,1,148.0,157.0,160
combined,54,2,148.0,172.0,160
combined,54,3,148.0,141.0,160
combined,54,4,148.0,132.0,160
combined,54,5,148.0,176.0,160
combined,54,6,148.0,171.0,160
combined,54,7,148.0,129.0,160
combined,54,8,148.0,180.0,160
combined,54,9,148.0,138.0,160
combined,54,10,148.0,155.0,160
combined,54,11,148.0,156.0,160
combined,54,12,148.0,150.0,160
combined,54,13,148.0,158.0,160
combined,54,14,148.0,176.0,160
combined,54,15,148.0,154.0,160
combined,54,16,148.0,179.0,160
combined,54,17,148.0,176.0,160
combined,54,18,148.0,164.0,160
combined,54,19,148.0,132.0,160
combined,54,20,148.0,137.0,160
combined,54,21,148.0,117.0,160
combined,54,22,148.0,144.0,160
combined,54,23,148.0,159.0,160
combined,54,24,148.0,144.0,160
combined,54,25,148.0,148.0,160
combined,54,26,148.0,160.0,160
combined,54,27,148.0,131.0,160
combined,54,28,148.0,155.0,160
combined,54,29,148.0,163.0,160
combined,54,30,148.0,160.0,160
combined,54,31,148.0,109.0,160
combined,54,32,148.0,134.0,160
combined,54,33,148.0,164.0,160
combined,54,34,148.0,164.0,160
combined,54,35,148.0,139.0,160
combined,54,36,148.0,142.0,160
combined,54,37,148.0,138.0,160
combined,54,38,148.0,169.0,160
combined,54,39,148.0,127.0,160
combined,54,40,148.0,130.0,160
combined,54,41,148.0,144.0,160
combined,54,42,148.0,149.0,160
combined,54,43,148.0,181.0,160
combined,54,44,148.0,184.0,160
combined,54,45,148.0,149.0,160
combined,54,46,148.0,148.0,160
combined,54,47,148.0,163.0,160
combined,54,48,148.0,192.0,160
combined,54,49,148.0,149.0,160
combined,23,0,156.0,164.0,160
combined,23,1,156.0,169.0,160
combined,23,2,156.0,158.0,160
combined,23,3,156.0,168.0,160
combined,23,4,156.0,160.0,160
combined,23,5,156.0,150.0,160
combined,23,6,156.0,158.0,160
combined,23,7,156.0,155.0,160
combined,23,8,156.0,149.0,160
combined,23,9,156.0,130.0,160
combined,23,10,156.0,159.0,160
combined,23,11,156.0,131.0,160
combined,23,12,156.0,187.0,160
combined,23,13,156.0,152.0,160
combined,23,14,156.0,136.0,160
combined,23,15,156.0,154.0,160
combined,23,16,156.0,164.0,160
combined,23,17,156.0,154.0,160
combined,23,18,156.0,152.0,160
combined,23,19,156.0,148.0,160
combined,23,20,156.0,130.0,160
combined,23,21,156.0,171.0,160
combined,23,22,156.0,154.0,160
combined,23,23,156.0,162.0,160
combined,23,24,156.0,154.0,160
combined,23,25,156.0,166.0,160
combined,23,26,156.0,157.0,160
combined,23,27,156.0,144.0,160
combined,23,28,156.0,155.0,160
combined,23,29,156.0,127.0,160
combined,23,30,156.0,122.0,160
combined,23,31,156.0,155.0,160
combined,23,32,156.0,171.0,160
combined,23,33,156.0,151.0,160
combined,23,34,156.0,175.0,160
combined,23,35,156.0,152.0,160
combined,23,36,156.0,140.0,160
combined,23,37,156.0,175.0,160
combined,23,38,156.0,128.0,160
combined,23,39,156.0,160.0,160
combined,23,40,156.0,165.0,160
combined,23,41,156.0,144.0,160
combined,23,42,156.0,140.0,160
combined,23,43,156.0,157.0,160
combined,23,44,156.0,133.0,160
combined,23,45,156.0,179.0,160
combined,23,46,156.0,155.0,160
combined,23,47,156.0,124.0,160
combined,23,48,156.0,123.0,160
combined,23,49,156.0,156.0,160
combined,88,0,180.0,112.0,160
combined,88,1,180.0,182.0,160
combined,88,2,180.0,158.0,160
combined,88,3,180.0,166.0,160
combined,88,4,180.0,192.0,160
combined,88,5,180.0,168.0,160
combined,88,6,180.0,158.0,160
combined,88,7,180.0,183.0,160
combined,88,8,180.0,171.0,160
combined,88,9,180.0,159.0,160
combined,88,10,180.0,164.0,160
combined,88,11,180.0,168.0,160
combined,88,12,180.0,130.0,160
combined,88,13,180.0,162.0,160
combined,88,14,180.0,161.0,160
combined,88,15,180.0,165.0,160
combined,88,16,180.0,149.0,160
combined,88,17,180.0,158.0,160
combined,88,18,180.0,127.0,160
combined,88,19,180.0,168.0,160
combined,88,20,180.0,179.0,160
combined,88,21,180.0,169.0,160
combined,88,22,180.0,147.0,160
combined,88,23,180.0,156.0,160
combined,88,24,180.0,127.0,160
combined,88,25,180.0,183.0,160
combined,88,26,180.0,138.0,160
combined,88,27,180.0,137.0,160
combined,88,28,180.0,157.0,160
combined,88,29,180.0,177.0,160
combined,88,30,180.0,141.0,160
combined,88,31,180.0,143.0,160
combined,88,32,180.0,169.0,160
combined,88,33,180.0,120.0,160
combined,88,34,180.0,149.0,160
combined,88,35,180.0,165.0,160
combined,88,36,180.0,154.0,160
combined,88,37,180.0,141.0,160
combined,88,38,180.0,175.0,160
combined,88,39,180.0,157.0,160
combined,88,40,180.0,174.0,160
combined,88,41,180.0,127.0,160
combined,88,42,180.0,135.0,160
combined,88,43,180.0,156.0,160
combined,88,44,180.0,149.0,160
combined,88,45,180.0,175.0,160
combined,88,46,180.0,165.0,160
combined,88,47,180.0,129.0,160
combined,88,48,180.0,163.0,160
combined,88,49,180.0,139.0,160
combined,64,0,167.0,146.0,160
combined,64,1,167.0,140.0,160
combined,64,2,167.0,151.0,160
combined,64,3,167.0,186.0,160
combined,64,4,167.0,135.0,160
combined,64,5,167.0,137.0,160
combined,64,6,167.0,170.0,160
combined,64,7,167.0,144.0,160
combined,64,8,167.0,160.0,160
combined,64,9,167.0,133.0,160
combined,64,10,167.0,174.0,160
combined,64,11,167.0,149.0,160
combined,64,12,167.0,172.0,160
combined,64,13,167.0,135.0,160
combined,64,14,167.0,155.0,160
combined,64,15,167.0,168.0,160
combined,64,16,167.0,162.0,160
combined,64,17,167.0,153.0,160
combined,64,18,167.0,147.0,160
combined,64,19,167.0,126.0,160
combined,64,20,167.0,154.0,160
combined,64,21,167.0,191.0,160
combined,64,22,167.0,129.0,160
combined,64,23,167.0,167.0,160
combined,64,24,167.0,155.0,160
combined,64,25,167.0,158.0,160
combined,64,26,167.0,147.0,160
combined,64,27,167.0,122.0,160
combined,64,28,167.0,167.0,160
combined,64,29,167.0,184.0,160
combined,64,30,167.0,167.0,160
combined,64,31,167.0,164.0,160
combined,64,32,167.0,158.0,160
combined,64,33,167.0,159.0,160
combined,64,34,167.0,157.0,160
combined,64,35,167.0,147.0,160
combined,64,36,167.0,143.0,160
combined,64,37,167.0,167.0,160
combined,64,38,167.0,163.0,160
combined,64,39,167.0,127.0,160
combined,64,40,167.0,152.0,160
combined,64,41,167.0,132.0,160
combined,64,42,167.0,175.0,160
combined,64,43,167.0,140.0,160
combined,64,44,167.0,123.0,160
combined,64,45,167.0,148.0,160
combined,64,46,167.0,123.0,160
combined,64,47,167.0,157.0,160
combined,64,48,167.0,150.0,160
combined,64,49,167.0,153.0,160
combined,38,0,148.0,168.0,160
combined,38,1,148.0,177.0,160
combined,38,2,148.0,140.0,160
combined,38,3,148.0,136.0,160
combined,38,4,148.0,170.0,160
combined,38,5,148.0,168.0,160
combined,38,6,148.0,153.0,160
combined,38,7,148.0,154.0,160
combined,38,8,148.0,167.0,160
combined,38,9,148.0,118.0,160
combined,38,10,148.0,142.0,160
combined,38,11,148.0,156.0,160
combined,38,12,148.0,167.0,160
combined,38,13,148.0,141.0,160
combined,38,14,148.0,155.0,160
combined,38,15,148.0,139.0,160
combined,38,16,148.0,141.0,160
combined,38,17,148.0,143.0,160
combined,38,18,148.0,142.0,160
combined,38,19,148.0,137.0,160
combined,38,20,148.0,172.0,160
combined,38,21,148.0,128.0,160
combined,38,22,148.0,142.0,160
combined,38,23,148.0,168.0,160
combined,38,24,148.0,158.0,160
combined,38,25,148.0,144.0,160
combined,38,26,148.0,135.0,160
combined,38,27,148.0,153.0,160
combined,38,28,148.0,143.0,160
combined,38,29,148.0,136.0,160
combined,38,30,148.0,165.0,160
combined,38,31,148.0,167.0,160
combined,38,32,148.0,150.0,160
combined,38,33,148.0,125.0,160
combined,38,34,148.0,142.0,160
combined,38,35,148.0,168.0,160
combined,38,36,148.0,161.0,160
combined,38,37,148.0,141.0,160
combined,38,38,148.0,138.0,160
combined,38,39,148.0,166.0,160
combined,38,40,148.0,167.0,160
combined,38,41,148.0,142.0,160
combined,38,42,148.0,146.0,160
combined,38,43,148.0,164.0,160
combined,38,44,148.0,137.0,160
combined,38,45,148.0,150.0,160
combined,38,46,148.0,154.0,160
combined,38,47,148.0,130.0,160
combined,38,48,148.0,140.0,160
combined,38,49,148.0,130.0,160
combined,81,0,168.0,142.0,160
combined,81,1,168.0,124.0,160
combined,81,2,168.0,120.0,160
combined,81,3,168.0,135.0,160
combined,81,4,168.0,138.0,160
combined,81,5,168.0,151.0,160
combined,81,6,168.0,141.0,160
combined,81,7,168.0,160.0,160
combined,81,8,168.0,151.0,160
combined,81,9,168.0,128.0,160
combined,81,10,168.0,136.0,160
combined,81,11,168.0,150.0,160
combined,81,12,168.0,146.0,160
combined,81,13,168.0,150.0,160
combined,81,14,168.0,118.0,160
combined,81,15,168.0,124.0,160
combined,81,16,168.0,119.0,160
combined,81,17,168.0,153.0,160
combined,81,18,168.0,130.0,160
combined,81,19,168.0,158.0,160
combined,81,20,168.0,135.0,160
combined,81,21,168.0,136.0,160
combined,81,22,168.0,130.0,160
combined,81,23,168.0,126.0,160
combined,81,24,168.0,131.0,160
combined,81,25,168.0,117.0,160
combined,81,26,168.0,155.0,160
combined,81,27,168.0,128.0,160
combined,81,28,168.0,145.0,160
combined,81,29,168.0,122.0,160
combined,81,30,168.0,167.0,160
combined,81,31,168.0,120.0,160
combined,81,32,168.0,137.0,160
combined,81,33,168.0,119.0,160
combined,81,34,168.0,156.0,160
combined,81,35,168.0,126.0,160
combined,81,36,168.0,163.0,160
combined,81,37,168.0,158.0,160
combined,81,38,168.0,146.0,160
combined,81,39,168.0,122.0,160
combined,81,40,168.0,151.0,160
combined,81,41,168.0,110.0,160
combined,81,42,168.0,136.0,160
combined,81,43,168.0,130.0,160
combined,81,44,168.0,145.0,160
combined,81,45,168.0,102.0,160
combined,81,46,168.0,124.0,160
combined,81,47,168.0,138.0,160
combined,81,48,168.0,127.0,160
combined,81,49,168.0,126.0,160
combined,77,0,154.0,172.0,160
combined,77,1,154.0,148.0,160
combined,77,2,154.0,173.0,160
combined,77,3,154.0,158.0,160
combined,77,4,154.0,166.0,160
combined,77,5,154.0,139.0,160
combined,77,6,154.0,130.0,160
combined,77,7,154.0,180.0,160
combined,77,8,154.0,166.0,160
combined,77,9,154.0,158.0,160
combined,77,10,154.0,114.0,160
combined,77,11,154.0,164.0,160
combined,77,12,154.0,151.0,160
combined,77,13,154.0,148.0,160
combined,77,14,154.0,145.0,160
combined,77,15,154.0,141.0,160
combined,77,16,154.0,165.0,160
combined,77,17,154.0,146.0,160
combined,77,18,154.0,144.0,160
combined,77,19,154.0,150.0,160
combined,77,20,154.0,156.0,160
combined,77,21,154.0,137.0,160
combined,77,22,154.0,155.0,160
combined,77,23,154.0,159.0,160
combined,77,24,154.0,141.0,160
combined,77,25,154.0,181.0,160
combined,77,26,154.0,145.0,160
combined,77,27,154.0,137.0,160
combined,77,28,154.0,152.0,160
combined,77,29,154.0,133.0,160
combined,77,30,154.0,153.0,160
combined,77,31,154.0,161.0,160
combined,77,32,154.0,142.0,160
combined,77,33,154.0,153.0,160
combined,77,34,154.0,128.0,160
combined,77,35,154.0,163.0,160
combined,77,36,154.0,135.0,160
combined,77,37,154.0,168.0,160
combined,77,38,154.0,128.0,160
combined,77,39,154.0,162.0,160
combined,77,40,154.0,162.0,160
combined,77,41,154.0,167.0,160
combined,77,42,154.0,150.0,160
combined,77,43,154.0,149.0,160
combined,77,44,154.0,146.0,160
combined,77,45,154.0,156.0,160
combined,77,46,154.0,156.0,160
combined,77,47,154.0,143.0,160
combined,77,48,154.0,145.0,160
combined,77,49,154.0,162.0,160
combined,20,0,147.0,94.0,160
combined,20,1,147.0,117.0,160
combined,20,2,147.0,104.0,160
combined,20,3,147.0,117.0,160
combined,20,4,147.0,128.0,160
combined,20,5,147.0,123.0,160
combined,20,6,147.0,145.0,160
combined,20,7,147.0,146.0,160
combined,20,8,147.0,131.0,160
combined,20,9,147.0,135.0,160
combined,20,10,147.0,109.0,160
combined,20,11,147.0,123.0,160
combined,20,12,147.0,127.0,160
combined,20,13,147.0,140.0,160
combined,20,14,147.0,112.0,160
combined,20,15,147.0,126.0,160
combined,20,16,147.0,79.0,160
combined,20,17,147.0,113.0,160
combined,20,18,147.0,116.0,160
combined,20,19,147.0,105.0,160
combined,20,20,147.0,126.0,160
combined,20,21,147.0,126.0,160
combined,20,22,147.0,109.0,160
combined,20,23,147.0,115.0,160
combined,20,24,147.0,110.0,160
combined,20,25,147.0,125.0,160
combined,20,26,147.0,105.0,160
combined,20,27,147.0,119.0,160
combined,20,28,147.0,125.0,160
combined,20,29,147.0,111.0,160
combined,20,30,147.0,106.0,160
combined,20,31,147.0,106.0,160
combined,20,32,147.0,148.0,160
combined,20,33,147.0,106.0,160
combined,20,34,147.0,124.0,160
combined,20,35,147.0,144.0,160
combined,20,36,147.0,120.0,160
combined,20,37,147.0,126.0,160
combined,20,38,147.0,132.0,160
combined,20,39,147.0,103.0,160
combined,20,40,147.0,111.0,160
combined,20,41,147.0,103.0,160
combined,20,42,147.0,112.0,160
combined,20,43,147.0,127.0,160
combined,20,44,147.0,140.0,160
combined,20,45,147.0,93.0,160
combined,20,46,147.0,121.0,160
combined,20,47,147.0,136.0,160
combined,20,48,147.0,87.0,160
combined,20,49,147.0,132.0,160
