subject_ID,fit,task,human,human_draws,n_games,fitted,fitted_draws,fitted_correct,fitted_missed,optimal_full,optimal_full_draws,optimal_full_correct,optimal_full_missed,normative_matched,normative_matched_draws,normative_matched_correct,normative_matched_missed,no_regulation,no_regulation_draws,no_regulation_correct,no_regulation_missed,no_belief_bias,no_belief_bias_draws,no_belief_bias_correct,no_belief_bias_missed,no_subjective_cost,no_subjective_cost_draws,no_subjective_cost_correct,no_subjective_cost_missed,no_exaggeration,no_exaggeration_draws,no_exaggeration_correct,no_exaggeration_missed,no_hazard_lapse,no_hazard_lapse_draws,no_hazard_lapse_correct,no_hazard_lapse_missed,gap_full,gap_matched,model_error
28,short,SB-XT-RPh----,0.7875,3.675,80,0.85625,3.6175000000000006,0.69125,0.09125,1.225,3.975,0.8,0.025,0.028125,1.499375,0.50625,0.003125,0.6725,2.825625,0.63375,0.1375,0.813125,3.63,0.67875,0.098125,0.1525,2.955,0.535625,0.01,,,,,,,,,0.4375000000000001,-0.759375,0.06874999999999998
28,long,LBE-T-RPhCL--,1.3125,6.975,80,1.2375,6.969375000000001,0.805625,0.015,1.6625,9.125,0.9125,0.0125,0.07,1.498125,0.5175,0.0,0.9418749999999999,4.189375,0.7125,0.091875,1.24,7.078125,0.804375,0.0225,0.1925,4.66125,0.548125,0.0,1.251875,7.084375,0.8074999999999999,0.021875,1.245625,6.518125,0.8081250000000001,0.013125000000000001,0.3500000000000001,-1.2425,-0.07499999999999996
28,combined,C-EXT-RPHC-UK,1.05,5.325,160,1.026875,5.4325,0.7403125,0.06562500000000002,1.44375,6.4625,0.85625,0.01875,0.8046875,2.1728125,0.6996875,0.0059375,0.7790625,2.240625,0.6921875,0.0103125,,,,,0.9690625,5.3184375,0.729375,0.0515625,0.9853124999999998,5.3846875,0.7296875,0.0665625,,,,,0.39375000000000004,-0.24531250000000004,-0.023125000000000062
10,short,SB-XT-RPh----,0.7875,3.6375,80,0.8081250000000001,3.584375,0.69625,0.023125,1.125,3.9875,0.775,0.025,0.093125,1.481875,0.5225,0.003125,0.556875,2.119375,0.62625,0.05187499999999999,0.734375,3.6049999999999995,0.674375,0.036875,0.22374999999999998,3.4118750000000007,0.553125,0.01125,,,,,,,,,0.3375,-0.694375,0.020625000000000115
10,long,LBE-T-RPhCL--,1.1625,7.2375,80,1.13,7.301249999999999,0.7775,0.02,1.6625,8.7,0.9125,0.0125,0.075,1.53375,0.51875,0.0,0.85375,3.2987499999999996,0.703125,0.04125,1.2325,7.2425,0.80375,0.0175,-0.0025,5.54625,0.499375,0.0,1.160625,7.25,0.785,0.020625,1.1675,6.698125,0.789375,0.01,0.5,-1.0875000000000001,-0.032500000000000195
10,combined,C-EXT-RPHC-UK,0.975,5.4375,160,0.9196874999999999,5.5075,0.7134375000000001,0.0659375,1.39375,6.425,0.84375,0.01875,0.7503125,2.2728124999999997,0.6859375,0.006562500000000001,0.7696875000000001,2.1881250000000003,0.6909375,0.0059375,,,,,0.9365625000000002,5.4350000000000005,0.7206250000000001,0.0540625,0.9034375000000001,5.465625,0.7103125,0.06218749999999999,,,,,0.41875000000000007,-0.22468749999999993,-0.0553125000000001
53,short,SB-XT-RPh----,1.025,3.775,80,0.85125,3.8224999999999993,0.685625,0.10874999999999999,1.225,3.95,0.8,0.025,0.035,1.50375,0.508125,0.0025,0.603125,3.2625,0.595625,0.220625,0.869375,3.8612499999999996,0.68625,0.12437499999999999,-0.0075,3.233125,0.495,0.0125,,,,,,,,,0.20000000000000018,-0.9899999999999999,-0.17374999999999996
53,long,LBE-T-RPhCL--,1.225,9.4375,80,1.214375,9.470625,0.796875,0.026875,1.6625,9.025,0.9125,0.0125,0.2725,1.620625,0.568125,0.0,0.69,2.1525,0.6725,0.0,1.220625,9.48875,0.796875,0.033125,0.564375,8.821875,0.638125,0.011875,1.195,9.44375,0.7925,0.025,1.17125,9.76,0.785625,0.028750000000000005,0.4375,-0.9525000000000001,-0.010625000000000107
53,combined,C-EXT-RPHC-UK,1.125,6.60625,160,1.02,6.6324999999999985,0.7390625,0.06375,1.44375,6.4875,0.85625,0.01875,0.8421875,2.5168749999999998,0.7090624999999999,0.0059375,0.81375,2.47125,0.7015625,0.0075000000000000015,,,,,1.0006249999999999,6.571875,0.7334375,0.06687499999999999,1.050625,6.5699999999999985,0.7471874999999999,0.061875,,,,,0.3187500000000001,-0.2828125,-0.10499999999999998
39,short,SB-XT-RPh----,0.8625,4.2375,80,0.865,4.344375,0.67375,0.17,1.275,3.975,0.8125,0.025,0.14875,1.478125,0.53625,0.00375,0.591875,3.263125,0.59125,0.226875,0.851875,4.350625,0.67,0.171875,0.081875,3.7868750000000007,0.51375,0.026875,,,,,,,,,0.41249999999999987,-0.7137500000000001,0.0024999999999999467
39,long,LBE-T-RPhCL--,1.05,6.6875,80,1.13875,6.678125,0.784375,0.00125,1.6625,8.825,0.9125,0.0125,0.03,1.4775,0.5075,0.0,0.8074999999999999,2.47625,0.70125,0.0025,1.16125,6.65625,0.78875,0.00625,0.1425,5.3375,0.535625,0.0,1.226875,6.714375000000001,0.805625,0.004375,1.07625,6.104375,0.76875,0.00125,0.6125,-1.02,0.08874999999999988
39,combined,C-EXT-RPHC-UK,0.95625,5.4625,160,0.8928125000000001,5.444374999999999,0.704375,0.0753125,1.46875,6.41875,0.8625,0.01875,0.7809375000000001,2.38,0.6934374999999999,0.0071874999999999994,0.7578125,2.2890625,0.6878124999999999,0.006562500000000001,,,,,0.9574999999999999,5.483750000000001,0.7240624999999999,0.06124999999999999,0.9478125000000001,5.45,0.7196875,0.0690625,,,,,0.5125,-0.17531249999999998,-0.06343749999999992
37,short,SB-XT-RPh----,0.5875,4.3125,80,0.298125,4.343125,0.49625,0.313125,1.075,3.975,0.7625,0.025,-0.02,1.503125,0.49437499999999995,0.0025,0.45125000000000004,2.45375,0.58875,0.09625,0.396875,4.351875,0.52875,0.281875,-0.08875,3.024375,0.4675000000000001,0.04125,,,,,,,,,0.48749999999999993,-0.6075,-0.28937500000000005
37,long,LBE-T-RPhCL--,0.6625,6.1375,80,0.813125,6.028125,0.701875,0.005625,1.5125,8.9375,0.875,0.0125,-0.0475,1.533125,0.488125,0.0,0.4756250000000001,2.074375,0.61875,0.000625,0.796875,6.078125,0.696875,0.009375,-0.21937499999999996,4.195625,0.445,0.000625,0.836875,6.073125,0.7075,0.006875000000000001,0.754375,5.56,0.6875,0.004375,0.85,-0.71,0.150625
37,combined,C-EXT-RPHC-UK,0.625,5.225,160,0.5821875000000001,5.2465625000000005,0.6084375,0.1484375,1.29375,6.475,0.81875,0.01875,0.2971875,1.5790625,0.5734375,0.0034375000000000005,0.5384375,2.0,0.6321875,0.0096875,,,,,0.361875,4.133125,0.5759375,0.058125,0.5334375,5.26875,0.59375,0.15843749999999998,,,,,0.66875,-0.3278125,-0.04281249999999992
1,short,SB-XT-RPh----,1.0625,3.6625,80,0.6475,3.680625,0.640625,0.085,1.225,4.0,0.8,0.025,0.0075,1.494375,0.500625,0.005,0.458125,2.32625,0.590625,0.095625,0.6775,3.666875,0.649375,0.08,0.05187499999999999,3.395625,0.51,0.011875,,,,,,,,,0.1625000000000001,-1.055,-0.41500000000000004
1,long,LBE-T-RPhCL--,0.925,7.4625,80,1.186875,7.451874999999999,0.795625,0.004375,1.6625,8.9,0.9125,0.0125,0.185,1.490625,0.54625,0.0,0.82875,2.565625,0.704375,0.01125,1.161875,7.4975,0.789375,0.004375,0.158125,6.07,0.539375,0.000625,1.1775,7.441874999999999,0.793125,0.005,1.184375,7.076874999999999,0.795,0.004375,0.7375,-0.74,0.26187499999999986
1,combined,C-EXT-RPHC-UK,0.99375,5.5625,160,0.9309375,5.605625000000001,0.718125,0.058437499999999996,1.44375,6.425,0.85625,0.01875,0.805,2.3415624999999998,0.7,0.005,0.7146874999999999,2.2528125,0.6771874999999999,0.0059375,,,,,0.8821875,5.596875,0.706875,0.0546875,0.9037499999999999,5.6546875,0.7109375,0.06000000000000001,,,,,0.45000000000000007,-0.18874999999999997,-0.06281250000000005
18,short,SB-XT-RPh----,1.175,4.0625,80,0.983125,4.038125,0.716875,0.115625,1.275,3.975,0.8125,0.025,0.043125,1.52875,0.51,0.003125,0.66125,3.071875,0.61375,0.20625,0.911875,4.06875,0.694375,0.134375,0.035625,3.53375,0.50375,0.020625,,,,,,,,,0.09999999999999987,-1.131875,-0.19187500000000002
18,long,LBE-T-RPhCL--,1.2,6.05,80,1.180625,6.04,0.795,0.000625,1.6625,9.1125,0.9125,0.0125,0.18,1.53,0.545,0.0,0.865,2.765,0.713125,0.0125,1.1375,6.10875,0.784375,0.0,0.16,4.851875,0.54,0.0,1.145,6.1625,0.78625,0.0,1.125,5.776875,0.78125,0.0,0.46250000000000013,-1.02,-0.01937499999999992
18,combined,C-EXT-RPHC-UK,1.1875,5.05625,160,1.0203125,5.0815624999999995,0.7421875,0.05156249999999999,1.46875,6.44375,0.8625,0.01875,0.8456250000000001,2.5253125,0.7096875,0.006875000000000001,0.8787499999999999,2.424375,0.718125,0.00625,,,,,1.0037500000000001,5.0443750000000005,0.7365625,0.05750000000000001,1.0415625,5.0840625,0.748125,0.0490625,,,,,0.28125,-0.34187499999999993,-0.16718750000000004
8,short,SB-XT-RPh----,1.025,4.3125,80,0.95,4.27,0.70875,0.11500000000000002,1.175,3.9125,0.7875,0.025,0.13375,1.474375,0.533125,0.00125,0.695,3.168125,0.625,0.195,0.8887500000000002,4.26125,0.694375,0.11125,0.168125,3.913125,0.5325,0.038125,,,,,,,,,0.15000000000000013,-0.8912499999999999,-0.07499999999999996
8,long,LBE-T-RPhCL--,1.1,8.55,80,1.1,8.598125,0.76625,0.035,1.6625,8.9875,0.9125,0.0125,0.43499999999999994,1.573125,0.60875,0.0,0.7725,2.21,0.693125,0.0,1.095625,8.523125,0.765,0.035625,0.60875,7.183750000000001,0.649375,0.01125,1.144375,8.626875,0.776875,0.036875,1.14375,9.615625,0.77375,0.04875,0.5625,-0.6650000000000001,0.0
8,combined,C-EXT-RPHC-UK,1.0625,6.43125,160,0.9553125,6.3490625000000005,0.7178125,0.08406250000000001,1.41875,6.48125,0.85,0.01875,0.8015625,2.4237499999999996,0.6990624999999999,0.0053125,0.7837500000000001,2.31625,0.6940625,0.0075000000000000015,,,,,0.9384375,6.3828125,0.7128125,0.0871875,0.9243750000000001,6.3615625,0.7090624999999999,0.088125,,,,,0.35624999999999996,-0.26093750000000004,-0.10718749999999999
32,short,SB-XT-RPh----,1.0875,3.5375,80,0.764375,3.5375,0.678125,0.05187499999999999,1.225,3.925,0.8,0.025,-0.045625,1.49375,0.488125,0.001875,0.63,2.07125,0.6475,0.04,0.73875,3.5318750000000003,0.67,0.05874999999999999,0.044375,3.156875,0.506875,0.016875,,,,,,,,,0.13750000000000018,-1.133125,-0.3231249999999999
32,long,LBE-T-RPhCL--,1.15,5.825,80,1.070625,5.829375,0.7675,0.000625,1.6625,8.875,0.9125,0.0125,0.12,1.523125,0.53,0.0,0.778125,2.24125,0.69375,0.003125,1.0875,5.795625,0.771875,0.0,0.20749999999999996,4.39,0.551875,0.0,1.065625,5.885,0.76625,0.000625,1.0075,5.571875,0.751875,0.0,0.5125000000000002,-1.0299999999999998,-0.07937499999999997
32,combined,C-EXT-RPHC-UK,1.11875,4.68125,160,0.8471875000000001,4.6775,0.7003125000000001,0.0459375,1.44375,6.50625,0.85625,0.01875,0.7056250000000001,2.073125,0.6753125,0.004375,0.7143750000000001,2.065625,0.6775,0.004375,,,,,0.8390625,4.6621875,0.6975,0.0490625,0.8474999999999999,4.685,0.7,0.0475,,,,,0.3250000000000002,-0.41312499999999985,-0.2715624999999998
68,short,SB-XT-RPh----,0.9125,4.2,80,0.6025,4.21875,0.611875,0.155,1.325,3.9,0.825,0.025,0.12625,1.53875,0.530625,0.00375,0.57,2.2,0.62125,0.085,0.6325,4.164375,0.621875,0.145,0.052500000000000005,3.8775,0.50125,0.0475,,,,,,,,,0.4125,-0.78625,-0.30999999999999994
68,long,LBE-T-RPhCL--,1.0625,6.6375,80,1.095625,6.740625,0.765,0.035625,1.6625,9.0,0.9125,0.0125,0.0775,1.501875,0.519375,0.0,0.8306249999999998,3.2287499999999993,0.699375,0.033125,1.183125,6.664375,0.790625,0.020625,0.035,4.99,0.50875,0.0,1.095625,6.751250000000001,0.76625,0.030625000000000003,1.050625,5.885,0.760625,0.008125,0.6000000000000001,-0.985,0.03312500000000007
68,combined,C-EXT-RPHC-UK,0.9875,5.41875,160,0.9690625,5.34,0.725625,0.0665625,1.49375,6.38125,0.86875,0.01875,0.8090624999999999,2.1446875,0.7012499999999999,0.0040625,0.7725,2.1293750000000005,0.6918749999999999,0.005,,,,,0.9134374999999999,5.36625,0.7112499999999999,0.06843750000000001,0.9200000000000002,5.385,0.7143750000000001,0.06250000000000001,,,,,0.5062499999999999,-0.17843750000000014,-0.018437499999999996
70,short,SB-XT-RPh----,0.8875,4.3,80,0.76625,4.423125,0.634375,0.22875,1.275,3.9375,0.8125,0.025,0.03125,1.47875,0.5075,0.00125,0.53375,3.3362500000000006,0.57,0.25375,0.77625,4.371875,0.641875,0.20875,0.088125,3.655,0.515,0.028125,,,,,,,,,0.38749999999999996,-0.85625,-0.12124999999999997
70,long,LBE-T-RPhCL--,1.2,6.9875,80,1.2075,6.9125,0.79125,0.0425,1.6625,8.9625,0.9125,0.0125,0.005,1.499375,0.50125,0.0,0.921875,3.31375,0.719375,0.044375,1.170625,6.974375,0.779375,0.053125,0.1,4.866875,0.525,0.0,1.19125,7.440625,0.774375,0.09375,1.1825,6.110625,0.789375,0.025,0.46250000000000013,-1.195,0.007500000000000062
70,combined,C-EXT-RPHC-UK,1.04375,5.64375,160,1.09625,5.663749999999999,0.7490625,0.1,1.46875,6.4625,0.8625,0.01875,0.8328125,2.57625,0.7065625,0.006562500000000001,0.9678125000000002,2.9321875,0.7375,0.017812500000000002,,,,,1.084375,5.2934375000000005,0.7559374999999999,0.060625000000000005,1.0815625,5.655624999999999,0.7465624999999999,0.0953125,,,,,0.42500000000000004,-0.2109375,0.05249999999999999
44,short,SB-XT-RPh----,0.825,3.725,80,0.54625,3.7625,0.625,0.04625,1.125,3.9625,0.775,0.025,0.05500000000000001,1.5125,0.513125,0.0025,0.335,1.81375,0.5725,0.045,0.52875,3.7662500000000003,0.621875,0.04125,0.081875,3.7106249999999994,0.515,0.021875,,,,,,,,,0.30000000000000004,-0.7699999999999999,-0.27874999999999994
44,long,LBE-T-RPhCL--,0.7125,7.2,80,1.08625,7.180625000000001,0.77125,0.00125,1.6125,9.0375,0.9,0.0125,0.15,1.52125,0.5375,0.0,0.71875,2.668125,0.6775,0.00875,1.18,7.219375000000001,0.795,0.0,0.198125,5.7325,0.549375,0.000625,1.103125,7.3075,0.775,0.003125,1.098125,6.660624999999999,0.774375,0.000625,0.9,-0.5625,0.3737499999999999
44,combined,C-EXT-RPHC-UK,0.76875,5.4625,160,0.8693750000000001,5.471875,0.7037500000000001,0.05437500000000001,1.36875,6.55625,0.8375,0.01875,0.755,2.3009375,0.6878124999999999,0.00375,0.6634375,2.3371875,0.665,0.0034375000000000005,,,,,0.883125,5.5128125,0.7068749999999999,0.055625,0.8731249999999999,5.5059375,0.7025,0.06312500000000001,,,,,0.5999999999999999,-0.01375000000000004,0.10062500000000008
14,short,SB-XT-RPh----,0.975,4.1125,80,0.713125,4.1875,0.625,0.213125,1.325,3.9,0.825,0.025,0.095,1.47625,0.52375,0.0,0.60375,2.905,0.606875,0.17625,0.776875,4.17625,0.649375,0.179375,-0.028750000000000005,3.518125,0.485,0.03125,,,,,,,,,0.35,-0.88,-0.26187499999999997
14,long,LBE-T-RPhCL--,0.975,8.3875,80,1.16125,8.35375,0.77625,0.05625,1.6625,9.15,0.9125,0.0125,0.175,1.5325,0.54375,0.0,0.83125,2.876875,0.703125,0.01875,1.141875,8.30625,0.7675,0.071875,0.28625,4.93625,0.57125,0.00125,1.18125,8.554375,0.77875,0.06625,1.0675,9.585625,0.735625,0.125,0.6875000000000001,-0.8,0.18624999999999992
14,combined,C-EXT-RPHC-UK,0.975,6.25,160,0.99375,6.0893749999999995,0.7228125000000001,0.1025,1.49375,6.4625,0.86875,0.01875,0.7840624999999999,2.3075,0.6946875,0.0053125,0.875625,2.53125,0.7153125,0.014374999999999999,,,,,0.97,5.9946874999999995,0.723125,0.0775,0.985,6.229375,0.71875,0.11000000000000001,,,,,0.5187499999999999,-0.1909375000000001,0.018750000000000044
78,short,SB-XT-RPh----,1.0,4.55,80,0.846875,4.47375,0.673125,0.154375,1.225,3.8625,0.8,0.025,0.125625,1.5,0.530625,0.003125,0.67625,2.573125,0.640625,0.11374999999999999,0.834375,4.490625,0.67125,0.149375,0.1725,4.195,0.526875,0.065,,,,,,,,,0.2250000000000001,-0.874375,-0.15312499999999996
78,long,LBE-T-RPhCL--,0.925,9.375,80,0.9981250000000002,9.409375,0.733125,0.065625,1.6625,9.05,0.9125,0.0125,0.045,1.5275,0.51125,0.0,0.71625,2.1625,0.67875,0.00125,1.045625,9.371875,0.746875,0.058125,0.305,8.353125,0.571875,0.0175,1.079375,9.44375,0.7525,0.069375,0.90625,9.95625,0.703125,0.09375,0.7375,-0.88,0.0731250000000001
78,combined,C-EXT-RPHC-UK,0.9625,6.9625,160,0.8953125,6.902500000000001,0.6909375,0.1315625,1.44375,6.475,0.85625,0.01875,0.8637499999999999,2.428125,0.714375,0.00625,0.8890625,2.348125,0.7212500000000001,0.0040625,,,,,0.961875,6.88875,0.70875,0.12687500000000002,0.9390625,6.95,0.6993750000000001,0.1415625,,,,,0.48125000000000007,-0.09875000000000012,-0.06718750000000007
84,short,SB-XT-RPh----,0.7875,3.8375,80,0.8856249999999999,3.830625,0.706875,0.058125,1.125,3.95,0.775,0.025,0.108125,1.534375,0.52625,0.003125,0.613125,2.831875,0.618125,0.140625,0.9375,3.826875,0.721875,0.05,0.170625,3.4887500000000005,0.538125,0.018125,,,,,,,,,0.3375,-0.679375,0.0981249999999999
84,long,LBE-T-RPhCL--,1.0625,7.6375,80,1.208125,7.6075,0.8018750000000001,0.000625,1.6625,8.9875,0.9125,0.0125,0.12250000000000001,1.491875,0.530625,0.0,0.798125,2.83,0.695625,0.015625,1.200625,7.589375000000001,0.8,0.000625,0.3225,6.755625,0.580625,0.0,1.2175,7.648125,0.804375,0.0,1.128125,7.226875,0.781875,0.000625,0.6000000000000001,-0.94,0.1456249999999999
84,combined,C-EXT-RPHC-UK,0.925,5.7375,160,1.028125,5.747187500000001,0.743125,0.055624999999999994,1.39375,6.55,0.84375,0.01875,0.9240625000000001,2.89375,0.729375,0.006562499999999999,0.905,2.9162500000000002,0.7234375,0.01125,,,,,0.9971875000000001,5.730625000000001,0.735,0.0571875,1.0393750000000002,5.7578125,0.7462500000000001,0.05437500000000001,,,,,0.46875,-0.0009374999999999245,0.10312499999999991
55,short,SB-XT-RPh----,0.6875,3.7125,80,0.649375,3.7649999999999997,0.624375,0.151875,1.025,3.9,0.75,0.025,-0.026875,1.503125,0.491875,0.005625,0.521875,2.88125,0.58875,0.166875,0.665625,3.7443749999999993,0.6275,0.155625,0.024375,2.8975,0.5025,0.014375000000000002,,,,,,,,,0.3374999999999999,-0.714375,-0.038124999999999964
55,long,LBE-T-RPhCL--,1.0625,4.25,80,0.974375,4.27375,0.7425,0.004375,1.6125,8.925,0.9,0.0125,-0.02,1.525625,0.495,0.0,0.77125,2.518125,0.690625,0.00875,0.9574999999999999,4.130625,0.738125,0.005,0.0025,3.08625,0.500625,0.0,1.0125,4.145,0.751875,0.005,0.95,3.9643749999999995,0.736875,0.0025,0.55,-1.0825,-0.08812500000000001
55,combined,C-EXT-RPHC-UK,0.875,3.98125,160,0.7840624999999999,3.984375,0.6775,0.0740625,1.31875,6.41875,0.825,0.01875,0.4265625,1.684375,0.6059375,0.0028125,0.6440625,2.3371874999999998,0.6553125,0.0228125,,,,,0.5590624999999999,3.2771875,0.6346875000000001,0.0203125,0.8021875000000002,3.990625,0.6821875,0.0734375,,,,,0.4437500000000001,-0.4484375,-0.09093750000000012
34,short,SB-XT-RPh----,1.45,3.7375,80,0.93875,3.799375,0.7125,0.08875,1.175,3.9375,0.7875,0.025,0.05437499999999999,1.51625,0.5125,0.004375,0.586875,3.179375,0.59375,0.21187499999999998,0.8768749999999998,3.8224999999999993,0.69375,0.10187499999999998,0.08125,3.3431249999999997,0.51625,0.01625,,,,,,,,,-0.2749999999999999,-1.395625,-0.51125
34,long,LBE-T-RPhCL--,1.2625,7.6625,80,1.054375,7.53125,0.755625,0.031875,1.6125,9.075,0.9,0.0125,0.027500000000000004,1.488125,0.506875,0.0,0.8256250000000002,3.026875,0.70125,0.020625,1.1675,7.578125,0.785625,0.025,0.0325,6.069375,0.508125,0.0,1.1575,7.8225,0.780625,0.035,1.1,6.760625,0.77125,0.015,0.3500000000000001,-1.2349999999999999,-0.2081249999999999
34,combined,C-EXT-RPHC-UK,1.35625,5.7,160,1.0090625,5.725624999999999,0.7381249999999999,0.056562499999999995,1.39375,6.4125,0.84375,0.01875,0.871875,2.7775,0.7159375,0.008125,0.8540625000000001,2.6575,0.7109375,0.0103125,,,,,1.0081250000000002,5.7071875,0.7371874999999999,0.059375,1.0231249999999998,5.7140625,0.7409375,0.059375,,,,,0.03750000000000009,-0.484375,-0.3471875
74,short,SB-XT-RPh----,1.025,4.0625,80,0.8087500000000001,4.109375,0.673125,0.11625,1.225,3.9875,0.8,0.025,0.113125,1.496875,0.526875,0.005625,0.5825,2.33875,0.62875,0.0675,0.7975,4.17,0.666875,0.13,0.026875,3.646875,0.495,0.046875,,,,,,,,,0.20000000000000018,-0.9118749999999999,-0.21624999999999983
74,long,LBE-T-RPhCL--,1.025,6.5125,80,1.0575,6.563125000000001,0.76125,0.0125,1.6625,8.925,0.9125,0.0125,0.0675,1.489375,0.516875,0.0,0.723125,2.340625,0.68,0.003125,1.071875,6.577499999999999,0.765,0.011875,-0.0425,4.548125,0.489375,0.0,1.09875,6.588125,0.770625,0.01625,1.01625,5.83875,0.751875,0.00875,0.6375000000000002,-0.9574999999999999,0.032500000000000195
74,combined,C-EXT-RPHC-UK,1.025,5.2875,160,0.9603125,5.245937499999999,0.7240624999999999,0.0640625,1.44375,6.45625,0.85625,0.01875,0.7462500000000001,2.1978125,0.6853125,0.005,0.7346874999999999,2.2090625,0.6821875000000001,0.0059375,,,,,1.0225,5.2534374999999995,0.7403124999999999,0.061250000000000006,0.9759375,5.30375,0.7265625,0.06968749999999999,,,,,0.4187500000000002,-0.27874999999999983,-0.0646874999999999
65,short,SB-XT-RPh----,1.15,3.75,80,0.9675,3.784375,0.7225,0.0775,1.175,3.8875,0.7875,0.025,0.179375,1.485625,0.54375,0.004375,0.395625,3.995,0.50375,0.380625,0.95875,3.7768749999999995,0.721875,0.07125,0.2675,3.299375,0.565625,0.005,,,,,,,,,0.025000000000000133,-0.9706249999999998,-0.18249999999999988
65,long,LBE-T-RPhCL--,1.175,6.75,80,1.1575,6.85625,0.78125,0.0325,1.6125,8.925,0.9,0.0125,-0.01,1.520625,0.49749999999999994,0.0,0.803125,3.4418750000000005,0.688125,0.05062500000000001,1.173125,6.853125,0.785625,0.030625000000000003,0.093125,4.92875,0.523125,0.000625,1.19125,6.87,0.79,0.03125,1.184375,6.17125,0.79375,0.009375,0.4375,-1.185,-0.01750000000000007
65,combined,C-EXT-RPHC-UK,1.1625,5.25,160,1.1284375,5.2921875,0.77125,0.043437500000000004,1.39375,6.425,0.84375,0.01875,0.9278124999999999,3.0559374999999998,0.7296875,0.009062500000000001,0.9490625000000001,2.975,0.7340625000000001,0.0128125,,,,,1.0878125,5.245937499999999,0.7603125000000001,0.04656250000000001,1.0850000000000002,5.320937499999999,0.7606249999999999,0.0425,,,,,0.23124999999999996,-0.23468750000000016,-0.03406250000000011
49,short,SB-XT-RPh----,0.7,3.825,80,0.64875,3.8862499999999995,0.635,0.10874999999999999,1.175,3.9875,0.7875,0.025,0.009375,1.519375,0.501875,0.001875,0.518125,2.128125,0.615625,0.055625,0.685625,3.888125,0.644375,0.108125,0.01125,3.34625,0.495,0.03125,,,,,,,,,0.4750000000000001,-0.6906249999999999,-0.05124999999999991
49,long,LBE-T-RPhCL--,1.05,5.9125,80,1.011875,5.95375,0.751875,0.004375,1.6125,9.0375,0.9,0.0125,-0.01,1.5,0.49749999999999994,0.0,0.703125,2.251875,0.675,0.003125,1.070625,5.956875,0.766875,0.003125,-0.035,4.265625,0.4912500000000001,0.0,0.999375,6.050625,0.74875,0.004375,0.9581250000000001,5.50625,0.739375,0.000625,0.5625,-1.06,-0.038124999999999964
49,combined,C-EXT-RPHC-UK,0.875,4.86875,160,0.8521875,4.8834375,0.699375,0.0546875,1.36875,6.4875,0.8375,0.01875,0.6803125000000001,2.0975,0.6690625,0.0040625,0.694375,2.0890625,0.671875,0.006875000000000001,,,,,0.8631249999999999,4.9275,0.7025,0.053125,0.8471875000000001,4.890625,0.6990624999999999,0.050937500000000004,,,,,0.4937499999999999,-0.1946874999999999,-0.022812500000000013
104,short,SB-XT-RPh----,0.8,3.325,80,0.745625,3.425,0.665,0.085625,1.225,3.9625,0.8,0.025,0.10687500000000001,1.480625,0.52625,0.001875,0.57125,2.795,0.60625,0.14625,0.8175000000000001,3.368125,0.68625,0.0725,0.1,2.83125,0.521875,0.0125,,,,,,,,,0.42500000000000004,-0.693125,-0.05437500000000006
104,long,LBE-T-RPhCL--,1.0125,5.0375,80,1.019375,5.004375,0.753125,0.006875000000000001,1.6625,8.9875,0.9125,0.0125,-0.052500000000000005,1.50875,0.48687500000000006,0.0,0.8006249999999999,2.588125,0.69875,0.005625,1.07125,5.025625,0.76625,0.00625,0.0775,3.4325,0.519375,0.0,1.040625,5.0075,0.759375,0.003125,0.9662500000000002,4.431875,0.740625,0.00375,0.6500000000000001,-1.065,0.0068749999999999645
104,combined,C-EXT-RPHC-UK,0.90625,4.18125,160,0.9653124999999999,4.172499999999999,0.7324999999999999,0.035312500000000004,1.44375,6.53125,0.85625,0.01875,0.7640625,2.191875,0.6900000000000001,0.0040625,0.805,2.2040625,0.6996875,0.00625,,,,,0.9915624999999999,4.1671875,0.74,0.0315625,1.0068750000000002,4.1671875,0.743125,0.034375,,,,,0.5375000000000001,-0.14218750000000002,0.05906249999999991
89,short,SB-XT-RPh----,0.95,4.05,80,0.749375,3.9262500000000005,0.66375,0.094375,1.175,3.95,0.7875,0.025,0.1325,1.52375,0.531875,0.005,0.46125,3.025625,0.5625,0.21125,0.750625,3.988125,0.6625,0.100625,0.123125,3.58875,0.5275,0.013125000000000001,,,,,,,,,0.2250000000000001,-0.8174999999999999,-0.20062499999999994
89,long,LBE-T-RPhCL--,1.1,6.3125,80,1.064375,6.261875,0.765,0.004375,1.6625,9.0875,0.9125,0.0125,0.035,1.459375,0.50875,0.0,0.761875,2.578125,0.688125,0.009375,1.085,6.29125,0.769375,0.0075,0.0725,5.2625,0.518125,0.0,1.110625,6.320625,0.776875,0.003125,1.07,5.79125,0.76625,0.005,0.5625,-1.0650000000000002,-0.03562500000000002
89,combined,C-EXT-RPHC-UK,1.025,5.18125,160,0.9734375,5.1903125,0.72875,0.05843750000000001,1.41875,6.5,0.85,0.01875,0.8059375,2.4834375,0.7,0.0059375,0.8053125,2.4896875,0.7,0.0053125,,,,,0.968125,5.1853125,0.7271875,0.05937499999999999,0.985625,5.1734375,0.7334375,0.05187499999999999,,,,,0.39375000000000004,-0.21906249999999994,-0.051562499999999956
56,short,SB-XT-RPh----,0.8875,3.225,80,0.840625,3.23125,0.703125,0.028125,1.175,4.0125,0.7875,0.025,0.059375,1.543125,0.51375,0.004375,0.604375,2.405,0.630625,0.081875,0.749375,3.19625,0.68,0.029374999999999995,0.0625,2.92875,0.513125,0.01,,,,,,,,,0.2875000000000001,-0.828125,-0.046875
56,long,LBE-T-RPhCL--,1.2125,6.625,80,1.0725,6.67375,0.76625,0.0075,1.6625,9.05,0.9125,0.0125,0.052500000000000005,1.525625,0.513125,0.0,0.74625,3.486875,0.67375,0.05125,1.185625,6.652500000000001,0.794375,0.008125,0.1475,5.0525,0.536875,0.0,1.080625,6.755625,0.7675,0.010625,1.041875,6.16875,0.76,0.001875,0.4500000000000002,-1.16,-0.1399999999999999
56,combined,C-EXT-RPHC-UK,1.05,4.925,160,0.9471874999999998,5.036874999999999,0.7246875,0.048437499999999994,1.41875,6.40625,0.85,0.01875,0.7415624999999999,2.3040625,0.684375,0.0040625,0.7625,2.2590624999999998,0.6890625,0.00625,,,,,0.9778125,5.074375,0.7318749999999999,0.0503125,0.9168749999999999,5.033125,0.7175,0.04687500000000001,,,,,0.3687499999999999,-0.30843750000000014,-0.1028125000000002
4,short,SB-XT-RPh----,1.0375,4.025,80,0.9,4.095625,0.696875,0.1125,1.225,3.9875,0.8,0.025,0.05625,1.4875,0.513125,0.00375,0.74875,2.591875,0.659375,0.11125,0.8956250000000001,4.0975,0.69625,0.110625,0.05500000000000001,3.66875,0.5075,0.025,,,,,,,,,0.1875,-0.9812500000000001,-0.13750000000000007
4,long,LBE-T-RPhCL--,1.3125,7.475,80,1.185,7.463125,0.794375,0.0075,1.6625,8.975,0.9125,0.0125,0.0875,1.52125,0.521875,0.0,0.8474999999999999,3.126875,0.704375,0.03,1.201875,7.521875,0.798125,0.009375,0.1475,6.229375,0.536875,0.0,1.170625,7.525,0.79125,0.005625,1.15625,7.10125,0.788125,0.00375,0.3500000000000001,-1.225,-0.12749999999999995
4,combined,C-EXT-RPHC-UK,1.175,5.75,160,1.0206250000000001,5.795625,0.7381249999999999,0.068125,1.44375,6.5,0.85625,0.01875,0.9081250000000001,2.70625,0.725625,0.005625,0.9040624999999999,2.6262499999999998,0.7240624999999999,0.0078125,,,,,1.024375,5.7612499999999995,0.7403124999999999,0.06312500000000001,1.0203125,5.774062499999999,0.73875,0.06531250000000001,,,,,0.26875000000000004,-0.266875,-0.15437499999999993
33,short,SB-XT-RPh----,1.175,4.2625,80,0.8975,4.18625,0.693125,0.125,1.175,3.95,0.7875,0.025,0.030625000000000003,1.498125,0.506875,0.003125,0.551875,3.451875,0.573125,0.259375,0.881875,4.224375,0.68625,0.136875,0.2325,3.721875,0.55125,0.027500000000000004,,,,,,,,,0.0,-1.1443750000000001,-0.2775000000000001
33,long,LBE-T-RPhCL--,1.2375,7.225,80,1.16625,7.209999999999999,0.78125,0.04125,1.6625,9.025,0.9125,0.0125,-0.005,1.489375,0.4987500000000001,0.0,0.9,2.905,0.72,0.02,1.108125,7.18125,0.768125,0.035625,0.0625,5.771875,0.515625,0.0,1.173125,7.279999999999999,0.78375,0.038125,1.15125,6.673125000000001,0.781875,0.02375,0.42500000000000004,-1.2425,-0.07125000000000004
33,combined,C-EXT-RPHC-UK,1.20625,5.74375,160,1.0628125000000002,5.7075000000000005,0.7478125,0.0715625,1.41875,6.39375,0.85,0.01875,0.835,2.7243749999999998,0.7071875000000001,0.00625,0.8715624999999999,2.665,0.7165625,0.0053124999999999995,,,,,1.01125,5.6728125,0.7384375000000001,0.057499999999999996,1.0518750000000001,5.7096875,0.744375,0.074375,,,,,0.2124999999999999,-0.3712500000000001,-0.14343749999999988
82,short,SB-XT-RPh----,0.9,4.0,80,0.9506250000000002,3.9762499999999994,0.719375,0.073125,1.225,4.0,0.8,0.025,0.05750000000000001,1.478125,0.51375,0.0025,0.711875,2.76625,0.6425,0.141875,0.945,4.04875,0.71625,0.08,0.088125,3.611875,0.516875,0.020625,,,,,,,,,0.32500000000000007,-0.8425,0.05062500000000014
82,long,LBE-T-RPhCL--,0.9625,7.0875,80,1.135,7.075625,0.781875,0.0075,1.6625,9.15,0.9125,0.0125,0.05,1.490625,0.5125,0.0,0.773125,2.466875,0.6925,0.003125,1.1275,7.041875,0.78,0.0075,0.1775,5.38125,0.544375,0.0,1.1075,7.178749999999999,0.775,0.0075,1.1,6.546249999999999,0.773125,0.0075,0.7000000000000001,-0.9125,0.1725
82,combined,C-EXT-RPHC-UK,0.93125,5.54375,160,0.9506250000000002,5.6096875,0.7190625,0.074375,1.44375,6.41875,0.85625,0.01875,0.775625,2.2940625,0.6928124999999999,0.004375,0.789375,2.2284374999999996,0.6959375,0.005625,,,,,0.9556249999999998,5.6015625,0.7212500000000001,0.07062500000000001,0.991875,5.568125,0.7318749999999999,0.06437499999999999,,,,,0.5125000000000001,-0.155625,0.019375000000000142
41,short,SB-XT-RPh----,0.7125,4.525,80,0.8768749999999998,4.489375,0.684375,0.139375,1.225,3.925,0.8,0.025,0.14125,1.49625,0.534375,0.00375,0.628125,2.38125,0.634375,0.090625,0.79875,4.52625,0.66,0.15875,0.1375,4.271875,0.515,0.0775,,,,,,,,,0.5125000000000001,-0.57125,0.16437499999999983
41,long,LBE-T-RPhCL--,1.2625,9.2,80,1.158125,9.27,0.778125,0.045625,1.6625,9.075,0.9125,0.0125,0.052500000000000005,1.49875,0.513125,0.0,0.776875,2.47375,0.693125,0.004375,1.088125,9.295,0.760625,0.045625,0.07125,8.450625,0.51625,0.00625,1.189375,9.2125,0.789375,0.031875,1.14125,9.2425,0.775,0.04125,0.40000000000000013,-1.21,-0.10437499999999988
41,combined,C-EXT-RPHC-UK,0.9875,6.8625,160,0.9574999999999999,6.8715625000000005,0.7068749999999999,0.13,1.44375,6.4875,0.85625,0.01875,0.7725,2.378125,0.6912499999999999,0.0075,0.825,2.3850000000000002,0.7046875,0.00625,,,,,0.9475,6.839999999999999,0.7046875,0.12875,0.9565625000000001,6.8878125,0.7059375,0.1328125,,,,,0.45625000000000004,-0.21500000000000008,-0.030000000000000138
47,short,SB-XT-RPh----,0.9875,4.0125,80,0.951875,4.116875,0.710625,0.109375,1.325,3.8875,0.825,0.025,0.07875,1.53125,0.51875,0.00375,0.66125,3.0725,0.62,0.18125,0.9268750000000001,4.15375,0.705,0.10687500000000001,0.1375,3.725,0.5275,0.027500000000000004,,,,,,,,,0.3374999999999999,-0.9087500000000001,-0.03562500000000002
47,long,LBE-T-RPhCL--,1.25,6.4625,80,1.193125,6.43125,0.798125,0.000625,1.6625,8.975,0.9125,0.0125,0.1875,1.551875,0.546875,0.0,0.8924999999999998,3.323125,0.716875,0.025,1.1675,6.413124999999999,0.791875,0.0,0.375,5.719375,0.59375,0.0,1.1725,6.4275,0.793125,0.0,1.14,6.135,0.785,0.0,0.4125000000000001,-1.0625,-0.05687500000000001
47,combined,C-EXT-RPHC-UK,1.11875,5.2375,160,1.1084375,5.27375,0.764375,0.05093749999999999,1.46875,6.4875,0.8625,0.01875,0.9649999999999999,3.0462499999999997,0.7390625,0.008749999999999999,0.9571875000000001,3.00625,0.7365625,0.0109375,,,,,1.063125,5.23125,0.7509375,0.059375,1.108125,5.2496875,0.7646875,0.049375,,,,,0.3500000000000001,-0.15375000000000005,-0.010312499999999947
51,short,SB-XT-RPh----,0.8875,4.25,80,0.691875,4.134375,0.6325,0.161875,1.175,3.925,0.7875,0.025,-0.000625,1.47875,0.4987500000000001,0.004375,0.50125,2.99875,0.580625,0.17875,0.8375,4.1875,0.670625,0.155,0.05187499999999999,3.520625,0.50625,0.026875,,,,,,,,,0.2875000000000001,-0.8881249999999999,-0.19562499999999994
51,long,LBE-T-RPhCL--,0.775,7.1125,80,1.140625,7.150625,0.78125,0.015625,1.6625,9.0,0.9125,0.0125,0.045,1.495,0.51125,0.0,0.836875,2.50125,0.7075,0.006875000000000001,1.14375,7.159375,0.7825,0.013750000000000002,0.06375,5.80125,0.515625,0.00125,1.2,7.054375,0.7975,0.01,1.114375,7.0075,0.775,0.014375000000000002,0.8875000000000001,-0.73,0.365625
51,combined,C-EXT-RPHC-UK,0.83125,5.68125,160,0.9506250000000002,5.6790625,0.715625,0.088125,1.41875,6.55,0.85,0.01875,0.7393749999999999,2.1478124999999997,0.6834374999999999,0.005625,0.771875,2.1725000000000003,0.690625,0.009375,,,,,0.9484375,5.6565625,0.715,0.0884375,0.9953125,5.6934375,0.7275,0.08531249999999999,,,,,0.5874999999999999,-0.09187500000000015,0.11937500000000012
63,short,SB-XT-RPh----,0.9875,3.9375,80,0.8725000000000002,4.034375,0.68,0.1525,1.175,3.925,0.7875,0.025,0.028125,1.544375,0.505625,0.005625,0.5375,3.4825000000000004,0.561875,0.29,0.91625,3.985625,0.695,0.13625,0.133125,3.3887500000000004,0.53,0.013125000000000001,,,,,,,,,0.1875,-0.9593750000000001,-0.11499999999999988
63,long,LBE-T-RPhCL--,0.8125,6.9875,80,1.1025,6.926249999999999,0.7725,0.0125,1.6125,8.875,0.9,0.0125,-0.01,1.49125,0.49749999999999994,0.0,0.820625,2.440625,0.70375,0.005625,1.129375,7.02875,0.779375,0.011875,0.058125,5.455625,0.514375,0.000625,1.13125,7.003125,0.78,0.01125,1.078125,6.726875,0.76625,0.013125000000000001,0.8,-0.8225,0.29000000000000004
63,combined,C-EXT-RPHC-UK,0.9,5.4625,160,1.0721875,5.445937499999999,0.7537499999999999,0.0571875,1.39375,6.54375,0.84375,0.01875,0.821875,2.591875,0.70375,0.006875000000000001,0.8637499999999999,2.5568750000000002,0.7134375000000001,0.01,,,,,1.0350000000000001,5.465625,0.7453125,0.05375,1.05,5.4065625,0.749375,0.052500000000000005,,,,,0.49375,-0.078125,0.17218750000000005
99,short,SB-XT-RPh----,1.25,4.3625,80,0.8225,4.296875,0.664375,0.165,1.225,3.95,0.8,0.025,-0.0025,1.514375,0.49812500000000004,0.005,0.62375,3.288125,0.59875,0.22875,0.846875,4.331875,0.670625,0.164375,0.071875,3.753125,0.509375,0.034375,,,,,,,,,-0.02499999999999991,-1.2525,-0.4275
99,long,LBE-T-RPhCL--,1.125,7.9125,80,1.21625,7.876250000000001,0.793125,0.04375,1.6625,8.9875,0.9125,0.0125,0.0925,1.51375,0.523125,0.0,0.851875,4.2425,0.685625,0.109375,1.240625,7.900625,0.8006249999999999,0.038125,0.053125,6.7525,0.513125,0.000625,1.20125,7.896875,0.790625,0.03875,1.2275,7.259375,0.8018750000000001,0.02,0.5375000000000001,-1.0325,0.09125000000000005
99,combined,C-EXT-RPHC-UK,1.1875,6.1375,160,1.0496874999999999,6.065,0.7418750000000001,0.0821875,1.44375,6.43125,0.85625,0.01875,0.929375,2.8359375,0.73,0.009375,0.9528125,2.8384375,0.7353125,0.0115625,,,,,1.074375,6.0265625,0.75,0.074375,1.07875,6.0625,0.748125,0.08625000000000001,,,,,0.2562500000000001,-0.25812500000000005,-0.13781250000000012
26,short,SB-XT-RPh----,1.1875,4.1625,80,0.8612499999999998,4.216875,0.665625,0.19875,1.275,3.9625,0.8125,0.025,0.006875000000000001,1.526875,0.500625,0.004375,0.596875,3.5525000000000007,0.57875,0.281875,0.89,4.209375,0.675625,0.1875,0.08625,3.509375,0.516875,0.01875,,,,,,,,,0.08749999999999991,-1.180625,-0.32625000000000015
26,long,LBE-T-RPhCL--,1.3125,8.675,80,1.08,8.5125,0.751875,0.0725,1.6625,9.125,0.9125,0.0125,-0.10500000000000001,1.4875,0.47375,0.0,0.7475,2.92,0.6825,0.0175,1.163125,8.436875,0.7725,0.073125,0.115625,6.647499999999999,0.52875,0.000625,1.0825,8.536875,0.75125,0.0775,1.056875,7.884375,0.74375,0.081875,0.3500000000000001,-1.4175,-0.23249999999999993
26,combined,C-EXT-RPHC-UK,1.25,6.41875,160,0.9903125000000002,6.3965625,0.7184375000000001,0.11656249999999999,1.46875,6.54375,0.8625,0.01875,0.76625,2.2896875000000003,0.690625,0.00375,0.858125,2.496875,0.7121875,0.009375000000000001,,,,,0.9978125000000002,6.253125,0.7262500000000001,0.09281249999999999,0.9818750000000002,6.453749999999999,0.71375,0.12687500000000002,,,,,0.21875,-0.48375,-0.25968749999999985
80,short,SB-XT-RPh----,0.3625,3.85,80,0.511875,3.84125,0.603125,0.099375,1.025,3.9375,0.75,0.025,0.008125,1.488125,0.50125,0.003125,0.300625,1.9431249999999998,0.566875,0.033125,0.40062499999999995,3.815,0.57375,0.105625,-0.026875,3.4456250000000006,0.4831250000000001,0.040625,,,,,,,,,0.6624999999999999,-0.354375,0.14937499999999998
80,long,LBE-T-RPhCL--,1.15,5.9875,80,1.019375,5.93125,0.75375,0.004375,1.6125,9.025,0.9,0.0125,0.0025,1.505,0.500625,0.0,0.625,2.119375,0.65625,0.0,0.9712499999999998,5.871875,0.74125,0.00625,-0.052500000000000005,4.805,0.48687500000000006,0.0,1.015625,5.876875,0.753125,0.003125,0.9675,5.353125,0.74125,0.0025,0.46250000000000013,-1.1475,-0.130625
80,combined,C-EXT-RPHC-UK,0.75625,4.91875,160,0.6728125,4.9040625,0.6512499999999999,0.06781250000000001,1.31875,6.45625,0.825,0.01875,0.535,1.8853125,0.6325,0.005,0.5490625,1.8728124999999998,0.6362500000000001,0.0040625,,,,,0.6775,4.9578125,0.6534375,0.06375,0.699375,4.9171875,0.6584375,0.06562499999999999,,,,,0.5625000000000001,-0.22124999999999995,-0.08343749999999994
75,short,SB-XT-RPh----,0.825,3.8625,80,0.9675,3.9081249999999996,0.721875,0.08,1.225,3.925,0.8,0.025,0.095625,1.525,0.523125,0.003125,0.54125,3.55,0.564375,0.28375,1.033125,3.91,0.740625,0.070625,0.171875,3.5225,0.53875,0.016875,,,,,,,,,0.40000000000000013,-0.729375,0.14250000000000007
75,long,LBE-T-RPhCL--,1.3,6.925,80,1.2,6.870625000000001,0.7975,0.01,1.6625,8.85,0.9125,0.0125,0.04,1.450625,0.51,0.0,0.89875,3.44625,0.71125,0.05375,1.24,6.885,0.806875,0.0125,0.135,5.18375,0.53375,0.0,1.228125,6.960625,0.805,0.008125,1.219375,6.35,0.80375,0.004375,0.36250000000000004,-1.26,-0.10000000000000009
75,combined,C-EXT-RPHC-UK,1.0625,5.39375,160,1.0578125,5.430312499999999,0.75,0.0578125,1.44375,6.4375,0.85625,0.01875,0.9024999999999999,2.8715624999999996,0.723125,0.01,0.9012499999999999,2.7643750000000002,0.7225,0.01125,,,,,1.1153125000000002,5.4240625,0.766875,0.047812499999999994,1.065625,5.41875,0.7546875,0.046875,,,,,0.3812500000000001,-0.16000000000000014,-0.004687499999999956
13,short,SB-XT-RPh----,0.775,4.1,80,0.85,4.03625,0.686875,0.1025,1.125,3.9,0.775,0.025,0.030625000000000003,1.519375,0.506875,0.003125,0.549375,3.049375,0.59,0.189375,0.8868750000000001,4.06375,0.694375,0.109375,0.27125,3.59125,0.5625,0.02125,,,,,,,,,0.35,-0.744375,0.07499999999999996
13,long,LBE-T-RPhCL--,1.05,5.9125,80,1.180625,6.03125,0.7925,0.010625,1.6625,9.0375,0.9125,0.0125,0.0975,1.5125,0.524375,0.0,0.8543749999999999,3.131875,0.7075,0.024375,1.17625,6.023125,0.79125,0.01125,0.0475,4.706875,0.511875,0.0,1.1225,6.080625,0.7775,0.0125,1.006875,5.3975,0.750625,0.004375,0.6125,-0.9525,0.130625
13,combined,C-EXT-RPHC-UK,0.9125,5.00625,160,1.0484375,5.084687499999999,0.7478125,0.0571875,1.39375,6.44375,0.84375,0.01875,0.8896875000000002,2.5046875,0.7215625,0.0034375000000000005,0.8018750000000001,2.4953125,0.69875,0.006875000000000001,,,,,0.9943750000000001,5.0181249999999995,0.7371875,0.045625,1.014375,5.008750000000001,0.740625,0.051875000000000004,,,,,0.48125000000000007,-0.02281249999999979,0.13593749999999993
29,short,SB-XT-RPh----,0.8125,4.0125,80,0.8387499999999999,3.9918749999999994,0.68875,0.08375,1.225,3.9875,0.8,0.025,0.158125,1.46625,0.53875,0.003125,0.71875,2.365625,0.660625,0.07625,0.858125,3.9975,0.69375,0.083125,0.09125,3.62625,0.51625,0.026250000000000002,,,,,,,,,0.4125000000000001,-0.654375,0.026249999999999885
29,long,LBE-T-RPhCL--,0.9625,7.3875,80,1.0325,7.42375,0.7575,0.0025,1.6125,9.0625,0.9,0.0125,0.027500000000000004,1.49875,0.506875,0.0,0.6625,2.15625,0.665,0.0025,1.084375,7.355625000000001,0.770625,0.001875,0.2,6.225,0.55,0.0,1.11,7.369375,0.776875,0.0025,1.0025,7.105000000000001,0.750625,0.0,0.65,-0.935,0.06999999999999995
29,combined,C-EXT-RPHC-UK,0.8875,5.7,160,0.9421875,5.6378125,0.719375,0.06468749999999998,1.41875,6.46875,0.85,0.01875,0.7931250000000001,2.321875,0.6971874999999998,0.004375,0.7993750000000001,2.2893749999999997,0.6987500000000001,0.004375,,,,,0.849375,5.6975,0.694375,0.07187500000000001,0.9146875,5.6590625,0.7143750000000001,0.0571875,,,,,0.53125,-0.09437499999999988,0.0546875
46,short,SB-XT-RPh----,0.8,4.3625,80,0.741875,4.37625,0.6375,0.191875,1.325,4.0125,0.825,0.025,0.061250000000000006,1.499375,0.514375,0.00375,0.64,2.691875,0.623125,0.1475,0.731875,4.3975,0.63375,0.196875,0.068125,3.799375,0.505625,0.045625,,,,,,,,,0.5249999999999999,-0.73875,-0.05812500000000009
46,long,LBE-T-RPhCL--,1.1,6.15,80,1.043125,6.063125,0.759375,0.005625,1.5625,9.0875,0.8875,0.0125,-0.035,1.49875,0.4912500000000001,0.0,0.77125,2.6025,0.69,0.01125,1.060625,6.154375,0.763125,0.008125,0.055625,4.54625,0.51375,0.000625,1.0175,6.133125,0.751875,0.01,0.9731249999999999,5.400625,0.7425,0.003125,0.4624999999999999,-1.135,-0.05687500000000001
46,combined,C-EXT-RPHC-UK,0.95,5.25625,160,0.9159375000000001,5.225312499999999,0.7071875000000001,0.0871875,1.44375,6.55625,0.85625,0.01875,0.7303125,2.1275,0.6815625000000001,0.0040625,0.8090625000000001,2.2975000000000003,0.6993750000000001,0.0115625,,,,,0.9365625,4.965000000000001,0.7190624999999999,0.06031249999999999,0.9293750000000001,5.241874999999999,0.71,0.089375,,,,,0.49375000000000013,-0.21968749999999992,-0.034062499999999885
52,short,SB-XT-RPh----,0.9375,3.725,80,0.623125,3.66875,0.62125,0.138125,1.125,3.95,0.775,0.025,-0.060625,1.510625,0.48250000000000004,0.009375,0.525625,2.441875,0.606875,0.098125,0.639375,3.65125,0.625,0.139375,0.005,2.938125,0.495625,0.0225,,,,,,,,,0.1875,-0.998125,-0.31437499999999996
52,long,LBE-T-RPhCL--,1.1125,5.25,80,1.041875,5.208125,0.75625,0.016875,1.6125,9.0,0.9,0.0125,0.125,1.499375,0.53125,0.0,0.74125,3.008125,0.679375,0.02375,1.048125,5.03125,0.758125,0.015625,0.0025,3.6662499999999993,0.500625,0.0,0.9175000000000001,5.146875,0.725625,0.015,0.903125,4.5825,0.725,0.003125,0.5,-0.9875,-0.07062499999999994
52,combined,C-EXT-RPHC-UK,1.025,4.4875,160,0.8128125,4.320625,0.6803125,0.0915625,1.36875,6.5,0.8375,0.01875,0.6871875000000001,1.9881250000000001,0.670625,0.004687500000000001,0.7659375,2.44375,0.685625,0.0234375,,,,,0.7262500000000001,4.015,0.6671875,0.057499999999999996,0.766875,4.2928125,0.6681250000000001,0.094375,,,,,0.34375,-0.33781249999999985,-0.21218749999999986
67,short,SB-XT-RPh----,0.975,3.6,80,0.9037500000000002,3.6349999999999993,0.708125,0.07125,1.275,3.925,0.8125,0.025,0.02375,1.495,0.505,0.00375,0.626875,2.919375,0.61625,0.161875,0.9675,3.6268749999999996,0.7225,0.0775,0.090625,3.1775,0.520625,0.008125,,,,,,,,,0.29999999999999993,-0.9512499999999999,-0.07124999999999981
67,long,LBE-T-RPhCL--,1.05,5.8,80,1.0775,5.795625,0.769375,0.0,1.6625,9.1,0.9125,0.0125,0.1625,1.556875,0.540625,0.0,0.8275,2.581875,0.705,0.0075,1.115,5.928125,0.77875,0.0,0.3275,4.263125,0.581875,0.0,1.13,5.905,0.7825,0.0,1.0775,5.516875,0.769375,0.0,0.6125,-0.8875000000000001,0.027499999999999858
67,combined,C-EXT-RPHC-UK,1.0125,4.7,160,0.8946875000000001,4.70875,0.713125,0.0421875,1.46875,6.425,0.8625,0.01875,0.756875,2.33625,0.688125,0.004375,0.7840624999999999,2.2996874999999997,0.6946875,0.0053124999999999995,,,,,0.9165624999999998,4.704062500000001,0.7190624999999999,0.0403125,0.9678125,4.7778125000000005,0.7321875,0.0390625,,,,,0.45625000000000004,-0.255625,-0.11781249999999988
105,short,SB-XT-RPh----,1.075,3.95,80,0.788125,3.9925000000000006,0.6725,0.098125,1.225,3.875,0.8,0.025,0.04125,1.480625,0.51,0.00125,0.679375,2.253125,0.65625,0.05437499999999999,0.828125,4.008125,0.681875,0.100625,0.081875,3.565625,0.51125,0.036875,,,,,,,,,0.15000000000000013,-1.03375,-0.286875
105,long,LBE-T-RPhCL--,0.8625,6.6625,80,1.133125,6.675624999999999,0.783125,0.000625,1.6625,9.0875,0.9125,0.0125,0.09,1.498125,0.5225,0.0,0.79125,2.69125,0.696875,0.00375,1.17625,6.649375000000001,0.7925,0.00625,0.12,4.56875,0.53,0.0,1.184375,6.726875,0.795,0.004375,1.07,5.945,0.7675,0.0,0.8,-0.7725000000000001,0.2706249999999999
105,combined,C-EXT-RPHC-UK,0.96875,5.30625,160,0.93125,5.2953125,0.7203125,0.05,1.44375,6.48125,0.85625,0.01875,0.7512500000000001,2.3171875,0.68625,0.00625,0.7421875,2.24375,0.684375,0.0046875,,,,,0.9671875,5.3393749999999995,0.7290625000000001,0.050937500000000004,0.89875,5.259375,0.7106250000000001,0.05625,,,,,0.4750000000000001,-0.21749999999999992,-0.03749999999999998
101,short,SB-XT-RPh----,0.6625,4.35,80,0.6425,4.371875,0.60875,0.20749999999999996,1.175,3.9625,0.7875,0.025,0.105625,1.4875,0.525625,0.003125,0.69375,2.714375,0.643125,0.12125,0.74375,4.328125,0.639375,0.18625,0.021875,3.7112500000000006,0.495625,0.039375,,,,,,,,,0.5125000000000001,-0.556875,-0.020000000000000018
101,long,LBE-T-RPhCL--,1.25,7.2875,80,1.230625,7.230000000000001,0.8006249999999999,0.028125,1.6625,9.0125,0.9125,0.0125,0.02,1.5125,0.505,0.0,0.8568750000000002,4.204375,0.6875,0.10687500000000001,1.24625,7.256874999999999,0.8025,0.03625,0.1275,4.934375,0.531875,0.0,1.20375,7.363749999999999,0.7925,0.03375,1.114375,6.26125,0.775,0.014375000000000002,0.4125000000000001,-1.23,-0.01937499999999992
101,combined,C-EXT-RPHC-UK,0.95625,5.81875,160,0.9928125,5.7759374999999995,0.7228125000000001,0.1015625,1.41875,6.41875,0.85,0.01875,0.8412499999999999,2.4221875,0.7090625000000002,0.005,0.8990625,2.67875,0.7212500000000001,0.0140625,,,,,0.993125,5.563437500000001,0.7309375,0.06937499999999999,0.99375,5.782187500000001,0.7246874999999999,0.095,,,,,0.4624999999999999,-0.1150000000000001,0.03656249999999994
61,short,SB-XT-RPh----,1.2375,3.8875,80,0.8143749999999998,3.8512499999999994,0.686875,0.066875,1.125,3.9375,0.775,0.025,0.15,1.515625,0.536875,0.0025,0.40875000000000006,3.378125,0.533125,0.27625,0.836875,3.930625,0.688125,0.084375,0.2,3.546875,0.546875,0.0125,,,,,,,,,-0.11250000000000004,-1.0875000000000001,-0.4231250000000002
61,long,LBE-T-RPhCL--,1.35,7.325,80,1.270625,7.340625,0.8168749999999999,0.003125,1.6625,8.9875,0.9125,0.0125,0.035,1.500625,0.50875,0.0,0.9506250000000002,3.240625,0.730625,0.028125,1.24625,7.303125,0.81125,0.00125,0.225,6.023125,0.55625,0.0,1.235625,7.31875,0.8081250000000001,0.003125,1.198125,6.71375,0.799375,0.000625,0.3125,-1.3150000000000002,-0.0793750000000002
61,combined,C-EXT-RPHC-UK,1.29375,5.60625,160,1.06375,5.5940625,0.7540625000000001,0.0475,1.39375,6.5125,0.84375,0.01875,0.9221875,3.0915624999999998,0.7284375,0.008437499999999999,0.9537500000000001,3.1265624999999995,0.735625,0.011250000000000001,,,,,1.026875,5.571250000000001,0.74375,0.051875000000000004,1.111875,5.626250000000001,0.76625,0.046875,,,,,0.10000000000000009,-0.3715624999999999,-0.22999999999999998
27,short,SB-XT-RPh----,0.8375,4.4,80,0.795625,4.283125,0.65875,0.160625,1.325,3.9875,0.825,0.025,-0.02375,1.488125,0.4931249999999999,0.00375,0.67125,2.331875,0.6475,0.08125,0.745625,4.255625,0.645,0.165625,-0.058125,3.675,0.4725,0.05187499999999999,,,,,,,,,0.48749999999999993,-0.8612500000000001,-0.041874999999999996
27,long,LBE-T-RPhCL--,1.0625,7.8375,80,1.195625,7.768125,0.785625,0.053125,1.6625,9.1125,0.9125,0.0125,0.065,1.5125,0.51625,0.0,0.89,2.9475,0.716875,0.0225,1.146875,7.864375,0.769375,0.069375,0.029374999999999995,5.726875,0.506875,0.001875,1.17125,7.88875,0.7775,0.061250000000000006,1.136875,7.21375,0.773125,0.044375,0.6000000000000001,-0.9975,0.13312499999999994
27,combined,C-EXT-RPHC-UK,0.95,6.11875,160,0.9053125000000002,6.083125,0.6953125,0.12406249999999999,1.49375,6.48125,0.86875,0.01875,0.7203125,2.00625,0.6793750000000001,0.0028125,0.7918749999999999,2.143125,0.6959375,0.008125,,,,,0.8503124999999999,5.850625,0.68875,0.0953125,0.8574999999999999,6.14625,0.683125,0.125,,,,,0.54375,-0.22968749999999993,-0.04468749999999977
93,short,SB-XT-RPh----,0.575,3.4875,80,0.708125,3.511875,0.65875,0.073125,1.075,3.975,0.7625,0.025,0.07625,1.493125,0.51875,0.00125,0.57625,2.23375,0.629375,0.05874999999999999,0.703125,3.503125,0.65875,0.068125,-0.03125,2.944375,0.48875,0.013750000000000002,,,,,,,,,0.5,-0.49874999999999997,0.13312500000000005
93,long,LBE-T-RPhCL--,1.15,5.5875,80,0.994375,5.688125,0.745,0.014375000000000002,1.5625,9.05,0.8875,0.0125,0.0375,1.495625,0.509375,0.0,0.628125,2.378125,0.65625,0.003125,0.965625,5.64375,0.73875,0.010625,-0.084375,3.269375,0.47874999999999995,0.000625,0.953125,5.774375,0.735,0.013125000000000001,0.8631249999999999,4.97625,0.714375,0.005625,0.4125000000000001,-1.1124999999999998,-0.1556249999999999
93,combined,C-EXT-RPHC-UK,0.8625,4.5375,160,0.8603125,4.506562499999999,0.7040625,0.0440625,1.31875,6.5,0.825,0.01875,0.6375,2.1193750000000002,0.6575,0.0075,0.71375,2.1278125,0.6765625,0.0075000000000000015,,,,,0.86,4.5178125,0.7037500000000001,0.045,0.853125,4.588125,0.7025,0.043125000000000004,,,,,0.45625000000000004,-0.2250000000000001,-0.002187500000000009
17,short,SB-XT-RPh----,1.0,3.85,80,0.591875,3.9125,0.60875,0.156875,0.975,3.9375,0.7375,0.025,-0.131875,1.494375,0.465625,0.005625,0.314375,3.125,0.5225,0.224375,0.570625,3.8600000000000003,0.6025,0.160625,-0.055625,3.005,0.48187499999999994,0.016875,,,,,,,,,-0.025000000000000022,-1.131875,-0.40812499999999996
17,long,LBE-T-RPhCL--,1.2,8.2625,80,0.889375,8.21375,0.681875,0.161875,1.5625,8.85,0.8875,0.0125,0.135,1.553125,0.53375,0.0,0.735,2.7425,0.680625,0.0125,0.8887500000000002,8.1375,0.685,0.14875,0.29125,4.7025,0.570625,0.00875,0.9525,8.905,0.6925,0.1825,0.614375,10.67375,0.5675,0.344375,0.36250000000000004,-1.065,-0.31062499999999993
17,combined,C-EXT-RPHC-UK,1.1,6.05625,160,0.7175,5.9278125,0.6409374999999999,0.15375,1.26875,6.4875,0.8125,0.01875,0.5134375,1.95375,0.6271875,0.0046875,0.653125,2.5403125,0.6575,0.023125,,,,,0.6762500000000001,5.3003125,0.6540625,0.06,0.6721874999999999,6.587187499999999,0.6096875,0.23343750000000005,,,,,0.16874999999999996,-0.5865625000000001,-0.38250000000000006
7,short,SB-XT-RPh----,1.0125,3.2875,80,0.9275,3.36875,0.71625,0.0625,1.275,4.0,0.8125,0.025,0.118125,1.48,0.52875,0.003125,0.46375,3.59875,0.540625,0.30125,0.96875,3.37875,0.72625,0.06375,0.205,2.840625,0.550625,0.0025,,,,,,,,,0.26249999999999996,-0.8943749999999999,-0.08499999999999996
7,long,LBE-T-RPhCL--,1.05,7.525,80,1.02875,7.54125,0.745625,0.04625,1.6125,8.9375,0.9,0.0125,0.11500000000000002,1.503125,0.52875,0.0,0.686875,3.009375,0.665625,0.024375,1.138125,7.563750000000001,0.775625,0.035625,0.055625,5.37375,0.513125,0.003125,1.09625,7.683750000000001,0.760625,0.05375,1.09125,7.068125,0.765,0.03125,0.5625,-0.935,-0.02124999999999999
7,combined,C-EXT-RPHC-UK,1.03125,5.40625,160,1.0393750000000002,5.5096875,0.746875,0.051875000000000004,1.44375,6.3875,0.85625,0.01875,0.8637499999999999,2.4659375,0.7146874999999999,0.005,0.8025,2.40125,0.6990625,0.0062499999999999995,,,,,1.076875,5.516562500000001,0.7565625,0.050624999999999996,1.038125,5.52625,0.7459375,0.05437499999999999,,,,,0.4125000000000001,-0.1675000000000001,0.00812500000000016
12,short,SB-XT-RPh----,0.75,3.875,80,0.834375,3.9006249999999993,0.693125,0.061875,1.175,3.9625,0.7875,0.025,0.039375,1.498125,0.50875,0.004375,0.690625,2.459375,0.6525,0.080625,0.8706250000000001,3.8875,0.700625,0.068125,0.031875,3.553125,0.5025,0.021875,,,,,,,,,0.42500000000000004,-0.710625,0.08437499999999998
12,long,LBE-T-RPhCL--,1.2,7.4125,80,1.2525,7.415000000000001,0.811875,0.005,1.6625,9.125,0.9125,0.0125,0.08,1.504375,0.52,0.0,0.845,3.38125,0.7,0.045,1.27,7.414375,0.815625,0.0075,0.1325,5.910625,0.533125,0.0,1.20125,7.43,0.798125,0.00875,1.14875,6.654375,0.78625,0.00375,0.46250000000000013,-1.1199999999999999,0.05249999999999999
12,combined,C-EXT-RPHC-UK,0.975,5.64375,160,1.0078125,5.6665625,0.735625,0.0653125,1.41875,6.40625,0.85,0.01875,0.809375,2.48125,0.7009375,0.005625000000000001,0.781875,2.3918749999999998,0.6940625,0.005625,,,,,0.95,5.647187499999999,0.721875,0.0625,0.9915625,5.635,0.7328125,0.060312500000000005,,,,,0.44375,-0.16562500000000002,0.03281250000000002
103,short,SB-XT-RPh----,0.875,3.6875,80,0.62375,3.68375,0.65,0.02375,1.125,4.0,0.775,0.025,0.1325,1.51625,0.5325,0.0025,0.27375,2.524375,0.526875,0.16625,0.721875,3.6568750000000003,0.67375,0.026875,0.285625,3.6868749999999997,0.57,0.005625,,,,,,,,,0.25,-0.7424999999999999,-0.25125
103,long,LBE-T-RPhCL--,1.1625,9.6375,80,1.249375,9.625625,0.78375,0.114375,1.6625,8.9625,0.9125,0.0125,0.18,1.55625,0.545,0.0,0.915,5.034375,0.68625,0.17,1.20625,9.611875,0.771875,0.11875,0.359375,7.4475,0.58625,0.014375000000000002,1.19125,9.660625,0.765625,0.12875,1.1575,9.891875,0.753125,0.145,0.5,-0.9825000000000002,0.08687499999999981
103,combined,C-EXT-RPHC-UK,1.01875,6.6625,160,1.04,6.638125,0.7396875,0.08125,1.39375,6.54375,0.84375,0.01875,0.9003125000000001,2.7181249999999997,0.7228125000000001,0.0090625,0.8290625,2.598125,0.7059374999999999,0.0053125,,,,,1.026875,6.6328125,0.7390625,0.07062500000000001,1.0071875000000001,6.680312499999999,0.7318749999999999,0.0796875,,,,,0.375,-0.11843749999999997,0.02124999999999999
48,short,SB-XT-RPh----,0.8625,3.75,80,0.86875,3.903125,0.6875,0.11875,1.125,4.0125,0.775,0.025,0.05187499999999999,1.506875,0.51125,0.006875000000000001,0.69375,2.739375,0.636875,0.14625,0.865,3.9212499999999997,0.684375,0.1275,0.114375,3.2731249999999994,0.523125,0.021875,,,,,,,,,0.26249999999999996,-0.810625,0.006249999999999978
48,long,LBE-T-RPhCL--,1.0625,5.675,80,1.1575,5.733125,0.78375,0.0225,1.6625,8.9875,0.9125,0.0125,0.0225,1.5,0.505625,0.0,0.8975,3.7975000000000003,0.708125,0.065,1.159375,5.6625,0.785625,0.016875,0.04,4.265,0.51,0.0,1.196875,5.798125,0.7925,0.026875,0.99,4.92875,0.745625,0.0075,0.6000000000000001,-1.04,0.09499999999999997
48,combined,C-EXT-RPHC-UK,0.9625,4.7125,160,0.9949999999999999,4.806875,0.7378125000000001,0.043750000000000004,1.39375,6.50625,0.84375,0.01875,0.8581249999999999,2.486875,0.713125,0.005625,0.8321875000000001,2.7215625,0.7046875,0.013437500000000002,,,,,1.0271875,4.654999999999999,0.7484375,0.0334375,1.011875,4.758125,0.74125,0.046875,,,,,0.43125,-0.1043750000000001,0.03249999999999986
43,short,SB-XT-RPh----,0.925,4.5,80,0.8175000000000001,4.523125,0.66,0.1775,1.325,3.95,0.825,0.025,0.095625,1.50125,0.5225,0.005625,0.536875,2.658125,0.599375,0.139375,0.7675,4.484375,0.64875,0.1725,0.114375,4.10375,0.51125,0.069375,,,,,,,,,0.3999999999999999,-0.8293750000000001,-0.10749999999999993
43,long,LBE-T-RPhCL--,0.8875,9.0875,80,1.050625,9.03625,0.735,0.110625,1.6625,9.0875,0.9125,0.0125,0.0125,1.5,0.503125,0.0,0.803125,2.33125,0.699375,0.005625,1.00125,9.209375,0.72,0.12125,0.036875,7.428125,0.50625,0.011875,1.03875,9.130625,0.72625,0.13375,1.0,9.18875,0.71625,0.135,0.7750000000000001,-0.875,0.16312499999999996
43,combined,C-EXT-RPHC-UK,0.90625,6.79375,160,0.8243749999999999,6.763125,0.6693749999999999,0.146875,1.49375,6.4875,0.86875,0.01875,0.71375,2.1412500000000003,0.676875,0.00625,0.7809375000000001,2.0584374999999997,0.6934375,0.007187500000000001,,,,,0.820625,6.725,0.6728125,0.12937500000000002,0.8490625000000002,6.8,0.671875,0.1615625,,,,,0.5874999999999999,-0.1925,-0.08187500000000014
100,short,SB-XT-RPh----,0.725,3.8625,80,0.665625,3.9225000000000003,0.636875,0.118125,1.225,3.95,0.8,0.025,0.09875,1.51875,0.523125,0.00625,0.4149999999999999,2.71625,0.563125,0.1625,0.666875,3.9368749999999997,0.635625,0.12437499999999999,0.0975,3.4875,0.520625,0.015,,,,,,,,,0.5000000000000001,-0.62625,-0.059374999999999956
100,long,LBE-T-RPhCL--,1.0,7.4,80,1.135,7.389374999999999,0.7725,0.045,1.6625,8.975,0.9125,0.0125,-0.045,1.504375,0.48875,0.0,0.8318749999999999,3.155,0.7,0.031875,1.14,7.426875,0.77125,0.05500000000000001,0.045625,4.834375,0.51125,0.000625,1.14875,7.571875,0.769375,0.07125,1.14875,6.48625,0.781875,0.02125,0.6625000000000001,-1.045,0.135
100,combined,C-EXT-RPHC-UK,0.8625,5.63125,160,0.913125,5.664687499999999,0.7078125,0.081875,1.44375,6.4625,0.85625,0.01875,0.6821875000000001,2.2078125,0.6696875,0.0034375000000000005,0.745,2.3296875,0.6834374999999999,0.01125,,,,,0.9018750000000001,5.58375,0.7096874999999999,0.063125,0.89375,5.63125,0.7024999999999999,0.08375,,,,,0.58125,-0.1803125,0.05062499999999992
45,short,SB-XT-RPh----,0.85,4.0875,80,0.85375,4.19,0.684375,0.11625,1.225,3.95,0.8,0.025,0.088125,1.48875,0.52125,0.003125,0.61,2.861875,0.615625,0.1475,0.8162499999999999,4.205,0.670625,0.13375,0.141875,3.739375,0.525625,0.039375,,,,,,,,,0.3750000000000001,-0.761875,0.003750000000000031
45,long,LBE-T-RPhCL--,1.45,6.1875,80,1.206875,6.2625,0.8006249999999999,0.004375,1.6625,8.8625,0.9125,0.0125,0.11000000000000001,1.54,0.5275,0.0,0.8675,3.87125,0.69875,0.0725,1.240625,6.264375,0.8087500000000001,0.005625,0.185,3.993125,0.54625,0.0,1.215,6.3275,0.8025,0.005,1.1775,5.6925,0.79375,0.0025,0.21250000000000013,-1.3399999999999999,-0.24312500000000004
45,combined,C-EXT-RPHC-UK,1.15,5.1375,160,0.9978124999999999,5.1734375,0.7353125,0.0565625,1.44375,6.46875,0.85625,0.01875,0.7987500000000001,2.4290625,0.6984375,0.005,0.8653124999999999,2.5387499999999994,0.7140625,0.009062500000000001,,,,,1.0106249999999999,5.128125,0.7421875,0.041875,0.9590624999999999,5.1465625,0.7259375,0.0553125,,,,,0.2937500000000002,-0.35124999999999984,-0.15218750000000003
73,short,SB-XT-RPh----,1.175,3.65,80,0.846875,3.685,0.686875,0.099375,1.125,3.975,0.775,0.025,0.09125,1.523125,0.521875,0.00375,0.531875,3.56125,0.559375,0.294375,0.89125,3.690625,0.70125,0.08625,0.100625,3.124375,0.5225,0.010625,,,,,,,,,-0.050000000000000044,-1.08375,-0.328125
73,long,LBE-T-RPhCL--,1.3,5.25,80,1.22875,5.3225,0.806875,0.00125,1.6125,9.05,0.9,0.0125,0.11749999999999998,1.47125,0.529375,0.0,0.94625,4.43625,0.706875,0.11875,1.19375,5.285625,0.798125,0.00125,0.19,3.796875,0.5475,0.0,1.245,5.335,0.81125,0.0,1.175,4.84125,0.79375,0.0,0.3125,-1.1825,-0.07125000000000004
73,combined,C-EXT-RPHC-UK,1.2375,4.45,160,1.0896875,4.508125,0.7646875,0.0309375,1.36875,6.45,0.8375,0.01875,0.9790625000000001,3.059375,0.7428125000000001,0.007812500000000002,1.001875,3.1284375,0.7474999999999999,0.011875,,,,,1.075,4.436875,0.7625,0.025,1.1021874999999999,4.480625,0.7678125,0.0309375,,,,,0.13124999999999987,-0.2584375,-0.14781250000000012
24,short,SB-XT-RPh----,0.75,3.6,80,0.85,3.61625,0.69,0.09,1.225,3.925,0.8,0.025,0.11374999999999999,1.495,0.5275,0.00375,0.63125,2.544375,0.633125,0.09875,0.779375,3.62375,0.67375,0.084375,0.141875,3.083125,0.53125,0.016875,,,,,,,,,0.4750000000000001,-0.63625,0.09999999999999998
24,long,LBE-T-RPhCL--,1.075,7.5125,80,1.15875,7.6225,0.77875,0.04375,1.6625,8.975,0.9125,0.0125,0.11000000000000001,1.50125,0.5275,0.0,0.85,3.5368750000000007,0.69875,0.05500000000000001,1.219375,7.551875,0.795625,0.036875,0.005,5.67125,0.50125,0.0,1.17625,7.621875,0.786875,0.028750000000000005,1.085625,6.620625000000001,0.768125,0.013125000000000001,0.5875000000000001,-0.965,0.08374999999999999
24,combined,C-EXT-RPHC-UK,0.9125,5.55625,160,0.9331250000000001,5.616875,0.71875,0.058124999999999996,1.44375,6.50625,0.85625,0.01875,0.798125,2.3115625,0.6984375,0.0043749999999999995,0.7368750000000001,2.3828125,0.683125,0.004375,,,,,0.9287500000000002,5.591875,0.7178125,0.057499999999999996,0.9284374999999999,5.5953125,0.71875,0.05343749999999999,,,,,0.5312500000000001,-0.114375,0.020625000000000115
71,short,SB-XT-RPh----,1.0,3.95,80,0.77375,4.050625,0.65625,0.14875,1.275,3.9875,0.8125,0.025,0.104375,1.530625,0.525625,0.001875,0.680625,2.50375,0.645,0.100625,0.765,4.121875,0.64875,0.17,0.0425,3.4200000000000004,0.503125,0.03,,,,,,,,,0.2749999999999999,-0.895625,-0.22624999999999995
71,long,LBE-T-RPhCL--,1.0,4.7625,80,0.921875,4.763125,0.73,0.001875,1.6125,8.8625,0.9,0.0125,0.0975,1.495,0.524375,0.0,0.746875,2.246875,0.68625,0.001875,0.965625,4.729375,0.74125,0.000625,0.02,3.860625,0.505,0.0,1.013125,4.82625,0.753125,0.000625,0.909375,4.455625,0.726875,0.001875,0.6125,-0.9025,-0.078125
71,combined,C-EXT-RPHC-UK,1.0,4.35625,160,0.9440625,4.347812500000001,0.721875,0.056562499999999995,1.44375,6.56875,0.85625,0.01875,0.6581250000000001,1.9828125,0.663125,0.005625,0.765625,2.2128124999999996,0.688125,0.013125000000000001,,,,,0.8378124999999998,4.110625000000001,0.7,0.0378125,0.9071875,4.3509375,0.7128125,0.05593750000000001,,,,,0.4437500000000001,-0.34187499999999993,-0.05593749999999997
76,short,SB-XT-RPh----,0.8625,4.15,80,0.74,4.075625,0.658125,0.1075,1.225,3.9,0.8,0.025,0.12250000000000001,1.485,0.529375,0.005,0.389375,2.1075,0.583125,0.056874999999999995,0.71125,4.078125,0.650625,0.10874999999999999,-0.02375,3.7924999999999995,0.4831250000000001,0.04375,,,,,,,,,0.36250000000000004,-0.74,-0.12250000000000005
76,long,LBE-T-RPhCL--,0.9625,6.7125,80,1.109375,6.639999999999999,0.774375,0.011875,1.6625,9.1625,0.9125,0.0125,0.045,1.475,0.51125,0.0,0.804375,2.539375,0.7,0.004375,1.10625,6.77875,0.773125,0.013750000000000002,0.075625,5.180625,0.51875,0.000625,1.181875,6.810625,0.793125,0.009375,1.074375,6.15375,0.7675,0.004375,0.7000000000000001,-0.9175,0.14687499999999998
76,combined,C-EXT-RPHC-UK,0.9125,5.43125,160,0.9153125,5.344687499999999,0.714375,0.0578125,1.41875,6.43125,0.85,0.01875,0.7590625,2.25625,0.6884375,0.0053125,0.7415625,2.1665625,0.68375,0.006562500000000001,,,,,0.9125,5.4096874999999995,0.7103124999999999,0.07125000000000001,0.8950000000000001,5.39875,0.7074999999999999,0.06499999999999999,,,,,0.50625,-0.1534375,0.0028124999999999956
96,short,SB-XT-RPh----,0.85,2.875,80,0.690625,2.919375,0.661875,0.043125,1.075,3.9125,0.7625,0.025,0.100625,1.5125,0.524375,0.003125,0.299375,3.3975,0.501875,0.291875,0.7175,2.87125,0.673125,0.025,0.180625,2.584375,0.545,0.000625,,,,,,,,,0.22499999999999998,-0.749375,-0.15937499999999993
96,long,LBE-T-RPhCL--,1.2,6.0,80,1.1075,6.00875,0.776875,0.0,1.6625,9.0375,0.9125,0.0125,0.2725,1.549375,0.568125,0.0,0.8387499999999999,2.94,0.706875,0.01125,1.1725,6.006875,0.793125,0.0,0.43499999999999994,5.358125,0.60875,0.0,1.1,6.070625,0.775,0.0,1.09,5.845625,0.7725,0.0,0.46250000000000013,-0.9275,-0.09250000000000003
96,combined,C-EXT-RPHC-UK,1.025,4.4375,160,0.9315625000000001,4.5753125,0.7224999999999999,0.0415625,1.36875,6.50625,0.8375,0.01875,0.8140625,2.4725,0.7021875,0.0053125,0.7962499999999999,2.3421875,0.6975,0.00625,,,,,0.9487500000000001,4.5340625,0.7278125,0.0375,0.9684375,4.54375,0.7325,0.0384375,,,,,0.34375,-0.2109374999999999,-0.09343749999999984
98,short,SB-XT-RPh----,0.975,3.8,80,0.734375,3.77625,0.6575,0.104375,1.125,3.9,0.775,0.025,0.045625,1.505,0.51125,0.000625,0.611875,2.55,0.625,0.11187499999999999,0.7625,3.7543750000000005,0.665,0.1025,-0.0025,3.2674999999999996,0.495,0.0175,,,,,,,,,0.15000000000000002,-0.929375,-0.24062499999999998
98,long,LBE-T-RPhCL--,0.9625,5.85,80,0.9181250000000001,5.9525,0.72875,0.003125,1.6625,9.0125,0.9125,0.0125,0.11000000000000001,1.46125,0.5275,0.0,0.649375,2.185,0.661875,0.001875,0.99875,5.90625,0.74875,0.00375,0.0475,4.894375,0.511875,0.0,0.945625,6.00875,0.735625,0.003125,0.899375,5.555625,0.724375,0.001875,0.7000000000000001,-0.8525,-0.04437499999999994
98,combined,C-EXT-RPHC-UK,0.96875,4.825,160,0.8496874999999999,4.7671875,0.69875,0.0546875,1.39375,6.45625,0.84375,0.01875,0.7490625,2.121875,0.6856250000000002,0.006562500000000001,0.7478125,2.065,0.6859375,0.0040625,,,,,0.8884374999999999,4.8734375,0.7071875000000001,0.05968749999999999,0.8921875,4.8390625,0.709375,0.0546875,,,,,0.42500000000000004,-0.21968750000000004,-0.11906250000000007
97,short,SB-XT-RPh----,0.8125,4.5375,80,0.72875,4.55,0.6325,0.19875,1.175,3.875,0.7875,0.025,0.0325,1.52625,0.506875,0.005,0.5625,2.435625,0.62,0.0825,0.73625,4.509375,0.635625,0.19375,0.04375,4.030625,0.495,0.06375,,,,,,,,,0.36250000000000004,-0.78,-0.08374999999999999
97,long,LBE-T-RPhCL--,0.8,6.2375,80,0.9549999999999998,6.1575,0.7375,0.005,1.6625,9.075,0.9125,0.0125,-0.025,1.45875,0.49375,0.0,0.686875,2.024375,0.67125,0.001875,0.98375,6.18,0.745,0.00375,0.08,5.36875,0.52,0.0,0.9643750000000001,6.194375,0.74,0.004375,0.975,5.950625,0.7425,0.005,0.8625,-0.8250000000000001,0.1549999999999998
97,combined,C-EXT-RPHC-UK,0.80625,5.3875,160,0.9025000000000001,5.350624999999999,0.7015625,0.09625,1.41875,6.5,0.85,0.01875,0.6515625,2.059375,0.6615624999999999,0.0053125,0.64,2.0053125,0.6584375,0.00625,,,,,0.9153125,5.3534375,0.7059375,0.0915625,0.8481249999999999,5.40125,0.68875,0.09312500000000001,,,,,0.6124999999999999,-0.15468749999999998,0.09625000000000006
79,short,SB-XT-RPh----,0.775,3.875,80,0.7325,3.829375,0.655625,0.11000000000000001,1.175,3.9,0.7875,0.025,0.023125,1.514375,0.504375,0.005625,0.71875,2.09625,0.6675,0.04875,0.784375,3.8356249999999994,0.67,0.104375,0.0925,3.2625,0.516875,0.025,,,,,,,,,0.4,-0.7518750000000001,-0.04249999999999998
79,long,LBE-T-RPhCL--,1.0,5.8875,80,1.04125,5.856875,0.75875,0.00625,1.6125,9.0,0.9,0.0125,-0.11500000000000002,1.49875,0.47125000000000006,0.0,0.789375,2.389375,0.69625,0.004375,1.020625,5.87375,0.753125,0.008125,0.0625,4.5975,0.515625,0.0,1.07125,6.038125,0.765,0.01125,1.0125,5.256875,0.751875,0.005,0.6125,-1.115,0.04125000000000001
79,combined,C-EXT-RPHC-UK,0.8875,4.88125,160,0.8949999999999999,4.900625,0.7084374999999999,0.06124999999999999,1.39375,6.50625,0.84375,0.01875,0.6821875000000001,2.0228124999999997,0.669375,0.0046875,0.744375,2.0359375,0.6853125,0.0031249999999999997,,,,,0.8725000000000002,4.9296875,0.70375,0.05750000000000001,0.8696875000000001,4.85625,0.7028125000000001,0.058437499999999996,,,,,0.5062500000000001,-0.2053124999999999,0.007499999999999951
58,short,SB-XT-RPh----,0.7625,4.325,80,0.684375,4.36125,0.615,0.224375,1.175,3.975,0.7875,0.025,-0.04,1.52875,0.489375,0.0025,0.61375,2.68375,0.621875,0.12625,0.76875,4.386875,0.638125,0.21625,0.099375,3.4318749999999993,0.514375,0.041875,,,,,,,,,0.4125000000000001,-0.8025,-0.078125
58,long,LBE-T-RPhCL--,1.0875,7.7625,80,1.044375,7.530624999999999,0.75,0.044375,1.6625,9.075,0.9125,0.0125,-0.04,1.4675,0.49000000000000005,0.0,0.8175000000000001,2.34875,0.703125,0.005,1.06875,7.558125000000001,0.756875,0.04125,0.045625,5.24,0.51125,0.000625,1.075625,7.77125,0.75625,0.05062500000000001,1.034375,7.160624999999999,0.750625,0.031875,0.5750000000000002,-1.1275,-0.04312499999999986
58,combined,C-EXT-RPHC-UK,0.925,6.04375,160,0.8371875,6.00125,0.6746875,0.1384375,1.41875,6.525,0.85,0.01875,0.646875,1.93625,0.660625,0.004375,0.766875,2.23625,0.6890625,0.010625,,,,,0.7793749999999999,5.5234375,0.6759375,0.075625,0.8440625,5.96875,0.6775,0.13406250000000003,,,,,0.4937499999999999,-0.27812500000000007,-0.08781250000000007
9,short,SB-XT-RPh----,1.1,3.6375,80,0.920625,3.63125,0.716875,0.053125,1.125,3.975,0.775,0.025,0.08,1.4775,0.519375,0.0025,0.496875,3.4449999999999994,0.558125,0.264375,0.8875,3.5975,0.7125,0.0375,0.23125,3.2893750000000006,0.55625,0.00625,,,,,,,,,0.02499999999999991,-1.02,-0.17937500000000006
9,long,LBE-T-RPhCL--,1.0,5.4125,80,1.1175,5.48375,0.779375,0.0,1.6125,8.8625,0.9,0.0125,0.29,1.6168749999999998,0.5725,0.0,0.928125,4.18,0.71625,0.063125,1.115,5.459375,0.77875,0.0,0.4675000000000001,3.7075000000000005,0.616875,0.0,1.1725,5.4675,0.793125,0.0,1.12,5.123125,0.78,0.0,0.6125,-0.71,0.11749999999999994
9,combined,C-EXT-RPHC-UK,1.05,4.525,160,1.0128125000000001,4.4975000000000005,0.746875,0.025312500000000005,1.36875,6.50625,0.8375,0.01875,0.8618750000000001,2.8278125,0.7134375000000001,0.008125,0.8603124999999998,2.8521875000000003,0.7134375000000001,0.006562500000000001,,,,,1.0278125,4.505,0.7509375,0.024062499999999997,1.0662500000000001,4.555625,0.76,0.026250000000000006,,,,,0.31874999999999987,-0.188125,-0.03718749999999993
35,short,SB-XT-RPh----,1.0375,3.7875,80,0.805,3.9300000000000006,0.676875,0.0975,1.125,3.9625,0.775,0.025,0.069375,1.49125,0.51625,0.004375,0.551875,2.72875,0.608125,0.11937499999999998,0.86875,3.88,0.695625,0.08625,0.128125,3.4487499999999995,0.5275,0.018125,,,,,,,,,0.08749999999999991,-0.9681250000000001,-0.23250000000000004
35,long,LBE-T-RPhCL--,1.25,6.575,80,1.133125,6.628125,0.781875,0.005625,1.6625,8.95,0.9125,0.0125,0.0125,1.53,0.503125,0.0,0.9337500000000001,2.930625,0.7275,0.02375,1.17375,6.6225,0.791875,0.00625,0.22749999999999998,4.845625,0.556875,0.0,1.220625,6.696875,0.804375,0.003125,1.14,6.084375,0.784375,0.0025,0.4125000000000001,-1.2375,-0.11687500000000006
35,combined,C-EXT-RPHC-UK,1.14375,5.18125,160,0.9575000000000001,5.251250000000001,0.7253125,0.05625,1.39375,6.55,0.84375,0.01875,0.7340625000000001,2.5256250000000002,0.68125,0.0090625,0.7896875000000001,2.4046875,0.69625,0.004687500000000001,,,,,1.021875,5.2753125,0.7421875,0.053125,0.94625,5.299375,0.7231249999999999,0.05375,,,,,0.25,-0.4096875,-0.18624999999999992
92,short,SB-XT-RPh----,0.825,3.7375,80,0.8025,3.708125,0.688125,0.05,1.075,3.9375,0.7625,0.025,0.169375,1.524375,0.540625,0.006875000000000001,0.585625,2.1975,0.635625,0.043125,0.784375,3.684375,0.684375,0.046875,0.071875,3.435,0.51125,0.026875,,,,,,,,,0.25,-0.6556249999999999,-0.022499999999999964
92,long,LBE-T-RPhCL--,0.95,5.75,80,1.0475,5.73375,0.76125,0.0025,1.6625,8.925,0.9125,0.0125,-0.01,1.501875,0.49749999999999994,0.0,0.7425,2.30125,0.684375,0.005,0.991875,5.670625,0.7475,0.001875,0.0225,4.85,0.505625,0.0,1.08625,5.73625,0.77125,0.00125,0.960625,5.41,0.74,0.000625,0.7125000000000001,-0.96,0.09750000000000014
92,combined,C-EXT-RPHC-UK,0.8875,4.74375,160,0.851875,4.7371875,0.7006249999999999,0.049374999999999995,1.36875,6.45625,0.8375,0.01875,0.714375,2.1565625,0.6778124999999999,0.0031249999999999997,0.6900000000000001,2.1393750000000002,0.6709375,0.00625,,,,,0.8503125,4.7315625,0.7006249999999999,0.047812499999999994,0.8806249999999999,4.7768749999999995,0.708125,0.048125,,,,,0.48124999999999996,-0.17312499999999997,-0.03562499999999991
42,short,SB-XT-RPh----,0.8,3.8,80,0.840625,3.90125,0.6775,0.130625,1.225,3.975,0.8,0.025,-0.0375,1.49,0.489375,0.005,0.685,2.668125,0.640625,0.12250000000000001,0.82875,3.94625,0.673125,0.13625,0.01,3.2268750000000006,0.496875,0.0225,,,,,,,,,0.42500000000000004,-0.8375,0.04062499999999991
42,long,LBE-T-RPhCL--,0.9625,6.7875,80,1.1475,6.758125,0.78625,0.0025,1.6625,9.0,0.9125,0.0125,0.08,1.474375,0.52,0.0,0.745,2.5025,0.684375,0.0075,1.11625,6.886250000000001,0.77875,0.00125,0.085,5.2375,0.52125,0.0,1.16375,6.769999999999999,0.79,0.00375,1.110625,6.741875,0.776875,0.003125,0.7000000000000001,-0.8825000000000001,0.18499999999999994
42,combined,C-EXT-RPHC-UK,0.88125,5.29375,160,1.0496874999999999,5.274375,0.7484375,0.055937499999999994,1.44375,6.45,0.85625,0.01875,0.8337499999999999,2.4159374999999996,0.7068749999999999,0.00625,0.8496874999999999,2.3809375,0.7112499999999999,0.0046875,,,,,1.0462500000000001,5.3237499999999995,0.7484375,0.05249999999999999,1.028125,5.3609375,0.7440624999999998,0.05187499999999999,,,,,0.5625000000000001,-0.0475000000000001,0.1684374999999999
40,short,SB-XT-RPh----,0.15,4.675,80,0.515,4.621875,0.575,0.215,1.125,3.9125,0.775,0.025,0.08375,1.486875,0.52,0.00375,0.495625,1.9293749999999998,0.61625,0.030625000000000003,0.53625,4.61,0.58125,0.21125,0.048125,4.233125,0.479375,0.130625,,,,,,,,,0.975,-0.06624999999999999,0.365
40,long,LBE-T-RPhCL--,1.25,6.55,80,1.146875,6.511250000000001,0.78625,0.001875,1.6625,8.7875,0.9125,0.0125,0.14,1.50875,0.535,0.0,0.881875,3.066875,0.714375,0.024375,1.173125,6.652500000000001,0.793125,0.000625,0.1675,5.196875,0.541875,0.0,1.18875,6.585625,0.796875,0.00125,1.12125,6.106875,0.78,0.00125,0.4125000000000001,-1.1099999999999999,-0.10312499999999991
40,combined,C-EXT-RPHC-UK,0.7,5.6125,160,0.8456250000000001,5.584375,0.6849999999999999,0.105625,1.39375,6.36875,0.84375,0.01875,0.6471875,2.05875,0.6609375,0.0034375000000000005,0.6596875,2.095625,0.6634375,0.0059375,,,,,0.7978124999999999,5.553749999999999,0.675,0.09781250000000001,0.7828125,5.5465625,0.668125,0.1103125,,,,,0.6937500000000001,-0.05281249999999993,0.14562500000000012
50,short,SB-XT-RPh----,0.95,4.0,80,0.850625,4.06375,0.67125,0.165625,1.175,3.95,0.7875,0.025,0.1075,1.5075,0.52625,0.0025,0.623125,3.2037500000000003,0.601875,0.215625,0.846875,4.035625,0.675625,0.144375,0.07,3.3768749999999996,0.515,0.01,,,,,,,,,0.2250000000000001,-0.8424999999999999,-0.09937499999999999
50,long,LBE-T-RPhCL--,1.3125,5.6875,80,1.14625,5.680625,0.7775,0.03625,1.6625,9.1375,0.9125,0.0125,0.1125,1.528125,0.528125,0.0,0.850625,5.2,0.666875,0.183125,1.17625,5.62375,0.785625,0.03375,0.11000000000000001,3.05625,0.5275,0.0,1.185625,5.6025,0.79125,0.020625,1.0925,4.78125,0.771875,0.005,0.3500000000000001,-1.2,-0.16625
50,combined,C-EXT-RPHC-UK,1.13125,4.84375,160,1.0475,4.7721875,0.744375,0.06999999999999999,1.41875,6.55,0.85,0.01875,0.8618750000000001,2.4690624999999997,0.7134375000000001,0.008125,1.00875,3.2503124999999997,0.7459374999999999,0.025,,,,,1.049375,4.280312499999999,0.75625,0.024375,1.079375,4.8075,0.753125,0.066875,,,,,0.28749999999999987,-0.26937500000000003,-0.08374999999999999
30,short,SB-XT-RPh----,0.7875,4.1375,80,0.79125,4.21375,0.66625,0.12625,1.175,3.925,0.7875,0.025,-0.0125,1.476875,0.49625,0.0025,0.539375,2.46375,0.6125,0.089375,0.8787499999999999,4.229375,0.68625,0.13375,0.10187499999999998,3.7887499999999994,0.51625,0.036875,,,,,,,,,0.38750000000000007,-0.7999999999999999,0.003750000000000031
30,long,LBE-T-RPhCL--,1.2,6.7,80,1.24125,6.64875,0.8100000000000002,0.00125,1.6625,8.9375,0.9125,0.0125,0.1025,1.54,0.525625,0.0,0.8793749999999999,3.3425,0.7075,0.049375,1.269375,6.673125000000001,0.8168749999999999,0.001875,0.1925,5.34375,0.548125,0.0,1.2325,6.866875,0.8074999999999999,0.0025,1.15,6.150625,0.7875,0.0,0.46250000000000013,-1.0975,0.04125000000000001
30,combined,C-EXT-RPHC-UK,0.99375,5.41875,160,0.9165625000000001,5.4159375,0.7134375000000001,0.06281250000000001,1.41875,6.55,0.85,0.01875,0.7562500000000001,2.4846874999999997,0.6878125,0.005,0.7009375,2.3628124999999995,0.6743750000000001,0.0034375000000000005,,,,,0.92125,5.422499999999999,0.7125,0.07125000000000001,0.9475,5.4731250000000005,0.719375,0.07,,,,,0.42499999999999993,-0.23749999999999993,-0.07718749999999996
85,short,SB-XT-RPh----,0.775,4.4625,80,0.745,4.4525,0.629375,0.22749999999999998,1.175,3.9625,0.7875,0.025,0.10374999999999998,1.539375,0.524375,0.00625,0.516875,3.618125,0.551875,0.309375,0.713125,4.48375,0.62,0.23312499999999997,0.029374999999999995,3.746875,0.496875,0.041875,,,,,,,,,0.4,-0.67125,-0.030000000000000027
85,long,LBE-T-RPhCL--,1.075,7.0875,80,1.116875,7.118125000000001,0.75375,0.10187499999999998,1.6625,9.1625,0.9125,0.0125,-0.035,1.499375,0.4912500000000001,0.0,0.93875,4.39,0.70875,0.10374999999999998,1.113125,7.053749999999999,0.755,0.093125,0.0,5.16375,0.5,0.0,1.069375,7.05625,0.744375,0.091875,1.14625,6.145,0.779375,0.028750000000000005,0.5875000000000001,-1.1099999999999999,0.04187500000000011
85,combined,C-EXT-RPHC-UK,0.925,5.775,160,0.9037499999999999,5.6721875,0.684375,0.16625,1.41875,6.45625,0.85,0.01875,0.7462500000000001,2.1253125,0.6849999999999999,0.00625,0.9221875,3.1715625000000003,0.71875,0.04718750000000001,,,,,0.93,4.8784374999999995,0.71875,0.05500000000000001,0.9115624999999999,5.6196875,0.6840624999999999,0.1753125,,,,,0.4937499999999999,-0.17874999999999996,-0.021250000000000102
57,short,SB-XT-RPh----,0.9875,3.7125,80,0.73625,3.760625,0.66625,0.07125,1.125,3.9625,0.775,0.025,0.06,1.499375,0.51375,0.005,0.445625,2.93875,0.559375,0.20812499999999998,0.778125,3.6987499999999995,0.6775,0.068125,0.18,3.4143750000000006,0.5425,0.01,,,,,,,,,0.13749999999999996,-0.9275,-0.2512500000000001
57,long,LBE-T-RPhCL--,0.95,5.5625,80,1.1225,5.5525,0.780625,0.0,1.6625,9.2875,0.9125,0.0125,0.135,1.545625,0.53375,0.0,0.7925,2.691875,0.695625,0.01,1.1725,5.595625,0.793125,0.0,0.29,4.22625,0.5725,0.0,1.1675,5.75375,0.791875,0.0,1.14,5.290625,0.785,0.0,0.7125000000000001,-0.815,0.1725000000000001
57,combined,C-EXT-RPHC-UK,0.96875,4.6375,160,0.9971875000000001,4.6590625,0.7396874999999999,0.0384375,1.39375,6.46875,0.84375,0.01875,0.849375,2.6409374999999997,0.7112499999999999,0.004375,0.8618750000000001,2.5412500000000002,0.7134375000000001,0.008125,,,,,0.9553125,4.6434375,0.72875,0.0403125,0.98375,4.616562500000001,0.73875,0.028749999999999998,,,,,0.42500000000000004,-0.11937500000000001,0.028437500000000115
95,short,SB-XT-RPh----,1.1125,3.725,80,0.9099999999999999,3.75125,0.700625,0.1075,1.225,3.9375,0.8,0.025,0.114375,1.49875,0.5275,0.004375,0.605625,3.184375,0.59875,0.210625,0.8425,3.7825,0.6825,0.1125,0.020625,3.129375,0.501875,0.013125000000000001,,,,,,,,,0.11250000000000004,-0.998125,-0.20250000000000012
95,long,LBE-T-RPhCL--,1.125,7.875,80,1.16625,7.798125000000001,0.784375,0.028750000000000005,1.6625,8.95,0.9125,0.0125,0.1025,1.489375,0.525625,0.0,0.783125,2.565625,0.694375,0.005625,1.118125,7.784375,0.7725,0.028125,0.06625,5.66125,0.51625,0.00125,1.14,7.814375,0.776875,0.0325,1.05875,7.22875,0.759375,0.02125,0.5375000000000001,-1.0225,0.04125000000000001
95,combined,C-EXT-RPHC-UK,1.11875,5.8,160,1.1234375,5.8628125,0.7675000000000001,0.05343749999999999,1.44375,6.56875,0.85625,0.01875,0.8275,2.465625,0.705,0.0075,0.8296875,2.4975,0.70625,0.0046875,,,,,1.1209375000000001,5.8809375,0.7659375,0.0571875,1.0975,5.8790625,0.760625,0.05500000000000001,,,,,0.3250000000000002,-0.2912499999999999,0.004687500000000178
21,short,SB-XT-RPh----,1.2,3.9875,80,0.685625,3.9237499999999996,0.6475,0.095625,1.175,3.9375,0.7875,0.025,0.20437500000000003,1.536875,0.550625,0.001875,0.394375,2.505625,0.56625,0.129375,0.703125,3.9381250000000003,0.65,0.103125,0.053125,3.613125,0.506875,0.025625,,,,,,,,,-0.02499999999999991,-0.995625,-0.5143749999999999
21,long,LBE-T-RPhCL--,1.2,6.6,80,1.195,6.613749999999999,0.798125,0.0025,1.6625,9.025,0.9125,0.0125,0.1675,1.45625,0.541875,0.0,0.825,2.743125,0.70375,0.01,1.176875,6.639999999999999,0.79375,0.001875,0.2,5.583125,0.55,0.0,1.148125,6.657500000000001,0.78625,0.003125,1.123125,6.12875,0.780625,0.000625,0.46250000000000013,-1.0325,-0.004999999999999893
21,combined,C-EXT-RPHC-UK,1.2,5.29375,160,0.92125,5.2871875,0.7165625,0.05500000000000001,1.41875,6.4875,0.85,0.01875,0.7565625,2.3287500000000003,0.6875,0.006562500000000001,0.7412500000000001,2.3384375000000004,0.684375,0.00375,,,,,0.9246874999999999,5.3496875,0.7159375000000001,0.0609375,0.9265625,5.291874999999999,0.7171875,0.0578125,,,,,0.21875,-0.44343749999999993,-0.27874999999999994
5,short,SB-XT-RPh----,0.775,4.275,80,0.694375,4.405625,0.620625,0.21187499999999998,1.275,3.9625,0.8125,0.025,0.12625,1.516875,0.530625,0.00375,0.67,2.474375,0.64625,0.085,0.629375,4.389375,0.601875,0.221875,0.004375,3.6525,0.48624999999999996,0.059375,,,,,,,,,0.4999999999999999,-0.64875,-0.08062500000000006
5,long,LBE-T-RPhCL--,1.275,7.0125,80,1.05375,7.066874999999999,0.753125,0.04125,1.6125,9.025,0.9,0.0125,-0.045,1.47875,0.48875,0.0,0.799375,2.92375,0.695625,0.016875,1.10375,7.152500000000001,0.76375,0.04875,-0.025,4.449375,0.49375,0.0,1.08625,7.233124999999999,0.76,0.04625,1.059375,6.193125,0.760625,0.016875,0.33750000000000013,-1.3199999999999998,-0.22124999999999995
5,combined,C-EXT-RPHC-UK,1.025,5.64375,160,0.875625,5.619375,0.69125,0.11062500000000001,1.44375,6.51875,0.85625,0.01875,0.7106250000000001,1.9984375,0.676875,0.003125,0.8318749999999999,2.3121875000000003,0.7056250000000001,0.009375,,,,,0.9128125,5.2846875,0.7109375,0.0690625,0.9006250000000001,5.6434375,0.6950000000000001,0.12062500000000001,,,,,0.4187500000000002,-0.31437499999999985,-0.14937499999999992
72,short,SB-XT-RPh----,0.8,3.6625,80,0.503125,3.698125,0.609375,0.065625,1.225,3.9375,0.8,0.025,0.05437499999999999,1.51875,0.5125,0.004375,0.298125,1.814375,0.565,0.038125,0.555,3.638125,0.624375,0.05750000000000001,0.1325,3.50625,0.5275,0.0225,,,,,,,,,0.42500000000000004,-0.7456250000000001,-0.296875
72,long,LBE-T-RPhCL--,0.9,6.2,80,1.07625,6.199375,0.7675,0.00625,1.6625,8.8875,0.9125,0.0125,-0.0225,1.52875,0.49437499999999995,0.0,0.73625,2.263125,0.6825,0.00625,1.108125,6.170625,0.776875,0.000625,0.08,5.48875,0.52,0.0,1.078125,6.2275,0.769375,0.000625,1.078125,5.896875,0.76875,0.003125,0.7625000000000001,-0.9225,0.1762499999999999
72,combined,C-EXT-RPHC-UK,0.85,4.93125,160,0.7553124999999999,4.9971875,0.6737500000000001,0.060312500000000005,1.44375,6.4625,0.85625,0.01875,0.6628125,2.046875,0.6646875,0.0040625,0.7065625,2.0412500000000002,0.6756249999999999,0.0040625,,,,,0.7959375,4.955,0.6840624999999999,0.059687500000000004,0.7128125,4.990625,0.6621874999999999,0.0640625,,,,,0.5937500000000001,-0.18718749999999995,-0.09468750000000004
22,short,SB-XT-RPh----,0.95,3.6,80,0.9375,3.600625,0.716875,0.07,1.225,3.9375,0.8,0.025,0.0675,1.503125,0.51625,0.0025,0.620625,3.2206249999999996,0.600625,0.21812500000000004,0.8956250000000001,3.6643750000000006,0.7025,0.085625,0.1375,3.104375,0.531875,0.01,,,,,,,,,0.27500000000000013,-0.8825,-0.012499999999999956
22,long,LBE-T-RPhCL--,1.3,6.35,80,1.2425,6.43125,0.8087500000000001,0.0075,1.6625,9.1,0.9125,0.0125,0.10500000000000001,1.48125,0.52625,0.0,0.813125,5.15125,0.65625,0.188125,1.3375,6.43,0.8331250000000001,0.005,0.2125,4.56,0.553125,0.0,1.185625,6.420624999999999,0.795,0.005625,1.165,5.699375,0.79125,0.0,0.36250000000000004,-1.195,-0.05750000000000011
22,combined,C-EXT-RPHC-UK,1.125,4.975,160,1.10625,5.0240625,0.7690625,0.03,1.44375,6.51875,0.85625,0.01875,0.9171875,3.0756249999999996,0.7271875,0.0084375,0.9228125,3.043125,0.7278125,0.0115625,,,,,1.0978125,5.04,0.76625,0.0328125,1.0534375,5.054062500000001,0.7546875,0.0346875,,,,,0.3187500000000001,-0.20781249999999996,-0.018750000000000044
87,short,SB-XT-RPh----,1.0625,4.075,80,0.805,4.06625,0.664375,0.1475,1.125,3.8875,0.775,0.025,0.11500000000000002,1.511875,0.528125,0.0025,0.540625,3.2768749999999995,0.5725,0.250625,0.775625,4.054375,0.66125,0.130625,0.056874999999999995,3.450625,0.509375,0.019375,,,,,,,,,0.0625,-0.9475,-0.25749999999999995
87,long,LBE-T-RPhCL--,1.225,7.1375,80,1.23375,7.02375,0.80375,0.01875,1.7125,8.95,0.925,0.0125,0.0675,1.47625,0.516875,0.0,0.9237499999999998,2.850625,0.726875,0.01625,1.16125,7.03375,0.785625,0.01875,-0.01,5.49625,0.49749999999999994,0.0,1.211875,7.22375,0.795625,0.029374999999999995,1.086875,6.22,0.77,0.006875000000000001,0.4874999999999998,-1.1575000000000002,0.008749999999999813
87,combined,C-EXT-RPHC-UK,1.14375,5.60625,160,0.991875,5.520625,0.7321875,0.06312500000000001,1.44375,6.54375,0.85625,0.01875,0.7949999999999999,2.4628124999999996,0.6975,0.005,0.8253125000000001,2.386875,0.7040625,0.009062500000000001,,,,,0.9974999999999999,5.6118749999999995,0.7337499999999999,0.0625,0.9915624999999999,5.5953125,0.7325,0.061562500000000006,,,,,0.30000000000000004,-0.3487500000000001,-0.1518750000000001
3,short,SB-XT-RPh----,1.2625,3.4625,80,0.69875,3.4162499999999993,0.654375,0.08125,1.175,3.9625,0.7875,0.025,0.04625,1.459375,0.510625,0.00375,0.52,2.6475,0.5975,0.13,0.73375,3.47375,0.6625,0.08375,-0.008125,2.88,0.49625,0.006875000000000001,,,,,,,,,-0.08749999999999991,-1.21625,-0.56375
3,long,LBE-T-RPhCL--,0.9,4.5625,80,0.97625,4.578125,0.741875,0.00875,1.5625,8.9875,0.8875,0.0125,-0.0675,1.489375,0.4831250000000001,0.0,0.784375,2.73625,0.693125,0.011875,0.9075,4.59,0.724375,0.01,-0.0125,3.453125,0.496875,0.0,0.900625,4.5475,0.7225,0.010625,0.944375,4.32,0.735,0.004375,0.6625,-0.9675,0.07624999999999993
3,combined,C-EXT-RPHC-UK,1.08125,4.0125,160,0.8115625000000002,3.9621875,0.6921875,0.0428125,1.36875,6.48125,0.8375,0.01875,0.5378125,1.9390625,0.63375,0.0028125,0.641875,2.163125,0.6575,0.011875,,,,,0.8021874999999999,3.7674999999999996,0.6940625,0.025937499999999995,0.8056249999999998,3.981875,0.69125,0.040625,,,,,0.28749999999999987,-0.5434375,-0.26968749999999986
15,short,SB-XT-RPh----,0.5375,4.05,80,0.63875,4.035625,0.62375,0.14375,1.425,3.8875,0.85,0.025,0.17625,1.535625,0.543125,0.00375,0.4125,2.235,0.579375,0.095,0.588125,4.06,0.60875,0.153125,0.006875000000000001,3.6025,0.491875,0.039375,,,,,,,,,0.8875000000000001,-0.36124999999999996,0.10125000000000006
15,long,LBE-T-RPhCL--,1.0625,6.825,80,1.071875,6.848124999999999,0.76375,0.016875,1.6625,8.8125,0.9125,0.0125,-0.0425,1.495,0.489375,0.0,0.601875,2.3825,0.649375,0.004375,1.098125,6.827499999999999,0.770625,0.015625,0.010625,5.091875,0.5025,0.000625,1.118125,6.828125,0.77625,0.013125000000000001,1.02375,6.08125,0.753125,0.01125,0.6000000000000001,-1.105,0.009374999999999911
15,combined,C-EXT-RPHC-UK,0.8,5.4375,160,0.8265625,5.4453125,0.6875,0.07656249999999999,1.51875,6.46875,0.875,0.01875,0.6209374999999999,1.990625,0.6540625,0.0046875,0.6884375,2.0059375000000004,0.67125,0.0034375000000000005,,,,,0.819375,5.406875000000001,0.6865625,0.073125,0.8190625,5.4134375,0.68625,0.0740625,,,,,0.71875,-0.17906250000000012,0.026562499999999933
60,short,SB-XT-RPh----,0.9375,3.8,80,1.018125,3.926875,0.734375,0.080625,1.275,3.925,0.8125,0.025,0.083125,1.4675,0.52,0.003125,0.53625,3.4537500000000003,0.568125,0.26375,0.9800000000000001,3.9081249999999996,0.721875,0.0925,0.10874999999999999,3.43125,0.5225,0.01875,,,,,,,,,0.3374999999999999,-0.854375,0.08062499999999995
60,long,LBE-T-RPhCL--,1.3,5.875,80,1.176875,5.92875,0.7925,0.006875000000000001,1.6625,9.0,0.9125,0.0125,0.1,1.4975,0.525,0.0,0.90625,4.365,0.698125,0.11374999999999999,1.27375,5.914375,0.8168749999999999,0.00625,0.265,4.620625,0.56625,0.0,1.18375,5.978125,0.795,0.00375,1.195625,5.29125,0.79875,0.000625,0.36250000000000004,-1.2,-0.12312500000000015
60,combined,C-EXT-RPHC-UK,1.11875,4.8375,160,1.10375,4.9025,0.766875,0.03624999999999999,1.46875,6.475,0.8625,0.01875,0.9065625,2.9059375000000003,0.7246875000000002,0.007812500000000002,0.9162500000000001,2.8153125,0.7262500000000001,0.01125,,,,,1.1078125,4.8950000000000005,0.7671875,0.0390625,1.07375,4.91,0.759375,0.036250000000000004,,,,,0.3500000000000001,-0.21218749999999986,-0.014999999999999902
16,short,SB-XT-RPh----,0.875,3.7375,80,0.679375,3.8050000000000006,0.654375,0.061875,1.175,3.9875,0.7875,0.025,0.095,1.504375,0.523125,0.0025,0.3875,2.1775,0.575,0.0875,0.643125,3.7775,0.648125,0.05062500000000001,0.059375,3.65625,0.51,0.019375,,,,,,,,,0.30000000000000004,-0.78,-0.19562500000000005
16,long,LBE-T-RPhCL--,1.15,6.6625,80,1.158125,6.64375,0.788125,0.005625,1.6125,9.1875,0.9,0.0125,0.10500000000000001,1.456875,0.52625,0.0,0.8087500000000001,2.78,0.69875,0.013750000000000002,1.083125,6.68125,0.77,0.003125,0.200625,4.615,0.55,0.000625,1.205,6.65125,0.8,0.005,1.14875,6.411875,0.78625,0.00375,0.46250000000000013,-1.045,0.00812500000000016
16,combined,C-EXT-RPHC-UK,1.0125,5.2,160,1.0518750000000001,5.1953125,0.7518750000000001,0.044375,1.39375,6.4625,0.84375,0.01875,0.9503125000000001,2.770625,0.7362499999999998,0.0053125,0.8693750000000001,2.7084375,0.7150000000000001,0.009375,,,,,1.05,5.205937499999999,0.7518749999999998,0.042499999999999996,1.0271875,5.233124999999999,0.744375,0.049687499999999996,,,,,0.3812500000000001,-0.06218749999999984,0.03937500000000016
11,short,SB-XT-RPh----,1.1,4.0625,80,0.8318749999999999,4.18,0.665,0.171875,1.225,3.9625,0.8,0.025,0.027500000000000004,1.518125,0.505625,0.005,0.6075,3.16625,0.596875,0.22000000000000003,0.838125,4.17125,0.668125,0.165625,0.069375,3.4743750000000007,0.51,0.029374999999999995,,,,,,,,,0.125,-1.0725,-0.26812500000000017
11,long,LBE-T-RPhCL--,1.3,8.425,80,1.241875,8.4425,0.7875,0.091875,1.6625,8.9125,0.9125,0.0125,0.11500000000000002,1.471875,0.52875,0.0,0.7775,4.684375,0.655,0.1575,1.21375,8.37875,0.783125,0.08125,0.045,6.105625,0.51125,0.0,1.2275,8.680625,0.775,0.1275,1.114375,7.610000000000001,0.759375,0.076875,0.36250000000000004,-1.185,-0.05812499999999998
11,combined,C-EXT-RPHC-UK,1.2,6.24375,160,1.1634375000000001,6.222812499999999,0.7678125,0.0921875,1.44375,6.5125,0.85625,0.01875,1.00875,3.1306249999999998,0.75,0.008749999999999999,1.0368749999999998,3.4090625,0.7540625000000001,0.020625,,,,,1.1721875000000002,6.054374999999999,0.7790625,0.055937499999999994,1.173125,6.29875,0.7703125,0.091875,,,,,0.24375000000000013,-0.19124999999999992,-0.03656249999999983
83,short,SB-XT-RPh----,0.825,3.675,80,0.8956250000000001,3.7143749999999995,0.708125,0.063125,1.175,3.9875,0.7875,0.025,0.10374999999999998,1.49875,0.525,0.00375,0.723125,2.339375,0.66375,0.068125,0.905,3.7625,0.708125,0.0725,0.04875,3.3693749999999993,0.506875,0.02125,,,,,,,,,0.3500000000000001,-0.72125,0.07062500000000016
83,long,LBE-T-RPhCL--,0.8625,5.775,80,0.9200000000000002,5.646875,0.728125,0.0075,1.6125,9.0125,0.9,0.0125,0.02,1.5,0.505,0.0,0.68625,2.325,0.670625,0.00375,0.93125,5.65875,0.730625,0.00875,0.065625,4.143125,0.51625,0.000625,1.06125,5.856875,0.763125,0.00875,0.8556250000000001,5.13,0.7125,0.005625,0.75,-0.8425,0.05750000000000011
83,combined,C-EXT-RPHC-UK,0.84375,4.725,160,0.8290624999999998,4.6606250000000005,0.69625,0.0440625,1.39375,6.43125,0.84375,0.01875,0.7075,2.0384374999999997,0.6756249999999999,0.005,0.734375,1.9653125,0.6825,0.004375,,,,,0.8425,4.6334375,0.6993750000000001,0.045,0.8487500000000001,4.680625000000001,0.7006249999999999,0.04625,,,,,0.55,-0.13624999999999998,-0.014687500000000187
66,short,SB-XT-RPh----,0.925,3.775,80,0.8550000000000001,3.8549999999999995,0.679375,0.1375,1.225,3.925,0.8,0.025,0.040625,1.4975,0.509375,0.003125,0.554375,3.19,0.585,0.21437500000000004,0.8881250000000002,3.88125,0.688125,0.135625,0.0975,3.12125,0.52125,0.0125,,,,,,,,,0.30000000000000004,-0.884375,-0.06999999999999995
66,long,LBE-T-RPhCL--,1.1625,7.825,80,1.09625,7.598124999999999,0.765625,0.03375,1.6625,9.0375,0.9125,0.0125,-0.0025,1.46125,0.499375,0.0,0.746875,2.473125,0.685625,0.004375,1.088125,7.700625,0.76375,0.033125,0.096875,6.103125,0.52375,0.001875,1.116875,7.7325,0.771875,0.029374999999999995,1.074375,7.16625,0.76125,0.029374999999999995,0.5,-1.165,-0.06625000000000014
66,combined,C-EXT-RPHC-UK,1.04375,5.8,160,0.9440624999999999,5.7959375,0.7171875,0.07531249999999999,1.44375,6.4625,0.85625,0.01875,0.796875,2.2600000000000002,0.698125,0.004375,0.75875,2.269375,0.6875,0.00875,,,,,0.9540624999999998,5.852812500000001,0.7203125,0.07281249999999999,0.959375,5.823125,0.7215624999999999,0.073125,,,,,0.40000000000000013,-0.24687499999999996,-0.09968750000000004
25,short,SB-XT-RPh----,0.925,4.0375,80,0.8706250000000001,4.08625,0.69,0.110625,1.225,3.9875,0.8,0.025,0.11374999999999999,1.519375,0.52625,0.00875,0.61375,2.610625,0.624375,0.11625,0.850625,4.1225,0.680625,0.128125,0.083125,3.5825000000000005,0.514375,0.025625,,,,,,,,,0.30000000000000004,-0.81125,-0.05437499999999995
25,long,LBE-T-RPhCL--,0.8,5.825,80,1.15875,5.768125,0.78875,0.00375,1.6125,9.0375,0.9,0.0125,0.045,1.5025,0.51125,0.0,0.85625,2.86875,0.71,0.01625,1.145625,5.77625,0.785625,0.003125,0.075,4.889375,0.51875,0.0,1.134375,5.820625,0.783125,0.001875,1.070625,5.3125,0.7675,0.000625,0.8125,-0.755,0.3587499999999999
25,combined,C-EXT-RPHC-UK,0.8625,4.93125,160,1.0478125,4.9025,0.74875,0.0528125,1.41875,6.5,0.85,0.01875,0.8168749999999999,2.4559375,0.7021875,0.008125,0.8240624999999999,2.3575000000000004,0.7040624999999999,0.0078125,,,,,0.9603124999999999,4.9215625,0.7275,0.0503125,0.9740624999999999,4.897812500000001,0.7315625,0.0478125,,,,,0.5562499999999999,-0.04562500000000014,0.1853125
2,short,SB-XT-RPh----,0.9875,3.95,80,0.8299999999999998,3.954375,0.683125,0.0975,1.125,3.925,0.775,0.025,-0.02125,1.499375,0.49375,0.00375,0.625,2.321875,0.639375,0.0675,0.8149999999999998,4.01875,0.6775,0.10500000000000001,0.052500000000000005,3.5925,0.504375,0.035,,,,,,,,,0.13749999999999996,-1.00875,-0.1575000000000002
2,long,LBE-T-RPhCL--,1.0,8.3375,80,1.01375,8.238125,0.7375,0.06375,1.6625,9.1125,0.9125,0.0125,-0.015,1.50875,0.49625,0.0,0.8074999999999999,2.43,0.700625,0.005,1.0575,8.338125,0.74875,0.0625,0.08625,5.921875,0.52125,0.00125,1.174375,8.331875,0.78125,0.049375,1.089375,7.963125,0.760625,0.046875,0.6625000000000001,-1.015,0.013749999999999929
2,combined,C-EXT-RPHC-UK,0.99375,6.14375,160,0.9240625,6.080625,0.7118749999999999,0.0765625,1.41875,6.44375,0.85,0.01875,0.78125,2.3181249999999998,0.69375,0.00625,0.7521875,2.2696875,0.68625,0.007187500000000001,,,,,0.9153125,6.08125,0.7090624999999999,0.07906250000000001,0.9603125,6.132187500000001,0.7203125,0.07906250000000001,,,,,0.42499999999999993,-0.21250000000000002,-0.06968750000000001
91,short,SB-XT-RPh----,0.775,4.275,80,0.891875,4.254375,0.695625,0.109375,1.225,3.9,0.8,0.025,0.12250000000000001,1.506875,0.53,0.0025,0.67625,2.463125,0.646875,0.08875,0.8012499999999999,4.210625,0.668125,0.12875,0.1525,3.891875,0.528125,0.04,,,,,,,,,0.45000000000000007,-0.6525,0.11687499999999995
91,long,LBE-T-RPhCL--,1.45,7.9125,80,1.181875,7.922500000000001,0.784375,0.044375,1.6125,9.0125,0.9,0.0125,0.05500000000000001,1.536875,0.51375,0.0,0.786875,3.85625,0.67625,0.081875,1.215625,7.858749999999999,0.795,0.035625,0.065625,5.71125,0.51625,0.000625,1.181875,7.91375,0.784375,0.044375,1.083125,7.295,0.7625,0.033125,0.1625000000000001,-1.395,-0.26812499999999995
91,combined,C-EXT-RPHC-UK,1.1125,6.09375,160,1.0371875,6.0878125,0.7356250000000001,0.09468750000000001,1.41875,6.3875,0.85,0.01875,0.8653124999999999,2.41125,0.7146874999999999,0.006562500000000001,0.90625,2.4109375,0.7246874999999999,0.0075,,,,,1.0459375000000002,6.054374999999999,0.7393750000000001,0.08843749999999999,1.061875,6.110625000000001,0.7446875000000001,0.083125,,,,,0.3062499999999999,-0.24718750000000012,-0.07531250000000012
19,short,SB-XT-RPh----,0.7125,3.4875,80,0.751875,3.4993749999999997,0.660625,0.109375,1.025,3.8875,0.75,0.025,-0.005,1.51125,0.49749999999999994,0.005,0.52,3.1025,0.58,0.2,0.6975,3.55375,0.646875,0.11000000000000001,-0.0225,2.7375,0.4925,0.0075,,,,,,,,,0.3124999999999999,-0.7175,0.03937499999999994
19,long,LBE-T-RPhCL--,1.05,5.3375,80,1.149375,5.418125,0.785,0.009375,1.6625,9.025,0.9125,0.0125,-0.0475,1.485625,0.488125,0.0,0.8612499999999998,3.576875,0.701875,0.05375,1.133125,5.3425,0.780625,0.010625,0.0375,3.125625,0.509375,0.0,1.1175,5.536875,0.77625,0.0125,0.996875,4.594375,0.74875,0.001875,0.6125,-1.0975000000000001,0.09937499999999999
19,combined,C-EXT-RPHC-UK,0.88125,4.4125,160,0.849375,4.290312500000001,0.6884375,0.09562499999999999,1.34375,6.4875,0.83125,0.01875,0.79125,2.3659375000000002,0.696875,0.0037500000000000007,0.7921875,2.9068750000000003,0.6859375,0.0484375,,,,,0.8768750000000001,3.858125,0.70625,0.05187499999999999,0.8628125000000001,4.2221874999999995,0.6928125,0.09156249999999999,,,,,0.4625,-0.08999999999999997,-0.03187499999999999
90,short,SB-XT-RPh----,1.0125,4.0125,80,0.633125,4.10125,0.611875,0.185625,1.175,3.9625,0.7875,0.025,-0.031875,1.54125,0.490625,0.005625,0.48687500000000006,2.736875,0.586875,0.139375,0.66,4.11125,0.61375,0.205,0.0225,3.211875,0.500625,0.02,,,,,,,,,0.1625000000000001,-1.044375,-0.3793749999999999
90,long,LBE-T-RPhCL--,0.7125,5.675,80,1.014375,5.613125,0.751875,0.006875000000000001,1.6625,8.925,0.9125,0.0125,-0.04,1.46875,0.49000000000000005,0.0,0.818125,2.358125,0.70375,0.003125,1.093125,5.59125,0.77125,0.008125,-0.05,3.9174999999999995,0.4875,0.0,1.085625,5.563125,0.769375,0.008125,0.985625,4.80875,0.745625,0.003125,0.9500000000000001,-0.7525000000000001,0.301875
90,combined,C-EXT-RPHC-UK,0.8625,4.84375,160,0.7746875,4.804062500000001,0.675,0.07468749999999999,1.41875,6.45,0.85,0.01875,0.6334375,2.0028125,0.6575000000000001,0.0034375000000000005,0.6962499999999999,2.1340624999999998,0.6721874999999999,0.0075000000000000015,,,,,0.8331250000000001,4.6425,0.694375,0.055624999999999994,0.843125,4.880625,0.6925,0.073125,,,,,0.5562499999999999,-0.22906250000000006,-0.08781250000000007
69,short,SB-XT-RPh----,0.9,3.95,80,0.76625,3.9743750000000007,0.6625,0.11625,1.325,3.975,0.825,0.025,0.1,1.48875,0.52375,0.005,0.44000000000000006,2.806875,0.5625,0.19,0.74625,4.031875,0.654375,0.12875,0.133125,3.56875,0.526875,0.025625,,,,,,,,,0.42499999999999993,-0.8,-0.13375000000000004
69,long,LBE-T-RPhCL--,1.225,6.0375,80,1.188125,6.0975,0.7925,0.018125,1.6625,8.8125,0.9125,0.0125,0.08,1.50375,0.52,0.0,0.880625,4.176875,0.695625,0.098125,1.249375,6.155625,0.809375,0.011875,0.165,4.034375,0.54125,0.0,1.225,6.26375,0.803125,0.0125,1.115,5.275625,0.778125,0.0025,0.4375,-1.145,-0.03687499999999999
69,combined,C-EXT-RPHC-UK,1.0625,4.99375,160,1.0840625,5.013125,0.76,0.0440625,1.49375,6.4875,0.86875,0.01875,0.7737499999999999,2.4956249999999995,0.6918749999999999,0.0062499999999999995,0.8171875,2.5,0.7021875,0.0084375,,,,,0.9740624999999999,4.971875,0.7321875,0.0453125,1.0253125,5.037812499999999,0.7450000000000001,0.04531249999999999,,,,,0.4312499999999999,-0.28875000000000006,0.02156249999999993
31,short,SB-XT-RPh----,0.8375,3.875,80,0.891875,3.856875,0.709375,0.05437499999999999,1.175,3.9375,0.7875,0.025,0.074375,1.478125,0.5175,0.004375,0.5125,2.79125,0.5875,0.1625,0.8825,3.888125,0.706875,0.05500000000000001,0.185,3.6012499999999994,0.54375,0.01,,,,,,,,,0.3375,-0.763125,0.05437499999999995
31,long,LBE-T-RPhCL--,1.375,7.2125,80,1.18625,7.191874999999999,0.795625,0.00375,1.6625,8.8875,0.9125,0.0125,0.03,1.54,0.5075,0.0,0.8175000000000001,2.9925,0.698125,0.025,1.133125,7.198125,0.781875,0.005625,0.08,5.87125,0.52,0.0,1.190625,7.2525,0.796875,0.003125,1.19625,6.714375000000001,0.79875,0.00125,0.2875000000000001,-1.345,-0.18874999999999997
31,combined,C-EXT-RPHC-UK,1.10625,5.54375,160,0.9934375,5.5346874999999995,0.7334375,0.059687500000000004,1.41875,6.6375,0.85,0.01875,0.7975,2.56875,0.6971875,0.00875,0.8178124999999999,2.5790625,0.703125,0.0053125,,,,,0.9915625000000002,5.5721875,0.734375,0.0540625,0.9949999999999999,5.535,0.7353125,0.05375,,,,,0.3125,-0.30874999999999997,-0.11281249999999998
6,short,SB-XT-RPh----,0.875,4.0625,80,0.86875,4.17125,0.67375,0.17375,1.225,3.8875,0.8,0.025,0.09,1.4875,0.521875,0.0025,0.66875,3.14875,0.618125,0.19625,0.871875,4.105,0.6825,0.141875,0.058125,3.5056250000000007,0.5075,0.028125,,,,,,,,,0.3500000000000001,-0.785,-0.006249999999999978
6,long,LBE-T-RPhCL--,1.1,5.5875,80,0.9650000000000001,5.560625,0.74,0.005,1.6625,8.825,0.9125,0.0125,0.04,1.47,0.51,0.0,0.7,2.27875,0.674375,0.0025,0.97625,5.59375,0.74375,0.00125,0.0875,4.485,0.521875,0.0,1.036875,5.839375,0.758125,0.004375,0.9262499999999999,5.28,0.730625,0.00375,0.5625,-1.06,-0.135
6,combined,C-EXT-RPHC-UK,0.9875,4.825,160,0.909375,4.85875,0.7115625000000001,0.063125,1.44375,6.58125,0.85625,0.01875,0.7112499999999999,2.088125,0.6765625,0.005,0.7631249999999999,2.1925,0.6890625,0.006875000000000001,,,,,0.88125,4.7315625,0.70875,0.04625,0.9178124999999999,4.8928125,0.713125,0.0653125,,,,,0.45625000000000004,-0.2762500000000001,-0.078125
62,short,SB-XT-RPh----,1.225,4.3125,80,0.869375,4.32875,0.68625,0.12437499999999999,1.225,4.0,0.8,0.025,0.21375000000000002,1.484375,0.551875,0.00625,0.613125,2.91125,0.608125,0.180625,0.890625,4.265,0.695625,0.108125,0.20187499999999997,3.9956249999999995,0.543125,0.029374999999999995,,,,,,,,,0.0,-1.01125,-0.3556250000000001
62,long,LBE-T-RPhCL--,1.1,7.475,80,1.224375,7.453750000000001,0.805625,0.001875,1.6625,9.075,0.9125,0.0125,0.1325,1.52375,0.533125,0.0,0.758125,2.69,0.688125,0.005625,1.20875,7.44375,0.8018750000000001,0.00125,0.135,6.144375,0.53375,0.0,1.20375,7.504374999999999,0.8006249999999999,0.00125,1.100625,6.9375,0.775,0.000625,0.5625,-0.9675,0.1243749999999999
62,combined,C-EXT-RPHC-UK,1.1625,5.89375,160,0.9974999999999999,5.87,0.729375,0.07999999999999999,1.44375,6.475,0.85625,0.01875,0.804375,2.5081249999999997,0.6996875,0.005625,0.8809375000000002,2.5006250000000003,0.71875,0.0059375,,,,,0.9840625,5.8353125,0.7271875,0.0753125,0.9350000000000002,5.847812500000001,0.7128125,0.08374999999999999,,,,,0.28125,-0.35812500000000014,-0.16500000000000015
59,short,SB-XT-RPh----,0.6125,4.6,80,0.569375,4.63625,0.58125,0.244375,1.275,3.9125,0.8125,0.025,0.076875,1.495625,0.51875,0.001875,0.65875,2.361875,0.648125,0.06625,0.59375,4.61375,0.588125,0.24125000000000002,-0.008125,3.925,0.4756250000000001,0.089375,,,,,,,,,0.6624999999999999,-0.535625,-0.04312500000000008
59,long,LBE-T-RPhCL--,0.9,7.575,80,1.058125,7.516875000000001,0.75625,0.033125,1.6625,8.9625,0.9125,0.0125,0.0125,1.52125,0.503125,0.0,0.76375,2.4375,0.690625,0.00125,1.09375,7.603125,0.76375,0.03875,0.105625,5.583125,0.52625,0.000625,1.066875,7.610000000000001,0.75625,0.041875,1.06375,6.973124999999999,0.760625,0.02125,0.7625000000000001,-0.8875000000000001,0.15812499999999996
59,combined,C-EXT-RPHC-UK,0.75625,6.0875,160,0.826875,6.1121875,0.6715625,0.140625,1.49375,6.46875,0.86875,0.01875,0.7153125,2.019375,0.6778125000000002,0.0040625,0.7731250000000001,2.1846875,0.690625,0.010625,,,,,0.7862500000000001,5.836875000000001,0.6715625,0.1,0.7803125000000001,6.085624999999999,0.6581250000000001,0.14781249999999999,,,,,0.7374999999999999,-0.04093749999999996,0.07062500000000005
36,short,SB-XT-RPh----,0.875,3.8,80,0.9081249999999998,3.859375,0.7025,0.098125,1.175,3.9375,0.7875,0.025,0.12,1.449375,0.529375,0.0025,0.734375,2.84125,0.64875,0.139375,0.86625,3.8199999999999994,0.694375,0.08875,0.15,3.331875,0.53375,0.015,,,,,,,,,0.30000000000000004,-0.755,0.03312499999999985
36,long,LBE-T-RPhCL--,1.15,5.85,80,1.215625,5.828125,0.80375,0.000625,1.6625,9.15,0.9125,0.0125,0.10500000000000001,1.5275,0.52625,0.0,0.76875,2.42,0.690625,0.00625,1.1725,5.84375,0.793125,0.0,0.11000000000000001,4.539375,0.5275,0.0,1.12,5.97125,0.78,0.0,1.065,5.6,0.76625,0.0,0.5125000000000002,-1.045,0.06562500000000004
36,combined,C-EXT-RPHC-UK,1.0125,4.825,160,1.0253125,4.8796875,0.7459375,0.0415625,1.41875,6.49375,0.85,0.01875,0.843125,2.4290624999999997,0.7096875,0.004375,0.81875,2.3943749999999997,0.7028125000000001,0.0075000000000000015,,,,,0.9790625000000001,4.8175,0.7325,0.0490625,0.9521875000000002,4.8534375,0.72625,0.0471875,,,,,0.40625,-0.16937499999999994,0.012812500000000115
94,short,SB-XT-RPh----,0.875,3.9125,80,0.84375,3.981875,0.681875,0.11625,1.175,3.9625,0.7875,0.025,0.10687500000000001,1.466875,0.525625,0.004375,0.715625,2.61125,0.65375,0.100625,0.875625,3.946875,0.690625,0.113125,0.065625,3.353125,0.509375,0.028125,,,,,,,,,0.30000000000000004,-0.768125,-0.03125
94,long,LBE-T-RPhCL--,1.25,4.9875,80,1.175,5.03125,0.79375,0.0,1.6625,8.9375,0.9125,0.0125,0.12,1.548125,0.53,0.0,0.8087500000000001,5.183125,0.65625,0.18375,1.173125,5.041875,0.7925,0.003125,0.145,3.513125,0.53625,0.0,1.13875,5.0125,0.784375,0.00125,1.14,4.865,0.785,0.0,0.4125000000000001,-1.13,-0.07499999999999996
94,combined,C-EXT-RPHC-UK,1.0625,4.45,160,1.0440625000000001,4.436249999999999,0.7474999999999999,0.0540625,1.41875,6.55625,0.85,0.01875,0.7659374999999999,2.2715625,0.6903124999999999,0.004687500000000001,0.83625,2.5696874999999997,0.7059374999999999,0.0125,,,,,1.0009375,4.2631250000000005,0.74125,0.0359375,1.0040624999999999,4.45625,0.7390625,0.047812499999999994,,,,,0.35624999999999996,-0.29656250000000006,-0.018437499999999885
102,short,SB-XT-RPh----,0.975,4.375,80,0.8412500000000002,4.3625,0.659375,0.20374999999999996,1.325,3.925,0.825,0.025,0.020625,1.4525,0.504375,0.003125,0.625625,2.99,0.61,0.185625,0.779375,4.42875,0.644375,0.20187499999999997,0.02375,3.69,0.49375,0.04875,,,,,,,,,0.35,-0.954375,-0.1337499999999998
102,long,LBE-T-RPhCL--,1.05,8.3875,80,1.09,8.26,0.7525,0.08,1.6625,8.9875,0.9125,0.0125,0.0475,1.50375,0.511875,0.0,0.885,3.0175,0.715625,0.0225,1.01125,8.289375,0.73375,0.07625,0.075,6.034375,0.51875,0.0,1.08,8.64,0.74,0.12,1.01,7.861875,0.734375,0.0725,0.6125,-1.0025,0.040000000000000036
102,combined,C-EXT-RPHC-UK,1.0125,6.38125,160,0.9971875000000001,6.2984375,0.721875,0.10968750000000001,1.49375,6.5125,0.86875,0.01875,0.8559374999999999,2.4059375,0.7125,0.0059375,0.8796875,2.4921875,0.7165625,0.0134375,,,,,0.9893749999999999,6.1103125,0.7253125,0.088125,1.0078125,6.3534375,0.720625,0.1253125,,,,,0.48124999999999996,-0.15656250000000005,-0.01531249999999984
86,short,SB-XT-RPh----,0.8625,3.225,80,0.83625,3.228125,0.7025,0.026250000000000002,1.125,3.975,0.775,0.025,0.02125,1.5025,0.504375,0.00375,0.495,2.8775,0.57875,0.18,0.819375,3.22125,0.7,0.019375,0.1,2.920625,0.524375,0.0025,,,,,,,,,0.26249999999999996,-0.84125,-0.026249999999999996
86,long,LBE-T-RPhCL--,1.2,5.3625,80,1.135,5.4375,0.781875,0.0075,1.6625,9.1,0.9125,0.0125,0.02,1.48125,0.505,0.0,0.821875,2.966875,0.699375,0.024375,1.16375,5.445,0.79,0.00375,0.08,4.0575,0.52,0.0,1.0925,5.433125,0.771875,0.005,1.081875,5.10375,0.77,0.001875,0.46250000000000013,-1.18,-0.06499999999999995
86,combined,C-EXT-RPHC-UK,1.03125,4.29375,160,0.9340624999999999,4.248749999999999,0.7259375,0.030312500000000003,1.39375,6.54375,0.84375,0.01875,0.8068750000000001,2.365625,0.6996874999999999,0.008125,0.7984375,2.3509374999999997,0.6975,0.0084375,,,,,0.9975000000000002,4.203125,0.7412500000000001,0.0325,1.03,4.2659375,0.7515625,0.02375,,,,,0.36250000000000004,-0.22437499999999988,-0.0971875000000001
54,short,SB-XT-RPh----,0.7375,3.7,80,0.62125,3.7037500000000003,0.64,0.061250000000000006,1.175,3.95,0.7875,0.025,0.149375,1.478125,0.536875,0.001875,0.4325,2.346875,0.58,0.1125,0.705625,3.6306250000000007,0.66125,0.060625,0.155,3.46625,0.53375,0.02,,,,,,,,,0.4375,-0.588125,-0.11625000000000008
54,long,LBE-T-RPhCL--,1.1125,7.775,80,1.0525,7.720625,0.759375,0.015,1.6125,8.85,0.9,0.0125,-0.02,1.535625,0.495,0.0,0.620625,2.173125,0.654375,0.003125,0.99125,7.83625,0.745,0.01125,0.163125,6.390625,0.540625,0.000625,1.065,7.779999999999999,0.763125,0.0125,0.996875,7.245625000000001,0.746875,0.009375,0.5,-1.1325,-0.06000000000000005
54,combined,C-EXT-RPHC-UK,0.925,5.7375,160,0.985,5.7634375,0.7328125,0.053750000000000006,1.41875,6.5,0.85,0.01875,0.7765625,2.336875,0.6928124999999999,0.0053125,0.8018749999999999,2.4459375000000003,0.69875,0.006875000000000001,,,,,0.9743750000000002,5.717499999999999,0.7290625000000001,0.058125,0.9509375,5.708125000000001,0.7237500000000001,0.05593750000000001,,,,,0.4937499999999999,-0.1484375,0.05999999999999994
23,short,SB-XT-RPh----,0.775,3.575,80,0.8306249999999998,3.611875,0.69375,0.055625,1.075,3.8625,0.7625,0.025,0.035,1.543125,0.5075,0.005,0.559375,3.073125,0.5925,0.189375,0.8774999999999998,3.618125,0.703125,0.065,0.2125,3.169375,0.55,0.0125,,,,,,,,,0.29999999999999993,-0.74,0.055624999999999813
23,long,LBE-T-RPhCL--,1.175,7.35,80,1.0775,7.313125000000001,0.7575,0.0475,1.6625,8.925,0.9125,0.0125,-0.02,1.535,0.495,0.0,0.8474999999999999,3.03,0.705625,0.025,1.18,7.356875,0.78375,0.045,0.0375,4.9375,0.509375,0.0,1.148125,7.345625,0.77625,0.043125,1.12625,6.396875,0.77375,0.03125,0.48750000000000004,-1.195,-0.09750000000000014
23,combined,C-EXT-RPHC-UK,0.975,5.4625,160,0.9515625,5.5309375,0.725625,0.0490625,1.39375,6.53125,0.84375,0.01875,0.7621875,2.413125,0.6896875,0.0034375000000000005,0.7562500000000001,2.545,0.6878124999999999,0.005,,,,,0.8921875,5.5053125000000005,0.7115625,0.0459375,1.001875,5.538124999999999,0.7378125,0.050624999999999996,,,,,0.41875000000000007,-0.21281249999999996,-0.0234375
88,short,SB-XT-RPh----,1.075,4.0625,80,0.8125,4.061875,0.67375,0.11749999999999998,1.225,4.0,0.8,0.025,0.134375,1.466875,0.533125,0.001875,0.460625,2.899375,0.56875,0.185625,0.85625,4.078125,0.685,0.11625,0.179375,3.5975,0.54,0.019375,,,,,,,,,0.15000000000000013,-0.9406249999999999,-0.26249999999999996
88,long,LBE-T-RPhCL--,1.175,7.5375,80,1.1875,7.553749999999999,0.784375,0.05,1.6625,9.0125,0.9125,0.0125,-0.0125,1.50125,0.496875,0.0,0.9737500000000001,3.15625,0.735,0.03375,1.1475,7.54375,0.77375,0.052500000000000005,0.095625,5.68625,0.52375,0.000625,1.190625,7.78375,0.781875,0.063125,1.15125,6.681875,0.780625,0.028750000000000005,0.48750000000000004,-1.1875,0.012499999999999956
88,combined,C-EXT-RPHC-UK,1.125,5.8,160,0.9953125,5.7715625,0.7315625000000001,0.0690625,1.44375,6.49375,0.85625,0.01875,0.826875,2.5168749999999998,0.7050000000000001,0.006875000000000001,0.8481249999999999,2.4387499999999998,0.71,0.008125,,,,,1.0290625,5.744375,0.74125,0.0640625,1.0009375,5.715,0.735625,0.058437499999999996,,,,,0.3187500000000001,-0.298125,-0.12968749999999996
64,short,SB-XT-RPh----,1.0375,3.5375,80,0.9625,3.546875,0.73125,0.0375,1.125,3.9375,0.775,0.025,0.11374999999999999,1.51375,0.5275,0.00375,0.64,3.15875,0.60875,0.205,0.971875,3.569375,0.73375,0.036875,0.198125,3.2443749999999993,0.5475,0.008125,,,,,,,,,0.08749999999999991,-0.9237500000000001,-0.07500000000000007
64,long,LBE-T-RPhCL--,1.05,4.8875,80,1.110625,4.943125,0.7775,0.000625,1.6625,9.175,0.9125,0.0125,0.1975,1.540625,0.549375,0.0,0.925,4.05,0.714375,0.0675,1.1225,4.90125,0.780625,0.0,0.23000000000000004,3.4731250000000005,0.5575,0.0,1.1375,4.90375,0.784375,0.0,1.08,4.605625,0.77,0.0,0.6125,-0.8525,0.06062499999999993
64,combined,C-EXT-RPHC-UK,1.04375,4.2125,160,0.9446875,4.1743749999999995,0.7321875,0.0159375,1.39375,6.56875,0.84375,0.01875,0.805,2.4346875,0.7,0.005,0.7778125,2.4025,0.6928124999999999,0.006562500000000001,,,,,0.9524999999999999,4.16625,0.7331249999999999,0.019999999999999997,0.9703125,4.186875,0.7381249999999999,0.017812500000000002,,,,,0.3500000000000001,-0.2387499999999999,-0.09906249999999994
38,short,SB-XT-RPh----,0.8,4.45,80,0.638125,4.518125,0.58125,0.313125,1.175,3.95,0.7875,0.025,-0.0125,1.483125,0.49625,0.0025,0.561875,3.2287499999999993,0.5825,0.231875,0.535,4.57875,0.550625,0.3325,-0.015625,3.259375,0.48687500000000006,0.036875,,,,,,,,,0.375,-0.8125,-0.161875
38,long,LBE-T-RPhCL--,1.05,7.825,80,1.109375,7.6375,0.75375,0.094375,1.6625,9.075,0.9125,0.0125,-0.0425,1.525625,0.489375,0.0,0.8868750000000001,3.596875,0.705625,0.064375,1.18875,7.64875,0.775625,0.08625,-0.11500000000000002,4.77625,0.47125000000000006,0.0,1.12875,8.186875,0.744375,0.15125,1.154375,6.830625,0.775,0.05437499999999999,0.6125,-1.0925,0.059374999999999956
38,combined,C-EXT-RPHC-UK,0.925,6.1375,160,0.9518749999999999,6.133750000000001,0.6918749999999999,0.184375,1.41875,6.38125,0.85,0.01875,0.6871875000000001,2.0409374999999996,0.6709375,0.0034375000000000005,0.8828125,2.8081249999999995,0.7115625000000001,0.036562500000000005,,,,,0.9028124999999999,5.1171875,0.7075,0.0728125,0.9399999999999998,6.2559375,0.6821875000000001,0.21125,,,,,0.4937499999999999,-0.23781249999999998,0.02687499999999987
81,short,SB-XT-RPh----,0.85,3.925,80,0.748125,4.026875,0.639375,0.190625,1.275,3.9125,0.8125,0.025,0.048125,1.530625,0.51125,0.003125,0.606875,2.6975,0.620625,0.12437499999999999,0.8143749999999998,3.959375,0.66125,0.169375,0.094375,3.08375,0.5175,0.024375,,,,,,,,,0.42499999999999993,-0.801875,-0.10187499999999994
81,long,LBE-T-RPhCL--,1.25,5.7,80,1.07,5.76875,0.764375,0.0125,1.6125,8.925,0.9,0.0125,-0.06,1.463125,0.485,0.0,0.8143749999999998,2.858125,0.699375,0.016875,1.0775,5.68625,0.7675,0.0075,0.02,3.918125,0.505,0.0,1.02875,5.90125,0.75375,0.013750000000000002,1.018125,4.99375,0.75375,0.003125,0.36250000000000004,-1.31,-0.17999999999999994
81,combined,C-EXT-RPHC-UK,1.05,4.8125,160,0.8246874999999999,4.827500000000001,0.6834374999999999,0.0909375,1.44375,6.44375,0.85625,0.01875,0.6571874999999999,2.03625,0.6631250000000001,0.0046875,0.705625,2.323125,0.6725,0.015624999999999997,,,,,0.8565625000000001,4.5328125,0.703125,0.0440625,0.8400000000000001,4.828437500000001,0.68875,0.08499999999999999,,,,,0.39375000000000004,-0.3928125000000001,-0.22531250000000014
77,short,SB-XT-RPh----,0.675,3.375,80,0.8087500000000001,3.3337500000000007,0.68,0.08875,1.275,3.875,0.8125,0.025,0.06,1.479375,0.514375,0.0025,0.509375,3.034375,0.576875,0.20187499999999997,0.8412500000000002,3.34625,0.688125,0.08875,0.110625,2.726875,0.526875,0.003125,,,,,,,,,0.5999999999999999,-0.615,0.13375000000000004
77,long,LBE-T-RPhCL--,1.25,4.275,80,1.11625,4.21875,0.775,0.01625,1.6625,8.8875,0.9125,0.0125,0.0925,1.505625,0.523125,0.0,0.883125,3.5668750000000005,0.705,0.063125,1.02625,4.285625,0.7525,0.01625,-0.0025,3.1025,0.499375,0.0,1.06875,4.198125,0.765,0.00875,1.046875,4.01875,0.76,0.006875000000000001,0.4125000000000001,-1.1575,-0.13375000000000004
77,combined,C-EXT-RPHC-UK,0.9625,3.825,160,0.9765625,3.768125,0.7346874999999999,0.0378125,1.46875,6.50625,0.8625,0.01875,0.6471874999999999,2.0125,0.6609375,0.0034375000000000005,0.7890625,2.5315625,0.6925,0.0190625,,,,,0.83625,3.3818749999999995,0.7049999999999998,0.016249999999999997,0.9356249999999999,3.7987499999999996,0.721875,0.048125,,,,,0.50625,-0.3153125000000001,0.014062499999999978
20,short,SB-XT-RPh----,0.6625,4.7875,80,0.48624999999999996,4.785,0.54875,0.29125,1.275,3.9375,0.8125,0.025,0.030625000000000003,1.4675,0.506875,0.003125,0.588125,2.666875,0.615,0.128125,0.504375,4.806875,0.555,0.284375,0.02125,4.20375,0.480625,0.09875,,,,,,,,,0.6124999999999999,-0.631875,-0.17625000000000002
20,long,LBE-T-RPhCL--,1.175,8.6125,80,0.9637499999999999,8.68375,0.724375,0.06625,1.6125,8.95,0.9,0.0125,0.05750000000000001,1.515,0.514375,0.0,0.765625,2.335625,0.690625,0.003125,0.96,8.663125,0.72125,0.075,0.096875,6.628749999999999,0.523125,0.004375,1.098125,8.6025,0.761875,0.05062500000000001,1.005625,8.70375,0.734375,0.068125,0.4375,-1.1175,-0.21125000000000016
20,combined,C-EXT-RPHC-UK,0.91875,6.7,160,0.7762499999999999,6.6775,0.6496875,0.1775,1.46875,6.3625,0.8625,0.01875,0.6681250000000001,2.0628125,0.66625,0.003125,0.7290625000000001,2.2015625,0.6796875,0.0103125,,,,,0.7424999999999999,6.483437499999999,0.6512499999999999,0.1375,0.744375,6.6828125,0.6378125000000001,0.193125,,,,,0.55,-0.2506249999999999,-0.14250000000000007
