fit,subject_ID,task,personalised,human,model_avg,n_games,matched0,matched1,matched2,matched3,matched4,matched5,matched6,matched7,matched8,matched9,matched10,matched11,matched12,matched13,matched14,matched15,matched16,matched17,matched18,matched19,matched20,matched21,matched22,matched23,matched24,matched25,matched26,matched27,matched28,matched29,matched30,matched31,matched32,matched33,matched34,matched35,matched36,matched37,matched38,matched39,matched40,matched41,matched42,matched43,matched44,matched45,matched46,matched47,matched48,matched49
short,28,SB-XT-RPh----,False,63.0,70.32,80,62.0,77.0,92.0,80.0,60.0,65.0,81.0,63.0,72.0,76.0,58.0,53.0,62.0,70.0,53.0,72.0,67.0,62.0,89.0,50.0,79.0,61.0,77.0,82.0,73.0,65.0,60.0,83.0,76.0,58.0,61.0,77.0,71.0,48.0,84.0,75.0,51.0,75.0,72.0,46.0,76.0,70.0,70.0,78.0,69.0,71.0,80.0,103.0,58.0,58.0
short,10,SB-XTGRPhC---,True,63.0,61.260000000000005,80,54.0,66.0,76.0,52.0,50.0,75.0,81.0,69.0,65.0,55.0,47.0,62.0,70.0,67.0,49.0,59.0,58.0,77.0,56.0,55.0,73.0,66.0,51.0,52.0,59.0,43.0,81.0,59.0,48.0,49.0,66.0,63.0,67.0,72.0,64.0,69.0,68.0,110.0,83.0,71.0,54.0,70.0,48.0,64.0,73.0,76.0,54.0,85.0,61.0,52.0
short,53,SBEXT-RPH----,True,82.0,55.4,80,61.0,61.0,70.0,68.0,35.0,50.0,50.0,45.0,69.0,64.0,82.0,54.0,34.0,53.0,73.0,61.0,65.0,51.0,68.0,54.0,60.0,38.0,54.0,38.0,48.0,75.0,66.0,53.0,45.0,75.0,62.0,39.0,38.0,55.0,56.0,73.0,39.0,48.0,54.0,52.0,47.0,56.0,70.0,25.0,51.0,51.0,42.0,72.0,50.0,57.0
short,39,SB-XTGRPhC---,True,69.0,72.30000000000001,80,72.0,74.0,61.0,68.0,70.0,65.0,76.0,75.0,58.0,76.0,62.0,73.0,86.0,75.0,69.0,81.0,70.0,53.0,69.0,72.0,73.0,65.0,86.0,86.0,64.0,66.0,63.0,77.0,86.0,75.0,64.0,75.0,82.0,75.0,66.0,69.0,70.0,75.0,94.0,77.0,93.0,81.0,87.0,68.0,88.0,70.0,85.0,66.0,80.0,73.0
short,37,SB-XT-RPh----,False,47.0,30.06,80,20.0,20.0,28.0,39.0,30.0,30.0,47.0,33.0,20.0,17.0,29.0,10.0,46.0,5.0,32.0,24.0,43.0,11.0,22.0,34.0,49.0,47.0,7.0,45.0,27.0,44.0,35.0,7.0,17.0,38.0,30.0,52.0,13.0,25.0,12.0,29.0,18.0,32.0,18.0,25.0,30.0,26.0,29.0,44.0,28.0,26.0,9.0,46.0,48.0,-3.0
short,1,SB-XTGRPhC---,True,85.0,66.96,80,71.0,74.0,79.0,74.0,72.0,59.0,62.0,64.0,72.0,73.0,75.0,75.0,59.0,44.0,69.0,88.0,69.0,82.0,76.0,58.0,98.0,83.0,51.0,73.0,107.0,84.0,33.0,76.0,66.0,53.0,82.0,57.0,85.0,62.0,63.0,74.0,58.0,66.0,54.0,70.0,83.0,65.0,59.0,55.0,76.0,61.0,81.0,77.0,67.0,51.0
short,18,SB-XTGRPhC---,True,94.0,77.12,80,93.0,95.0,68.0,82.0,94.0,82.0,74.0,67.0,79.0,102.0,90.0,87.0,66.0,68.0,81.0,74.0,91.0,51.0,86.0,98.0,64.0,98.0,71.0,84.0,83.0,70.0,89.0,67.0,72.0,98.0,85.0,75.0,85.0,71.0,97.0,92.0,87.0,101.0,70.0,88.0,79.0,79.0,81.0,69.0,86.0,73.0,86.0,72.0,81.0,86.0
short,8,SB-XTGRPhC---,True,82.0,77.12,80,95.0,81.0,80.0,75.0,67.0,67.0,77.0,60.0,85.0,90.0,88.0,74.0,79.0,88.0,79.0,66.0,68.0,82.0,74.0,76.0,72.0,71.0,60.0,77.0,73.0,81.0,62.0,64.0,82.0,74.0,86.0,82.0,77.0,90.0,73.0,74.0,66.0,74.0,84.0,48.0,60.0,67.0,91.0,56.0,71.0,70.0,82.0,77.0,88.0,67.0
short,32,SB-XT-RPh----,False,87.0,64.22,80,52.0,77.0,59.0,69.0,57.0,84.0,48.0,63.0,82.0,53.0,66.0,74.0,51.0,45.0,94.0,54.0,52.0,83.0,51.0,76.0,49.0,85.0,52.0,60.0,61.0,59.0,59.0,80.0,74.0,58.0,52.0,72.0,40.0,56.0,62.0,54.0,60.0,51.0,45.0,56.0,58.0,71.0,61.0,79.0,68.0,45.0,91.0,75.0,60.0,74.0
short,68,SB-XT-RPh----,False,73.0,48.54,80,42.0,34.0,27.0,50.0,36.0,59.0,66.0,35.0,76.0,54.0,69.0,33.0,60.0,33.0,22.0,64.0,59.0,60.0,54.0,32.0,48.0,63.0,60.0,57.0,54.0,61.0,47.0,55.0,29.0,47.0,29.0,59.0,50.0,35.0,46.0,44.0,26.0,40.0,33.0,51.0,31.0,68.0,61.0,60.0,57.0,30.0,75.0,19.0,48.0,64.0
short,70,SB-XTGRPhC---,True,71.0,78.04,80,76.0,96.0,67.0,88.0,87.0,79.0,81.0,74.0,68.0,79.0,98.0,69.0,83.0,73.0,88.0,68.0,89.0,63.0,81.0,93.0,91.0,94.0,78.0,81.0,80.0,69.0,97.0,71.0,92.0,73.0,68.0,103.0,79.0,77.0,81.0,79.0,72.0,74.0,88.0,83.0,69.0,77.0,78.0,84.0,66.0,76.0,70.0,91.0,72.0,80.0
short,44,SBEXT-RPhC---,True,66.0,47.72,80,57.0,33.0,33.0,30.0,42.0,42.0,28.0,36.0,50.0,57.0,50.0,30.0,52.0,42.0,33.0,41.0,45.0,54.0,48.0,82.0,45.0,38.0,62.0,31.0,46.0,30.0,44.0,51.0,58.0,61.0,82.0,32.0,28.0,41.0,60.0,39.0,43.0,40.0,69.0,48.0,63.0,50.0,66.0,43.0,36.0,83.0,60.0,51.0,33.0,13.0
short,14,SB-XTGRPhC---,True,78.0,71.16,80,73.0,72.0,75.0,70.0,66.0,67.0,68.0,91.0,56.0,72.0,65.0,67.0,69.0,73.0,66.0,58.0,91.0,87.0,82.0,85.0,77.0,75.0,84.0,50.0,62.0,73.0,64.0,82.0,60.0,66.0,58.0,84.0,69.0,73.0,92.0,75.0,60.0,90.0,71.0,57.0,70.0,76.0,71.0,73.0,56.0,83.0,103.0,53.0,79.0,67.0
short,78,SB-XT-RPh----,False,80.0,68.92,80,67.0,71.0,89.0,60.0,70.0,66.0,72.0,36.0,59.0,75.0,72.0,69.0,51.0,68.0,67.0,48.0,63.0,82.0,54.0,68.0,58.0,80.0,65.0,64.0,69.0,61.0,37.0,71.0,51.0,49.0,66.0,54.0,65.0,54.0,78.0,67.0,63.0,55.0,86.0,45.0,52.0,57.0,68.0,69.0,45.0,59.0,63.0,60.0,62.0,75.0
short,84,SB-XT-RPh----,False,63.0,72.08,80,69.0,74.0,77.0,57.0,73.0,87.0,61.0,68.0,60.0,48.0,82.0,87.0,72.0,68.0,82.0,73.0,91.0,82.0,69.0,86.0,76.0,76.0,68.0,84.0,86.0,62.0,59.0,68.0,66.0,72.0,89.0,74.0,61.0,78.0,80.0,82.0,76.0,87.0,68.0,68.0,71.0,86.0,53.0,72.0,87.0,73.0,79.0,69.0,69.0,79.0
short,55,SB-XTGRPhC---,True,55.0,62.160000000000004,80,56.0,62.0,64.0,64.0,63.0,59.0,81.0,55.0,74.0,47.0,76.0,55.0,76.0,48.0,61.0,68.0,80.0,62.0,78.0,58.0,37.0,50.0,81.0,51.0,72.0,59.0,78.0,71.0,64.0,67.0,71.0,53.0,42.0,57.0,59.0,65.0,38.0,73.0,56.0,59.0,79.0,71.0,69.0,60.0,59.0,73.0,83.0,75.0,73.0,47.0
short,34,S--XT-RPH--UK,True,116.0,76.06,80,75.0,71.0,77.0,69.0,81.0,93.0,60.0,62.0,86.0,75.0,89.0,73.0,65.0,85.0,78.0,78.0,98.0,68.0,67.0,58.0,69.0,85.0,75.0,80.0,60.0,70.0,65.0,69.0,80.0,97.0,88.0,100.0,82.0,81.0,68.0,85.0,78.0,60.0,75.0,81.0,96.0,79.0,77.0,52.0,74.0,83.0,70.0,93.0,58.0,78.0
short,74,SB-XT-RPh----,False,82.0,62.32,80,59.0,36.0,86.0,69.0,63.0,62.0,65.0,25.0,74.0,69.0,78.0,76.0,51.0,58.0,44.0,58.0,61.0,68.0,57.0,54.0,73.0,53.0,78.0,84.0,82.0,55.0,67.0,71.0,64.0,66.0,76.0,66.0,91.0,81.0,50.0,49.0,71.0,72.0,68.0,75.0,38.0,56.0,48.0,43.0,59.0,77.0,62.0,44.0,67.0,45.0
short,65,S--XT-RPH--UK,True,92.0,85.44,80,87.0,94.0,84.0,90.0,88.0,98.0,91.0,83.0,80.0,82.0,89.0,76.0,92.0,93.0,90.0,88.0,77.0,73.0,83.0,90.0,99.0,91.0,77.0,95.0,102.0,90.0,89.0,87.0,79.0,93.0,80.0,87.0,80.0,96.0,84.0,74.0,98.0,83.0,87.0,86.0,96.0,92.0,88.0,87.0,83.0,68.0,88.0,94.0,87.0,72.0
short,49,SB-XT-RPh----,False,56.0,54.96000000000001,80,57.0,59.0,43.0,43.0,54.0,72.0,47.0,72.0,38.0,46.0,62.0,68.0,51.0,55.0,91.0,38.0,58.0,34.0,42.0,37.0,69.0,53.0,75.0,74.0,67.0,60.0,64.0,39.0,36.0,75.0,67.0,77.0,68.0,46.0,88.0,48.0,54.0,47.0,68.0,55.0,55.0,64.0,40.0,91.0,59.0,76.0,65.0,53.0,25.0,37.0
short,104,SB-XT-RPh----,False,64.0,63.099999999999994,80,48.0,65.0,65.0,65.0,59.0,38.0,62.0,69.0,69.0,49.0,59.0,32.0,65.0,59.0,52.0,82.0,48.0,59.0,60.0,66.0,78.0,61.0,61.0,82.0,56.0,48.0,69.0,58.0,73.0,70.0,62.0,70.0,67.0,69.0,59.0,68.0,64.0,67.0,76.0,75.0,48.0,64.0,56.0,46.0,52.0,84.0,48.0,87.0,78.0,70.0
short,89,SB-XT-RPh----,False,76.0,63.120000000000005,80,63.0,64.0,62.0,63.0,57.0,77.0,57.0,69.0,89.0,73.0,59.0,51.0,51.0,58.0,70.0,66.0,51.0,62.0,72.0,64.0,66.0,61.0,64.0,71.0,63.0,69.0,68.0,70.0,46.0,62.0,68.0,52.0,58.0,75.0,46.0,59.0,94.0,33.0,63.0,80.0,74.0,58.0,70.0,58.0,59.0,73.0,70.0,56.0,93.0,31.0
short,56,SB-XT-RPh----,False,71.0,67.58,80,55.0,57.0,60.0,75.0,51.0,63.0,59.0,92.0,65.0,77.0,62.0,48.0,59.0,69.0,66.0,80.0,50.0,37.0,62.0,66.0,65.0,72.0,46.0,77.0,66.0,66.0,66.0,46.0,53.0,64.0,66.0,72.0,70.0,77.0,62.0,61.0,51.0,52.0,70.0,73.0,67.0,77.0,69.0,51.0,52.0,70.0,53.0,47.0,61.0,48.0
short,4,SB-XT-RPh----,False,83.0,69.42,80,50.0,74.0,67.0,62.0,77.0,73.0,50.0,64.0,57.0,76.0,71.0,67.0,67.0,60.0,55.0,68.0,66.0,90.0,80.0,87.0,75.0,60.0,76.0,80.0,72.0,77.0,64.0,61.0,83.0,47.0,67.0,78.0,83.0,81.0,83.0,79.0,68.0,71.0,63.0,65.0,43.0,72.0,71.0,60.0,47.0,47.0,67.0,68.0,73.0,68.0
short,33,S--XT-RPH--UK,True,94.0,75.36,80,81.0,79.0,75.0,67.0,78.0,61.0,74.0,68.0,78.0,56.0,82.0,69.0,69.0,85.0,54.0,84.0,87.0,80.0,50.0,67.0,94.0,71.0,75.0,53.0,80.0,73.0,86.0,68.0,78.0,85.0,77.0,73.0,77.0,49.0,75.0,64.0,80.0,64.0,63.0,43.0,63.0,59.0,68.0,70.0,60.0,62.0,78.0,71.0,87.0,61.0
short,82,SB-XT-RPh----,False,72.0,75.17999999999999,80,67.0,71.0,78.0,68.0,65.0,70.0,61.0,84.0,77.0,58.0,76.0,70.0,77.0,93.0,78.0,74.0,68.0,86.0,63.0,68.0,56.0,85.0,72.0,71.0,83.0,69.0,69.0,55.0,82.0,85.0,66.0,98.0,92.0,74.0,72.0,78.0,72.0,69.0,75.0,63.0,91.0,95.0,80.0,67.0,89.0,60.0,91.0,76.0,87.0,80.0
short,41,SB-XT-RPh----,False,57.0,61.78,80,65.0,48.0,63.0,41.0,42.0,58.0,80.0,40.0,50.0,53.0,57.0,71.0,75.0,47.0,90.0,46.0,63.0,79.0,56.0,95.0,86.0,60.0,80.0,62.0,54.0,54.0,52.0,73.0,76.0,65.0,56.0,82.0,79.0,73.0,74.0,74.0,75.0,69.0,55.0,61.0,65.0,71.0,47.0,48.0,54.0,83.0,86.0,65.0,70.0,73.0
short,47,SBEXT-RPhC---,True,79.0,81.38,80,82.0,69.0,112.0,94.0,91.0,76.0,80.0,81.0,76.0,88.0,88.0,71.0,97.0,80.0,83.0,65.0,107.0,77.0,68.0,89.0,85.0,96.0,87.0,95.0,94.0,72.0,81.0,101.0,83.0,82.0,83.0,59.0,86.0,79.0,87.0,85.0,91.0,81.0,103.0,86.0,76.0,89.0,105.0,76.0,67.0,98.0,100.0,81.0,77.0,72.0
short,51,SBEXT-RPh----,True,71.0,59.92,80,60.0,56.0,60.0,70.0,71.0,55.0,58.0,65.0,52.0,64.0,63.0,57.0,57.0,49.0,66.0,53.0,68.0,62.0,55.0,37.0,58.0,81.0,60.0,62.0,36.0,69.0,55.0,61.0,74.0,33.0,50.0,53.0,80.0,49.0,55.0,57.0,61.0,48.0,50.0,51.0,63.0,46.0,68.0,48.0,72.0,50.0,59.0,65.0,51.0,74.0
short,63,SB-XTGRPhC---,True,79.0,83.94,80,80.0,74.0,87.0,100.0,90.0,89.0,92.0,83.0,97.0,76.0,78.0,75.0,86.0,87.0,82.0,93.0,86.0,91.0,91.0,91.0,67.0,78.0,87.0,81.0,84.0,87.0,100.0,93.0,85.0,86.0,85.0,91.0,88.0,79.0,68.0,74.0,84.0,94.0,91.0,74.0,81.0,72.0,81.0,90.0,87.0,89.0,83.0,89.0,76.0,82.0
short,99,S--XT-RPH--UK,True,100.0,75.6,80,66.0,80.0,82.0,54.0,77.0,63.0,67.0,81.0,76.0,82.0,78.0,74.0,71.0,80.0,72.0,74.0,81.0,86.0,81.0,73.0,79.0,78.0,85.0,87.0,90.0,75.0,70.0,80.0,71.0,71.0,75.0,73.0,66.0,83.0,74.0,88.0,80.0,58.0,78.0,54.0,58.0,88.0,84.0,77.0,73.0,57.0,73.0,69.0,80.0,82.0
short,26,SBEXT-RPh----,True,95.0,71.7,80,76.0,69.0,48.0,63.0,66.0,54.0,53.0,78.0,68.0,57.0,91.0,64.0,68.0,70.0,90.0,69.0,74.0,74.0,56.0,74.0,55.0,75.0,48.0,87.0,60.0,80.0,59.0,73.0,73.0,54.0,60.0,73.0,72.0,79.0,65.0,77.0,56.0,65.0,98.0,83.0,59.0,81.0,63.0,69.0,56.0,74.0,88.0,47.0,81.0,74.0
short,80,SB-XT-RPh----,False,29.0,35.26,80,56.0,50.0,57.0,45.0,24.0,24.0,42.0,29.0,17.0,33.0,33.0,30.0,47.0,54.0,32.0,36.0,52.0,30.0,9.0,34.0,72.0,17.0,54.0,15.0,13.0,49.0,58.0,38.0,35.0,58.0,-7.0,29.0,43.0,57.0,60.0,32.0,28.0,6.0,10.0,73.0,38.0,29.0,65.0,49.0,37.0,35.0,64.0,59.0,38.0,35.0
short,75,SB-XTGRPhC---,True,66.0,80.39999999999999,80,76.0,44.0,70.0,77.0,90.0,71.0,83.0,64.0,84.0,85.0,73.0,72.0,89.0,76.0,95.0,79.0,87.0,97.0,73.0,68.0,67.0,79.0,76.0,72.0,68.0,76.0,65.0,62.0,72.0,82.0,72.0,102.0,86.0,67.0,64.0,84.0,91.0,93.0,76.0,81.0,90.0,98.0,58.0,78.0,70.0,73.0,86.0,71.0,90.0,70.0
short,13,SB-XT-RPh----,False,62.0,69.44,80,49.0,73.0,68.0,39.0,93.0,62.0,77.0,73.0,81.0,68.0,86.0,81.0,61.0,60.0,76.0,54.0,79.0,62.0,70.0,72.0,76.0,53.0,62.0,50.0,72.0,78.0,68.0,65.0,82.0,72.0,66.0,80.0,72.0,72.0,66.0,59.0,57.0,89.0,80.0,62.0,70.0,81.0,72.0,63.0,81.0,76.0,77.0,68.0,78.0,74.0
short,29,SB-XT-RPh----,False,65.0,67.46000000000001,80,75.0,61.0,68.0,80.0,66.0,84.0,88.0,70.0,42.0,54.0,75.0,69.0,82.0,82.0,74.0,79.0,77.0,52.0,79.0,63.0,60.0,60.0,64.0,63.0,76.0,74.0,60.0,75.0,52.0,67.0,66.0,73.0,52.0,82.0,72.0,71.0,73.0,56.0,81.0,48.0,46.0,75.0,60.0,82.0,70.0,65.0,69.0,69.0,56.0,48.0
short,46,SB-XTGRPhC---,True,64.0,76.2,80,93.0,65.0,91.0,91.0,70.0,72.0,65.0,87.0,88.0,69.0,73.0,70.0,77.0,72.0,81.0,77.0,68.0,72.0,78.0,64.0,79.0,79.0,58.0,72.0,72.0,71.0,72.0,91.0,60.0,86.0,78.0,96.0,76.0,71.0,89.0,55.0,85.0,71.0,66.0,51.0,69.0,91.0,70.0,96.0,60.0,78.0,89.0,73.0,82.0,68.0
short,52,S--XT-RPH--UK,True,75.0,49.720000000000006,80,56.0,38.0,44.0,69.0,52.0,66.0,66.0,81.0,56.0,38.0,65.0,42.0,43.0,32.0,42.0,55.0,31.0,61.0,42.0,18.0,55.0,23.0,44.0,69.0,62.0,58.0,69.0,38.0,28.0,40.0,37.0,48.0,33.0,49.0,74.0,43.0,37.0,31.0,77.0,56.0,39.0,36.0,43.0,53.0,60.0,55.0,62.0,56.0,50.0,55.0
short,67,SB-XT-RPh----,False,78.0,75.78,80,55.0,64.0,77.0,84.0,84.0,76.0,75.0,52.0,77.0,87.0,68.0,78.0,80.0,78.0,79.0,63.0,63.0,81.0,76.0,96.0,61.0,73.0,65.0,55.0,65.0,57.0,66.0,80.0,69.0,94.0,95.0,70.0,62.0,83.0,70.0,63.0,73.0,76.0,74.0,66.0,65.0,76.0,74.0,67.0,83.0,64.0,46.0,65.0,75.0,76.0
short,105,SB-XT-RPh----,False,86.0,62.08,80,66.0,59.0,57.0,89.0,51.0,60.0,61.0,69.0,45.0,65.0,51.0,62.0,52.0,67.0,62.0,58.0,44.0,66.0,73.0,80.0,73.0,42.0,59.0,74.0,79.0,42.0,50.0,61.0,62.0,51.0,52.0,60.0,58.0,61.0,63.0,50.0,65.0,87.0,90.0,74.0,58.0,55.0,84.0,29.0,55.0,76.0,64.0,85.0,71.0,55.0
short,101,S--XT-RPH--UK,True,53.0,61.64,80,74.0,73.0,85.0,43.0,48.0,52.0,56.0,63.0,68.0,43.0,82.0,72.0,65.0,39.0,70.0,58.0,78.0,64.0,87.0,55.0,61.0,47.0,70.0,63.0,74.0,57.0,62.0,72.0,60.0,70.0,56.0,56.0,52.0,71.0,72.0,63.0,56.0,72.0,53.0,55.0,56.0,62.0,64.0,63.0,53.0,70.0,63.0,70.0,43.0,73.0
short,61,SBEXT-RPhC---,True,99.0,72.82,80,71.0,89.0,68.0,76.0,77.0,79.0,67.0,72.0,69.0,67.0,73.0,57.0,64.0,71.0,65.0,79.0,79.0,82.0,76.0,75.0,81.0,76.0,59.0,66.0,59.0,75.0,56.0,72.0,66.0,80.0,83.0,66.0,60.0,74.0,83.0,79.0,86.0,55.0,69.0,75.0,76.0,89.0,91.0,78.0,75.0,62.0,91.0,76.0,84.0,84.0
short,27,SB-XT-RPh----,False,67.0,64.03999999999999,80,62.0,61.0,55.0,69.0,39.0,61.0,44.0,57.0,54.0,66.0,55.0,59.0,51.0,70.0,65.0,80.0,38.0,73.0,55.0,26.0,43.0,75.0,68.0,75.0,74.0,80.0,75.0,71.0,64.0,54.0,65.0,53.0,43.0,69.0,72.0,67.0,51.0,70.0,55.0,76.0,54.0,57.0,58.0,83.0,67.0,46.0,47.0,44.0,69.0,50.0
short,93,SB-XT-RPh----,False,46.0,53.92,80,67.0,59.0,33.0,40.0,64.0,53.0,65.0,50.0,49.0,42.0,46.0,59.0,53.0,89.0,55.0,59.0,65.0,71.0,48.0,54.0,58.0,49.0,76.0,42.0,59.0,74.0,75.0,68.0,49.0,53.0,30.0,69.0,66.0,50.0,44.0,68.0,85.0,54.0,41.0,33.0,44.0,66.0,59.0,58.0,57.0,43.0,37.0,25.0,59.0,51.0
short,17,SBEXT-RPh----,True,80.0,44.480000000000004,80,43.0,50.0,26.0,59.0,60.0,59.0,56.0,61.0,28.0,53.0,47.0,44.0,50.0,40.0,46.0,41.0,65.0,55.0,30.0,41.0,71.0,63.0,46.0,60.0,50.0,32.0,48.0,49.0,34.0,55.0,41.0,50.0,55.0,50.0,31.0,50.0,41.0,31.0,30.0,44.0,63.0,21.0,50.0,55.0,50.0,47.0,53.0,55.0,39.0,58.0
short,7,SB-XT-RPh----,False,81.0,75.6,80,61.0,59.0,94.0,89.0,75.0,74.0,64.0,55.0,86.0,79.0,89.0,71.0,70.0,86.0,75.0,73.0,88.0,75.0,70.0,76.0,84.0,93.0,85.0,92.0,72.0,65.0,72.0,64.0,93.0,79.0,79.0,77.0,82.0,82.0,84.0,68.0,77.0,95.0,63.0,79.0,87.0,70.0,80.0,69.0,72.0,62.0,68.0,56.0,82.0,81.0
short,12,SB-XT-RPh----,False,60.0,67.74,80,50.0,63.0,71.0,54.0,76.0,58.0,63.0,72.0,70.0,81.0,78.0,83.0,51.0,72.0,80.0,60.0,45.0,64.0,51.0,64.0,61.0,79.0,89.0,36.0,66.0,82.0,61.0,55.0,78.0,68.0,49.0,91.0,80.0,70.0,51.0,82.0,65.0,54.0,63.0,86.0,73.0,73.0,72.0,63.0,62.0,85.0,50.0,47.0,70.0,78.0
short,103,SBEXT-RPhC---,True,70.0,55.519999999999996,80,68.0,48.0,44.0,56.0,36.0,62.0,73.0,53.0,73.0,53.0,42.0,65.0,50.0,53.0,44.0,70.0,66.0,56.0,41.0,57.0,57.0,33.0,76.0,57.0,57.0,39.0,43.0,60.0,53.0,71.0,57.0,49.0,50.0,46.0,64.0,61.0,41.0,46.0,59.0,40.0,69.0,81.0,57.0,53.0,51.0,43.0,53.0,65.0,60.0,66.0
short,48,S--XT-RPH--UK,True,69.0,68.16,80,59.0,68.0,77.0,81.0,64.0,65.0,71.0,58.0,47.0,63.0,61.0,68.0,66.0,42.0,47.0,83.0,67.0,49.0,57.0,82.0,78.0,41.0,76.0,67.0,46.0,66.0,79.0,92.0,57.0,65.0,62.0,62.0,81.0,60.0,88.0,70.0,71.0,75.0,53.0,55.0,77.0,64.0,65.0,67.0,51.0,31.0,54.0,40.0,81.0,65.0
short,43,SB-XTGRPhC---,True,74.0,71.52,80,74.0,67.0,74.0,75.0,57.0,59.0,63.0,56.0,76.0,65.0,63.0,81.0,66.0,84.0,87.0,79.0,54.0,66.0,90.0,67.0,64.0,77.0,43.0,88.0,71.0,57.0,69.0,73.0,74.0,83.0,93.0,76.0,59.0,64.0,83.0,68.0,69.0,76.0,67.0,78.0,60.0,77.0,75.0,70.0,63.0,70.0,70.0,84.0,87.0,68.0
short,100,S--XT-RPH--UK,True,58.0,62.779999999999994,80,38.0,72.0,54.0,62.0,80.0,94.0,36.0,63.0,76.0,62.0,77.0,48.0,29.0,46.0,34.0,75.0,62.0,71.0,64.0,35.0,60.0,46.0,59.0,39.0,68.0,76.0,57.0,50.0,64.0,67.0,60.0,29.0,62.0,58.0,86.0,58.0,50.0,70.0,60.0,76.0,52.0,52.0,90.0,61.0,52.0,71.0,70.0,56.0,45.0,82.0
short,45,SB-XT-RPh----,False,68.0,65.36,80,81.0,64.0,75.0,65.0,62.0,71.0,63.0,72.0,64.0,72.0,45.0,76.0,58.0,66.0,51.0,65.0,80.0,58.0,94.0,78.0,63.0,62.0,62.0,71.0,63.0,60.0,70.0,65.0,64.0,81.0,88.0,63.0,59.0,53.0,76.0,63.0,77.0,56.0,37.0,70.0,51.0,72.0,83.0,69.0,66.0,64.0,57.0,70.0,61.0,65.0
short,73,S--XT-RPH--UK,True,94.0,74.64,80,91.0,79.0,78.0,74.0,75.0,61.0,64.0,67.0,84.0,64.0,86.0,82.0,60.0,96.0,76.0,77.0,86.0,70.0,61.0,82.0,99.0,82.0,76.0,66.0,76.0,72.0,69.0,67.0,97.0,73.0,82.0,74.0,92.0,65.0,71.0,72.0,75.0,97.0,96.0,88.0,87.0,69.0,87.0,82.0,84.0,64.0,72.0,61.0,80.0,78.0
short,24,SB-XT-RPh----,False,60.0,70.24,80,68.0,54.0,74.0,64.0,78.0,59.0,60.0,76.0,72.0,71.0,67.0,65.0,72.0,61.0,85.0,72.0,64.0,62.0,63.0,67.0,64.0,57.0,84.0,69.0,72.0,58.0,62.0,50.0,64.0,92.0,63.0,62.0,58.0,94.0,64.0,61.0,60.0,69.0,65.0,58.0,79.0,55.0,89.0,54.0,84.0,76.0,96.0,54.0,51.0,74.0
short,71,SB-XTGRPhC---,True,80.0,73.97999999999999,80,100.0,63.0,65.0,83.0,85.0,70.0,66.0,70.0,61.0,67.0,72.0,65.0,80.0,59.0,77.0,83.0,90.0,65.0,70.0,54.0,90.0,50.0,77.0,61.0,78.0,73.0,62.0,67.0,61.0,77.0,86.0,83.0,65.0,74.0,73.0,86.0,72.0,73.0,94.0,76.0,74.0,82.0,97.0,68.0,71.0,52.0,84.0,88.0,79.0,76.0
short,76,SB-XTGRPhC---,True,69.0,70.74,80,72.0,79.0,87.0,60.0,78.0,75.0,89.0,72.0,54.0,88.0,80.0,81.0,67.0,66.0,75.0,58.0,66.0,64.0,64.0,75.0,71.0,55.0,74.0,69.0,64.0,101.0,54.0,85.0,63.0,69.0,82.0,74.0,60.0,66.0,72.0,81.0,66.0,69.0,60.0,79.0,84.0,52.0,79.0,68.0,49.0,84.0,72.0,92.0,88.0,86.0
short,96,SBEXT-RPh----,True,68.0,62.24,80,64.0,76.0,64.0,71.0,47.0,54.0,42.0,47.0,69.0,80.0,78.0,61.0,80.0,50.0,74.0,56.0,80.0,66.0,66.0,75.0,74.0,52.0,41.0,59.0,58.0,63.0,45.0,49.0,55.0,53.0,69.0,46.0,73.0,58.0,68.0,69.0,54.0,48.0,62.0,55.0,61.0,67.0,63.0,74.0,57.0,74.0,61.0,69.0,88.0,78.0
short,98,SB-XTGRPhC---,True,78.0,71.7,80,50.0,92.0,75.0,80.0,79.0,72.0,77.0,69.0,76.0,64.0,62.0,67.0,79.0,61.0,83.0,72.0,76.0,60.0,74.0,54.0,76.0,68.0,86.0,79.0,58.0,63.0,70.0,59.0,74.0,66.0,79.0,65.0,69.0,69.0,60.0,84.0,69.0,77.0,73.0,69.0,66.0,77.0,93.0,86.0,56.0,48.0,78.0,76.0,50.0,70.0
short,97,SB-XT-RPh----,False,65.0,58.3,80,50.0,68.0,43.0,48.0,63.0,54.0,55.0,67.0,72.0,53.0,51.0,68.0,78.0,59.0,81.0,62.0,52.0,62.0,65.0,63.0,66.0,58.0,71.0,55.0,67.0,56.0,62.0,38.0,81.0,59.0,56.0,70.0,48.0,39.0,82.0,51.0,69.0,70.0,56.0,35.0,44.0,45.0,77.0,43.0,54.0,51.0,59.0,60.0,58.0,48.0
short,79,SB-XT-RPh----,False,62.0,61.239999999999995,80,70.0,42.0,54.0,75.0,41.0,58.0,76.0,37.0,83.0,59.0,64.0,84.0,58.0,76.0,57.0,67.0,64.0,66.0,85.0,55.0,65.0,67.0,52.0,55.0,70.0,87.0,56.0,79.0,43.0,63.0,57.0,54.0,68.0,48.0,62.0,65.0,57.0,69.0,93.0,79.0,64.0,65.0,74.0,67.0,67.0,47.0,57.0,46.0,80.0,82.0
short,58,SB-XT-RPh----,False,61.0,54.32000000000001,80,40.0,69.0,57.0,56.0,51.0,61.0,52.0,56.0,55.0,58.0,51.0,71.0,35.0,52.0,67.0,52.0,43.0,35.0,61.0,64.0,64.0,60.0,48.0,66.0,68.0,78.0,47.0,57.0,72.0,61.0,46.0,48.0,75.0,55.0,51.0,54.0,48.0,37.0,52.0,66.0,49.0,57.0,48.0,55.0,65.0,51.0,35.0,60.0,44.0,64.0
short,9,SB-XT-RPh----,False,88.0,71.58,80,80.0,77.0,72.0,78.0,55.0,69.0,65.0,72.0,79.0,70.0,76.0,71.0,87.0,71.0,79.0,66.0,83.0,78.0,77.0,60.0,70.0,65.0,76.0,70.0,67.0,65.0,68.0,71.0,71.0,81.0,75.0,89.0,80.0,73.0,79.0,80.0,69.0,90.0,70.0,64.0,84.0,73.0,78.0,83.0,71.0,77.0,65.0,77.0,76.0,64.0
short,35,SB-XTGRPhC---,True,83.0,75.74,80,81.0,78.0,74.0,82.0,67.0,90.0,72.0,84.0,88.0,67.0,81.0,79.0,78.0,72.0,68.0,69.0,80.0,87.0,75.0,80.0,80.0,76.0,72.0,74.0,77.0,63.0,89.0,78.0,79.0,84.0,87.0,81.0,65.0,77.0,73.0,85.0,70.0,77.0,75.0,89.0,73.0,76.0,89.0,76.0,67.0,82.0,73.0,77.0,82.0,57.0
short,92,SB-XT-RPh----,False,66.0,63.440000000000005,80,68.0,79.0,65.0,58.0,64.0,69.0,62.0,69.0,70.0,59.0,69.0,68.0,56.0,62.0,79.0,54.0,79.0,38.0,46.0,68.0,52.0,64.0,80.0,66.0,70.0,67.0,62.0,50.0,49.0,85.0,49.0,76.0,59.0,43.0,51.0,77.0,57.0,68.0,56.0,75.0,26.0,56.0,76.0,57.0,56.0,67.0,61.0,73.0,74.0,78.0
short,42,SB-XT-RPh----,False,64.0,67.14,80,80.0,76.0,71.0,60.0,67.0,83.0,85.0,61.0,78.0,80.0,70.0,89.0,74.0,65.0,56.0,63.0,55.0,76.0,65.0,60.0,75.0,85.0,59.0,68.0,49.0,87.0,64.0,78.0,51.0,78.0,81.0,86.0,67.0,68.0,68.0,70.0,53.0,83.0,86.0,66.0,51.0,64.0,73.0,55.0,44.0,40.0,68.0,47.0,68.0,65.0
short,40,SB-XTGRPhC---,True,12.0,48.56,80,50.0,39.0,41.0,45.0,42.0,48.0,56.0,50.0,63.0,58.0,51.0,60.0,49.0,38.0,83.0,32.0,54.0,50.0,62.0,50.0,61.0,48.0,30.0,37.0,54.0,62.0,52.0,53.0,31.0,56.0,39.0,55.0,59.0,42.0,57.0,41.0,41.0,51.0,27.0,51.0,61.0,61.0,54.0,47.0,48.0,59.0,49.0,60.0,67.0,58.0
short,50,SB-XT-RPh----,False,76.0,70.82,80,73.0,86.0,70.0,78.0,71.0,71.0,74.0,79.0,76.0,72.0,89.0,68.0,65.0,73.0,78.0,74.0,79.0,61.0,66.0,62.0,69.0,65.0,85.0,74.0,69.0,69.0,71.0,75.0,59.0,51.0,62.0,78.0,65.0,47.0,79.0,64.0,65.0,71.0,81.0,79.0,49.0,65.0,75.0,62.0,56.0,79.0,78.0,77.0,76.0,69.0
short,30,SB-XT-RPh----,False,63.0,63.2,80,49.0,61.0,60.0,76.0,66.0,64.0,55.0,64.0,71.0,44.0,53.0,51.0,64.0,64.0,54.0,32.0,60.0,82.0,48.0,75.0,62.0,62.0,67.0,71.0,51.0,63.0,76.0,70.0,67.0,34.0,64.0,55.0,45.0,96.0,74.0,58.0,60.0,60.0,49.0,56.0,80.0,78.0,62.0,50.0,57.0,46.0,73.0,72.0,56.0,83.0
short,85,SB-XT-RPh----,False,62.0,58.099999999999994,80,61.0,62.0,76.0,55.0,52.0,65.0,43.0,62.0,46.0,72.0,54.0,56.0,66.0,65.0,34.0,59.0,51.0,48.0,57.0,51.0,59.0,71.0,53.0,59.0,50.0,77.0,62.0,71.0,49.0,66.0,48.0,77.0,46.0,55.0,72.0,64.0,59.0,42.0,61.0,75.0,73.0,81.0,44.0,59.0,63.0,39.0,70.0,71.0,48.0,63.0
short,57,SBEXT-RPh----,True,79.0,62.26,80,70.0,59.0,58.0,71.0,59.0,75.0,57.0,76.0,64.0,65.0,54.0,81.0,71.0,68.0,61.0,62.0,63.0,62.0,55.0,71.0,55.0,55.0,71.0,51.0,88.0,60.0,74.0,81.0,62.0,38.0,68.0,46.0,66.0,68.0,70.0,63.0,50.0,57.0,72.0,69.0,64.0,57.0,63.0,75.0,72.0,63.0,50.0,64.0,69.0,88.0
short,95,S--XT-RPH--UK,True,89.0,77.02,80,88.0,73.0,62.0,88.0,71.0,81.0,89.0,80.0,91.0,69.0,75.0,78.0,79.0,74.0,89.0,82.0,93.0,71.0,74.0,80.0,73.0,71.0,76.0,86.0,73.0,70.0,70.0,79.0,95.0,83.0,72.0,73.0,75.0,95.0,91.0,71.0,67.0,81.0,78.0,89.0,78.0,82.0,71.0,73.0,69.0,75.0,79.0,86.0,67.0,80.0
short,21,SB-XT-RPh----,False,96.0,54.18,80,58.0,47.0,60.0,64.0,42.0,53.0,62.0,29.0,48.0,60.0,38.0,72.0,45.0,46.0,50.0,53.0,47.0,80.0,41.0,49.0,71.0,35.0,47.0,58.0,36.0,44.0,53.0,39.0,47.0,56.0,60.0,38.0,31.0,54.0,52.0,62.0,55.0,56.0,49.0,73.0,60.0,42.0,77.0,72.0,65.0,50.0,69.0,65.0,89.0,88.0
short,5,SB-XT-RPh----,False,62.0,54.34,80,65.0,50.0,35.0,87.0,46.0,55.0,62.0,42.0,47.0,60.0,75.0,45.0,41.0,33.0,56.0,40.0,56.0,48.0,60.0,65.0,35.0,75.0,70.0,69.0,47.0,40.0,64.0,32.0,51.0,52.0,33.0,60.0,28.0,55.0,61.0,62.0,19.0,34.0,47.0,45.0,67.0,50.0,67.0,71.0,55.0,58.0,54.0,46.0,57.0,57.0
short,72,SB-XT-RPh----,False,64.0,40.66,80,52.0,36.0,23.0,16.0,77.0,42.0,48.0,46.0,27.0,21.0,26.0,-1.0,62.0,44.0,42.0,30.0,14.0,22.0,50.0,36.0,52.0,46.0,33.0,16.0,63.0,46.0,62.0,56.0,33.0,16.0,30.0,15.0,39.0,26.0,30.0,19.0,62.0,80.0,33.0,33.0,32.0,45.0,55.0,71.0,45.0,10.0,6.0,50.0,23.0,32.0
short,22,S--XT-RPH--UK,True,76.0,77.48,80,81.0,74.0,104.0,63.0,80.0,88.0,82.0,85.0,83.0,94.0,87.0,72.0,73.0,77.0,88.0,86.0,82.0,66.0,79.0,61.0,83.0,95.0,74.0,76.0,89.0,91.0,91.0,77.0,66.0,93.0,64.0,60.0,79.0,68.0,91.0,97.0,71.0,80.0,76.0,74.0,81.0,67.0,81.0,82.0,86.0,93.0,89.0,73.0,77.0,75.0
short,87,SBEXT-RPh----,True,85.0,66.92,80,88.0,61.0,60.0,49.0,69.0,53.0,60.0,75.0,65.0,74.0,69.0,75.0,63.0,58.0,56.0,38.0,89.0,53.0,50.0,71.0,96.0,63.0,73.0,76.0,57.0,58.0,78.0,48.0,44.0,56.0,64.0,73.0,72.0,58.0,64.0,43.0,76.0,38.0,58.0,76.0,75.0,50.0,83.0,77.0,55.0,59.0,55.0,41.0,68.0,54.0
short,3,SBEXT-RPh----,True,101.0,56.72,80,63.0,63.0,58.0,60.0,83.0,49.0,57.0,45.0,65.0,47.0,33.0,32.0,75.0,76.0,53.0,82.0,65.0,36.0,66.0,59.0,55.0,76.0,62.0,59.0,72.0,56.0,83.0,58.0,54.0,50.0,66.0,68.0,54.0,57.0,63.0,63.0,87.0,64.0,69.0,17.0,58.0,32.0,80.0,79.0,100.0,55.0,36.0,55.0,48.0,22.0
short,15,SB-XT-RPh----,False,43.0,53.48,80,40.0,62.0,53.0,45.0,58.0,43.0,34.0,43.0,64.0,51.0,56.0,51.0,55.0,31.0,46.0,48.0,71.0,18.0,31.0,55.0,59.0,62.0,45.0,38.0,59.0,59.0,52.0,48.0,60.0,32.0,75.0,47.0,35.0,58.0,49.0,74.0,64.0,81.0,80.0,59.0,55.0,41.0,62.0,43.0,56.0,64.0,62.0,64.0,78.0,33.0
short,60,S--XT-RPH--UK,True,75.0,80.46,80,63.0,87.0,75.0,86.0,71.0,89.0,83.0,74.0,91.0,89.0,92.0,59.0,94.0,73.0,74.0,84.0,57.0,82.0,90.0,69.0,99.0,70.0,81.0,80.0,77.0,83.0,86.0,83.0,88.0,64.0,96.0,93.0,72.0,84.0,94.0,87.0,72.0,71.0,98.0,98.0,97.0,77.0,77.0,74.0,99.0,72.0,73.0,66.0,66.0,73.0
short,16,SBEXT-RPhC---,True,70.0,63.08,80,70.0,68.0,75.0,65.0,62.0,85.0,70.0,89.0,74.0,81.0,54.0,58.0,44.0,59.0,73.0,70.0,68.0,69.0,76.0,85.0,77.0,55.0,60.0,58.0,68.0,81.0,73.0,65.0,62.0,71.0,57.0,67.0,61.0,61.0,62.0,70.0,58.0,51.0,79.0,68.0,62.0,57.0,65.0,69.0,48.0,74.0,91.0,93.0,82.0,82.0
short,11,SB-XTGRPH----,True,88.0,83.62,80,101.0,72.0,98.0,85.0,78.0,75.0,83.0,95.0,83.0,83.0,85.0,81.0,93.0,79.0,86.0,86.0,74.0,84.0,90.0,84.0,84.0,85.0,82.0,81.0,91.0,93.0,86.0,81.0,84.0,81.0,89.0,72.0,96.0,86.0,84.0,83.0,91.0,83.0,87.0,88.0,78.0,93.0,99.0,78.0,107.0,95.0,78.0,76.0,95.0,93.0
short,83,SB-XT-RPh----,False,66.0,74.84,80,56.0,68.0,59.0,68.0,73.0,74.0,74.0,84.0,66.0,82.0,88.0,53.0,70.0,55.0,70.0,78.0,80.0,62.0,53.0,53.0,86.0,58.0,86.0,44.0,54.0,89.0,61.0,66.0,40.0,63.0,83.0,40.0,70.0,47.0,77.0,68.0,54.0,70.0,73.0,81.0,61.0,70.0,64.0,71.0,77.0,75.0,66.0,90.0,72.0,71.0
short,66,SB-XTGRPhC---,True,74.0,70.02,80,64.0,69.0,78.0,60.0,73.0,73.0,63.0,74.0,47.0,90.0,74.0,62.0,53.0,58.0,70.0,75.0,82.0,65.0,81.0,52.0,57.0,78.0,77.0,46.0,65.0,60.0,70.0,84.0,87.0,79.0,67.0,66.0,38.0,54.0,67.0,73.0,66.0,73.0,74.0,53.0,73.0,98.0,58.0,89.0,55.0,44.0,74.0,65.0,87.0,90.0
short,25,SB-XTGRPhC---,True,74.0,75.58,80,84.0,66.0,79.0,73.0,80.0,69.0,65.0,81.0,92.0,70.0,82.0,74.0,75.0,77.0,105.0,67.0,80.0,71.0,78.0,51.0,79.0,83.0,68.0,70.0,89.0,77.0,75.0,71.0,88.0,94.0,84.0,75.0,80.0,83.0,82.0,86.0,70.0,97.0,69.0,89.0,72.0,80.0,64.0,80.0,89.0,89.0,93.0,85.0,77.0,57.0
short,2,SB-XTGRPhC---,True,79.0,70.11999999999999,80,72.0,74.0,90.0,45.0,88.0,77.0,86.0,86.0,76.0,76.0,79.0,47.0,87.0,83.0,53.0,63.0,55.0,75.0,76.0,62.0,83.0,63.0,73.0,86.0,83.0,77.0,75.0,80.0,86.0,75.0,90.0,81.0,65.0,76.0,86.0,95.0,70.0,82.0,81.0,71.0,48.0,76.0,78.0,54.0,65.0,70.0,70.0,82.0,69.0,75.0
short,91,SB-XT-RPh----,False,62.0,68.2,80,50.0,61.0,63.0,57.0,55.0,51.0,64.0,84.0,71.0,74.0,85.0,65.0,72.0,92.0,72.0,83.0,61.0,93.0,64.0,90.0,62.0,60.0,61.0,69.0,72.0,69.0,87.0,77.0,71.0,50.0,62.0,96.0,92.0,59.0,70.0,58.0,54.0,68.0,67.0,59.0,65.0,80.0,56.0,72.0,59.0,77.0,73.0,56.0,78.0,73.0
short,19,SB-XT-RPh----,False,57.0,56.52,80,64.0,56.0,53.0,54.0,49.0,57.0,58.0,54.0,55.0,65.0,49.0,55.0,46.0,60.0,51.0,57.0,51.0,46.0,65.0,63.0,45.0,66.0,46.0,62.0,48.0,55.0,36.0,55.0,51.0,58.0,61.0,52.0,65.0,65.0,49.0,54.0,56.0,62.0,54.0,61.0,72.0,59.0,65.0,53.0,53.0,54.0,41.0,61.0,59.0,69.0
short,90,S--XT-RPH--UK,True,81.0,60.67999999999999,80,53.0,56.0,68.0,74.0,69.0,85.0,53.0,61.0,56.0,68.0,69.0,54.0,69.0,56.0,48.0,50.0,61.0,77.0,71.0,63.0,70.0,61.0,64.0,67.0,64.0,63.0,61.0,78.0,63.0,71.0,59.0,59.0,60.0,54.0,75.0,65.0,75.0,39.0,68.0,46.0,60.0,49.0,56.0,47.0,65.0,48.0,48.0,45.0,49.0,45.0
short,69,SBEXT-RPhC---,True,72.0,73.89999999999999,80,80.0,73.0,79.0,52.0,82.0,55.0,91.0,87.0,62.0,81.0,71.0,67.0,67.0,76.0,57.0,66.0,85.0,72.0,66.0,87.0,71.0,83.0,74.0,93.0,93.0,73.0,73.0,70.0,75.0,97.0,74.0,75.0,59.0,82.0,79.0,76.0,81.0,81.0,98.0,79.0,76.0,67.0,75.0,96.0,77.0,75.0,71.0,86.0,61.0,74.0
short,31,SB-XT-RPh----,False,67.0,68.96,80,74.0,59.0,43.0,54.0,59.0,71.0,81.0,70.0,58.0,64.0,82.0,47.0,58.0,69.0,71.0,70.0,73.0,65.0,82.0,68.0,69.0,75.0,57.0,67.0,81.0,73.0,85.0,51.0,61.0,73.0,74.0,69.0,65.0,75.0,75.0,72.0,69.0,77.0,73.0,77.0,85.0,63.0,87.0,79.0,71.0,61.0,68.0,63.0,75.0,55.0
short,6,SB-XT-RPh----,False,70.0,68.34,80,41.0,61.0,60.0,82.0,62.0,69.0,75.0,72.0,68.0,61.0,60.0,82.0,58.0,76.0,71.0,69.0,44.0,65.0,71.0,70.0,53.0,58.0,67.0,56.0,68.0,61.0,84.0,68.0,67.0,68.0,72.0,46.0,58.0,56.0,67.0,56.0,84.0,65.0,58.0,82.0,69.0,76.0,93.0,59.0,66.0,75.0,72.0,58.0,69.0,75.0
short,62,SB-XT-RPh----,False,98.0,69.6,80,83.0,53.0,69.0,72.0,74.0,76.0,70.0,58.0,80.0,77.0,78.0,63.0,61.0,57.0,82.0,56.0,68.0,66.0,67.0,73.0,69.0,74.0,75.0,70.0,85.0,70.0,85.0,51.0,64.0,82.0,69.0,80.0,76.0,76.0,71.0,67.0,81.0,76.0,61.0,65.0,73.0,72.0,66.0,64.0,75.0,70.0,73.0,77.0,76.0,89.0
short,59,SB-XT-RPh----,False,49.0,43.339999999999996,80,62.0,49.0,43.0,38.0,38.0,31.0,57.0,58.0,48.0,43.0,34.0,67.0,38.0,48.0,64.0,48.0,54.0,41.0,42.0,61.0,71.0,50.0,25.0,28.0,43.0,49.0,54.0,28.0,80.0,33.0,55.0,38.0,32.0,42.0,28.0,48.0,33.0,54.0,48.0,58.0,27.0,56.0,49.0,61.0,47.0,36.0,39.0,42.0,55.0,53.0
short,36,SB-XT-RPh----,False,70.0,74.03999999999999,80,64.0,67.0,66.0,82.0,73.0,67.0,68.0,75.0,74.0,63.0,59.0,79.0,75.0,73.0,73.0,90.0,90.0,74.0,77.0,62.0,108.0,65.0,70.0,62.0,82.0,77.0,79.0,81.0,85.0,87.0,59.0,66.0,76.0,73.0,84.0,53.0,79.0,56.0,63.0,63.0,98.0,66.0,74.0,71.0,88.0,72.0,80.0,62.0,80.0,75.0
short,94,S--XT-RPH--UK,True,70.0,66.06,80,57.0,72.0,72.0,81.0,53.0,69.0,69.0,57.0,69.0,55.0,56.0,64.0,70.0,78.0,76.0,68.0,61.0,72.0,73.0,61.0,78.0,59.0,62.0,54.0,62.0,50.0,72.0,73.0,64.0,93.0,87.0,61.0,73.0,70.0,59.0,68.0,57.0,74.0,66.0,75.0,53.0,48.0,71.0,62.0,87.0,60.0,87.0,54.0,53.0,83.0
short,102,S--XT-RPH--UK,True,78.0,74.2,80,75.0,79.0,66.0,71.0,98.0,54.0,60.0,85.0,75.0,80.0,76.0,56.0,56.0,65.0,70.0,87.0,64.0,60.0,84.0,93.0,71.0,74.0,68.0,87.0,66.0,66.0,62.0,68.0,80.0,78.0,99.0,67.0,83.0,76.0,69.0,94.0,62.0,87.0,68.0,71.0,93.0,84.0,57.0,67.0,41.0,56.0,84.0,84.0,74.0,86.0
short,86,SB-XTGRPhC---,True,69.0,72.69999999999999,80,80.0,80.0,61.0,84.0,69.0,80.0,51.0,76.0,49.0,76.0,76.0,68.0,78.0,70.0,73.0,82.0,78.0,73.0,69.0,81.0,78.0,63.0,65.0,77.0,64.0,72.0,68.0,72.0,86.0,72.0,65.0,73.0,73.0,62.0,61.0,65.0,68.0,73.0,68.0,69.0,80.0,76.0,72.0,82.0,81.0,72.0,85.0,84.0,62.0,88.0
short,54,SB-XT-RPh----,False,59.0,55.620000000000005,80,75.0,49.0,54.0,59.0,59.0,66.0,71.0,71.0,64.0,75.0,47.0,70.0,50.0,34.0,69.0,38.0,62.0,42.0,63.0,39.0,50.0,62.0,66.0,56.0,54.0,47.0,51.0,37.0,69.0,64.0,30.0,52.0,59.0,41.0,53.0,66.0,73.0,29.0,58.0,45.0,46.0,42.0,75.0,61.0,55.0,75.0,55.0,71.0,67.0,49.0
short,23,SB-XT-RPh----,False,62.0,70.6,80,58.0,74.0,63.0,61.0,66.0,67.0,51.0,59.0,77.0,57.0,38.0,78.0,57.0,64.0,45.0,63.0,56.0,66.0,75.0,71.0,87.0,66.0,74.0,65.0,75.0,70.0,74.0,81.0,64.0,72.0,83.0,87.0,72.0,78.0,70.0,70.0,77.0,63.0,63.0,65.0,74.0,78.0,77.0,69.0,68.0,73.0,68.0,61.0,70.0,68.0
short,88,SBEXT-RPhC---,True,86.0,64.22,80,66.0,67.0,90.0,79.0,58.0,69.0,71.0,77.0,58.0,50.0,77.0,61.0,57.0,42.0,68.0,67.0,84.0,61.0,78.0,48.0,69.0,69.0,38.0,64.0,39.0,81.0,76.0,73.0,54.0,67.0,67.0,61.0,51.0,52.0,90.0,60.0,69.0,70.0,59.0,69.0,72.0,64.0,71.0,48.0,76.0,72.0,72.0,73.0,51.0,65.0
short,64,SB-XT-RPh----,False,83.0,78.86,80,78.0,75.0,74.0,51.0,66.0,84.0,82.0,73.0,74.0,84.0,69.0,72.0,73.0,78.0,78.0,76.0,80.0,87.0,87.0,71.0,92.0,72.0,87.0,73.0,76.0,89.0,83.0,77.0,89.0,71.0,81.0,71.0,70.0,89.0,74.0,79.0,93.0,78.0,95.0,72.0,69.0,62.0,79.0,59.0,77.0,86.0,81.0,74.0,70.0,79.0
short,38,SB-XT-RPh----,False,64.0,46.02,80,47.0,43.0,34.0,47.0,46.0,38.0,35.0,37.0,42.0,46.0,49.0,54.0,46.0,57.0,56.0,62.0,40.0,44.0,54.0,48.0,56.0,46.0,65.0,57.0,51.0,47.0,44.0,34.0,60.0,46.0,58.0,50.0,57.0,44.0,46.0,44.0,39.0,59.0,42.0,49.0,33.0,41.0,49.0,38.0,56.0,53.0,47.0,50.0,43.0,50.0
short,81,SB-XT-RPh----,False,68.0,62.92,80,70.0,77.0,61.0,72.0,63.0,71.0,56.0,50.0,66.0,32.0,39.0,58.0,64.0,62.0,68.0,62.0,66.0,66.0,59.0,81.0,53.0,46.0,45.0,72.0,38.0,78.0,83.0,54.0,61.0,64.0,68.0,60.0,48.0,72.0,67.0,59.0,64.0,48.0,25.0,62.0,48.0,80.0,79.0,73.0,80.0,57.0,64.0,28.0,47.0,73.0
short,77,SB-XT-RPh----,False,54.0,65.98,80,89.0,78.0,70.0,57.0,83.0,67.0,61.0,69.0,66.0,63.0,73.0,40.0,59.0,66.0,71.0,63.0,76.0,73.0,68.0,61.0,67.0,66.0,76.0,77.0,60.0,53.0,55.0,70.0,72.0,76.0,65.0,82.0,86.0,57.0,58.0,60.0,67.0,60.0,50.0,63.0,75.0,51.0,79.0,84.0,53.0,55.0,53.0,70.0,79.0,68.0
short,20,SB-XT-RPh----,False,53.0,42.68,80,45.0,33.0,32.0,47.0,43.0,47.0,43.0,33.0,44.0,57.0,61.0,44.0,49.0,61.0,45.0,66.0,45.0,45.0,28.0,47.0,56.0,34.0,35.0,42.0,40.0,40.0,37.0,23.0,54.0,56.0,55.0,39.0,29.0,23.0,46.0,50.0,21.0,34.0,34.0,46.0,46.0,34.0,41.0,79.0,50.0,30.0,33.0,65.0,22.0,31.0
long,28,LBE-T-RPhCL--,False,105.0,96.5,80,109.0,79.0,92.0,94.0,102.0,112.0,96.0,84.0,101.0,101.0,102.0,94.0,101.0,117.0,102.0,97.0,102.0,105.0,98.0,120.0,113.0,69.0,91.0,97.0,106.0,118.0,117.0,105.0,113.0,103.0,112.0,99.0,109.0,98.0,105.0,116.0,106.0,93.0,109.0,73.0,99.0,103.0,105.0,104.0,86.0,98.0,105.0,97.0,98.0,98.0
long,10,LBE-T-RPhCL--,False,93.0,93.16000000000001,80,81.0,93.0,93.0,77.0,83.0,93.0,88.0,93.0,105.0,81.0,84.0,113.0,88.0,97.0,107.0,106.0,81.0,67.0,96.0,98.0,96.0,105.0,106.0,90.0,102.0,99.0,88.0,105.0,113.0,96.0,85.0,97.0,84.0,78.0,98.0,97.0,86.0,89.0,106.0,102.0,81.0,97.0,95.0,83.0,97.0,90.0,97.0,100.0,94.0,80.0
long,53,LB--T-RPhCL--,True,98.0,98.2,80,96.0,100.0,100.0,104.0,109.0,81.0,107.0,99.0,90.0,117.0,91.0,105.0,100.0,108.0,81.0,111.0,104.0,96.0,100.0,113.0,97.0,89.0,83.0,109.0,91.0,96.0,106.0,85.0,99.0,91.0,113.0,114.0,101.0,85.0,85.0,86.0,98.0,101.0,101.0,111.0,97.0,95.0,104.0,100.0,104.0,96.0,88.0,78.0,97.0,116.0
long,39,LB--TGRPhCL--,True,84.0,93.24,80,92.0,84.0,97.0,100.0,101.0,104.0,92.0,108.0,101.0,85.0,81.0,104.0,77.0,88.0,96.0,84.0,88.0,100.0,84.0,85.0,108.0,100.0,100.0,104.0,100.0,88.0,89.0,104.0,101.0,84.0,72.0,84.0,108.0,77.0,100.0,109.0,85.0,88.0,96.0,104.0,84.0,96.0,100.0,104.0,120.0,96.0,81.0,80.0,104.0,96.0
long,37,LB--T-RPhCL--,True,53.0,64.2,80,56.0,77.0,92.0,64.0,62.0,73.0,50.0,59.0,44.0,64.0,88.0,64.0,88.0,61.0,44.0,52.0,64.0,77.0,88.0,72.0,80.0,85.0,44.0,73.0,44.0,68.0,57.0,65.0,61.0,70.0,41.0,64.0,58.0,56.0,92.0,61.0,70.0,76.0,56.0,53.0,80.0,65.0,80.0,76.0,77.0,64.0,64.0,53.0,56.0,68.0
long,1,LB--TGRPhCL--,True,74.0,96.53999999999999,80,101.0,85.0,88.0,84.0,104.0,109.0,93.0,110.0,93.0,100.0,93.0,97.0,104.0,88.0,84.0,88.0,104.0,73.0,73.0,96.0,108.0,92.0,116.0,100.0,92.0,104.0,97.0,92.0,97.0,97.0,96.0,102.0,88.0,104.0,89.0,100.0,96.0,109.0,112.0,101.0,109.0,101.0,108.0,101.0,88.0,101.0,101.0,100.0,92.0,92.0
long,18,LBEXT-RPhCL--,True,96.0,92.66,80,100.0,108.0,108.0,68.0,80.0,108.0,84.0,92.0,100.0,84.0,92.0,112.0,116.0,92.0,96.0,96.0,84.0,108.0,108.0,72.0,96.0,100.0,100.0,104.0,88.0,92.0,104.0,84.0,88.0,108.0,100.0,93.0,88.0,84.0,92.0,100.0,104.0,92.0,80.0,96.0,80.0,108.0,104.0,84.0,92.0,92.0,104.0,100.0,88.0,92.0
long,8,LBEXT-RPhC---,True,88.0,61.260000000000005,80,75.0,59.0,76.0,54.0,45.0,54.0,52.0,76.0,61.0,38.0,84.0,51.0,67.0,77.0,49.0,64.0,45.0,44.0,55.0,63.0,77.0,86.0,64.0,54.0,46.0,78.0,51.0,56.0,86.0,39.0,78.0,49.0,44.0,61.0,71.0,78.0,72.0,34.0,69.0,96.0,84.0,75.0,60.0,79.0,58.0,72.0,80.0,54.0,59.0,39.0
long,32,LB--T-RPhCL--,True,92.0,90.39999999999999,80,92.0,88.0,76.0,72.0,76.0,92.0,92.0,96.0,88.0,104.0,92.0,100.0,68.0,88.0,100.0,84.0,92.0,80.0,72.0,68.0,92.0,104.0,108.0,84.0,84.0,88.0,68.0,112.0,108.0,84.0,76.0,100.0,80.0,88.0,84.0,112.0,88.0,96.0,84.0,92.0,72.0,77.0,76.0,92.0,88.0,68.0,88.0,88.0,88.0,92.0
long,68,LB--T-RPhCL--,True,85.0,90.74,80,80.0,109.0,88.0,83.0,91.0,102.0,96.0,95.0,77.0,105.0,89.0,90.0,92.0,105.0,85.0,89.0,95.0,85.0,84.0,92.0,91.0,94.0,100.0,93.0,89.0,86.0,84.0,92.0,90.0,82.0,88.0,89.0,97.0,98.0,84.0,101.0,92.0,89.0,100.0,95.0,78.0,86.0,99.0,104.0,93.0,96.0,88.0,95.0,81.0,87.0
long,70,LBE-T-RPhCL--,False,96.0,93.97999999999999,80,111.0,105.0,92.0,103.0,97.0,85.0,94.0,85.0,80.0,100.0,94.0,96.0,105.0,85.0,93.0,105.0,71.0,99.0,84.0,97.0,118.0,104.0,117.0,92.0,97.0,78.0,80.0,95.0,95.0,110.0,92.0,76.0,83.0,107.0,81.0,105.0,85.0,105.0,114.0,104.0,110.0,86.0,101.0,91.0,98.0,111.0,95.0,98.0,110.0,96.0
long,44,LB--TGRPhCL--,True,57.0,94.92000000000002,80,76.0,77.0,90.0,100.0,92.0,92.0,92.0,102.0,88.0,124.0,88.0,76.0,96.0,89.0,80.0,84.0,96.0,90.0,112.0,92.0,81.0,108.0,100.0,88.0,77.0,100.0,84.0,88.0,101.0,92.0,89.0,96.0,80.0,100.0,52.0,104.0,104.0,105.0,88.0,108.0,92.0,96.0,116.0,104.0,84.0,100.0,73.0,104.0,93.0,84.0
long,14,LBEXT-RPhCL--,True,78.0,96.52,80,95.0,97.0,113.0,96.0,93.0,71.0,90.0,106.0,104.0,101.0,76.0,98.0,92.0,110.0,117.0,64.0,104.0,102.0,90.0,110.0,91.0,76.0,99.0,102.0,95.0,84.0,99.0,77.0,98.0,87.0,111.0,77.0,71.0,79.0,96.0,115.0,108.0,75.0,87.0,100.0,91.0,110.0,97.0,85.0,87.0,81.0,90.0,86.0,120.0,85.0
long,78,LBE-T-RPhCL--,False,74.0,80.84,80,73.0,89.0,70.0,92.0,88.0,85.0,94.0,109.0,75.0,97.0,90.0,65.0,82.0,85.0,76.0,63.0,71.0,65.0,82.0,88.0,82.0,89.0,92.0,107.0,75.0,73.0,81.0,85.0,94.0,97.0,98.0,81.0,66.0,91.0,99.0,84.0,64.0,88.0,101.0,99.0,113.0,99.0,84.0,84.0,68.0,73.0,96.0,73.0,89.0,86.0
long,84,LBE-T-RPhCL--,False,85.0,97.08,80,96.0,120.0,96.0,80.0,84.0,100.0,88.0,84.0,100.0,100.0,84.0,80.0,92.0,124.0,104.0,96.0,96.0,104.0,93.0,112.0,85.0,100.0,76.0,104.0,116.0,92.0,116.0,88.0,96.0,97.0,116.0,108.0,96.0,96.0,100.0,101.0,104.0,88.0,88.0,88.0,96.0,84.0,100.0,112.0,100.0,96.0,80.0,84.0,84.0,96.0
long,55,L--XT-RPH--UK,True,85.0,74.14,80,73.0,84.0,77.0,80.0,77.0,61.0,76.0,68.0,61.0,72.0,80.0,66.0,81.0,73.0,56.0,76.0,65.0,84.0,64.0,72.0,59.0,72.0,65.0,89.0,66.0,96.0,72.0,72.0,88.0,86.0,69.0,86.0,76.0,68.0,92.0,77.0,93.0,58.0,84.0,89.0,64.0,77.0,85.0,80.0,82.0,88.0,84.0,64.0,88.0,92.0
long,34,LBE-T-RPhCL--,False,101.0,87.74,80,105.0,74.0,82.0,100.0,99.0,70.0,78.0,102.0,77.0,70.0,91.0,86.0,91.0,93.0,92.0,100.0,83.0,91.0,72.0,99.0,83.0,75.0,90.0,81.0,101.0,97.0,81.0,85.0,93.0,79.0,73.0,98.0,90.0,86.0,89.0,94.0,108.0,69.0,102.0,93.0,86.0,105.0,98.0,85.0,99.0,96.0,113.0,69.0,90.0,84.0
long,74,LB--T-RPhCL--,True,82.0,88.64000000000001,80,74.0,60.0,88.0,97.0,69.0,85.0,84.0,94.0,94.0,63.0,69.0,86.0,84.0,76.0,86.0,87.0,77.0,91.0,74.0,84.0,85.0,87.0,93.0,77.0,100.0,98.0,96.0,89.0,81.0,92.0,96.0,89.0,84.0,101.0,89.0,92.0,81.0,80.0,104.0,73.0,84.0,88.0,78.0,96.0,89.0,76.0,104.0,88.0,80.0,78.0
long,65,LB--TGRPhCL--,True,94.0,96.38,80,101.0,92.0,90.0,89.0,110.0,89.0,112.0,103.0,105.0,97.0,97.0,112.0,101.0,94.0,109.0,100.0,77.0,112.0,93.0,94.0,93.0,108.0,101.0,104.0,98.0,98.0,116.0,84.0,81.0,99.0,91.0,99.0,115.0,110.0,85.0,105.0,107.0,121.0,97.0,86.0,97.0,101.0,95.0,102.0,101.0,78.0,94.0,104.0,91.0,93.0
long,49,LBEXT-RPhC---,True,84.0,74.96000000000001,80,77.0,81.0,72.0,53.0,72.0,97.0,87.0,67.0,58.0,76.0,70.0,72.0,71.0,61.0,60.0,75.0,81.0,82.0,84.0,88.0,62.0,70.0,88.0,69.0,56.0,80.0,73.0,76.0,62.0,85.0,104.0,61.0,57.0,77.0,58.0,77.0,72.0,86.0,84.0,78.0,65.0,70.0,48.0,81.0,76.0,72.0,82.0,93.0,80.0,85.0
long,104,LB--TGRPhCL--,True,81.0,81.62,80,89.0,112.0,80.0,64.0,78.0,88.0,77.0,68.0,84.0,85.0,93.0,89.0,84.0,80.0,72.0,100.0,82.0,76.0,80.0,88.0,92.0,69.0,93.0,64.0,73.0,72.0,77.0,88.0,81.0,89.0,84.0,72.0,74.0,88.0,88.0,77.0,78.0,60.0,92.0,76.0,88.0,72.0,89.0,77.0,88.0,86.0,94.0,92.0,100.0,96.0
long,89,LB--T-RPhCL--,True,88.0,88.75999999999999,80,97.0,104.0,88.0,72.0,84.0,64.0,81.0,109.0,90.0,68.0,105.0,104.0,76.0,81.0,61.0,88.0,108.0,88.0,100.0,92.0,84.0,69.0,84.0,80.0,84.0,72.0,80.0,85.0,77.0,80.0,77.0,97.0,100.0,68.0,80.0,108.0,101.0,80.0,83.0,85.0,113.0,80.0,100.0,81.0,88.0,92.0,81.0,70.0,90.0,96.0
long,56,LB--TGRPhCL--,True,97.0,98.88,80,85.0,120.0,92.0,89.0,101.0,96.0,83.0,93.0,104.0,101.0,112.0,104.0,106.0,102.0,100.0,101.0,112.0,108.0,113.0,101.0,96.0,100.0,93.0,98.0,100.0,92.0,101.0,112.0,97.0,100.0,106.0,96.0,80.0,108.0,120.0,108.0,93.0,97.0,89.0,105.0,97.0,108.0,88.0,89.0,106.0,88.0,96.0,109.0,108.0,104.0
long,4,LB--TGRPhCL--,True,105.0,95.25999999999999,80,96.0,88.0,116.0,100.0,93.0,93.0,101.0,101.0,108.0,103.0,101.0,85.0,80.0,113.0,100.0,93.0,96.0,108.0,97.0,100.0,94.0,80.0,104.0,112.0,84.0,95.0,100.0,97.0,108.0,96.0,84.0,100.0,76.0,88.0,105.0,92.0,93.0,97.0,90.0,68.0,86.0,92.0,105.0,112.0,89.0,97.0,93.0,72.0,92.0,97.0
long,33,LBE-T-RPhCL--,False,99.0,90.58,80,95.0,89.0,83.0,101.0,83.0,92.0,89.0,98.0,98.0,81.0,98.0,91.0,104.0,95.0,99.0,93.0,84.0,109.0,95.0,83.0,108.0,106.0,106.0,93.0,109.0,102.0,103.0,87.0,112.0,77.0,77.0,100.0,98.0,98.0,98.0,73.0,85.0,86.0,95.0,103.0,103.0,86.0,117.0,91.0,85.0,97.0,81.0,95.0,102.0,102.0
long,82,LB--TGRPhCL--,True,77.0,98.4,80,77.0,108.0,100.0,105.0,104.0,100.0,101.0,66.0,100.0,112.0,108.0,104.0,100.0,86.0,97.0,97.0,93.0,84.0,82.0,97.0,108.0,109.0,120.0,99.0,113.0,89.0,108.0,97.0,108.0,94.0,104.0,88.0,89.0,92.0,85.0,98.0,94.0,96.0,81.0,98.0,93.0,97.0,90.0,81.0,93.0,96.0,88.0,88.0,80.0,100.0
long,41,LBE-T-RPhCL--,False,101.0,88.94,80,89.0,98.0,108.0,101.0,85.0,74.0,68.0,86.0,77.0,84.0,97.0,73.0,98.0,82.0,82.0,84.0,86.0,78.0,105.0,75.0,66.0,107.0,89.0,90.0,103.0,102.0,105.0,104.0,101.0,96.0,118.0,78.0,85.0,95.0,90.0,103.0,88.0,79.0,94.0,96.0,102.0,86.0,94.0,64.0,80.0,91.0,91.0,97.0,82.0,94.0
long,47,LB--T-RPhCL--,True,100.0,94.02,80,96.0,88.0,92.0,104.0,92.0,108.0,92.0,96.0,100.0,92.0,76.0,92.0,88.0,84.0,92.0,92.0,116.0,100.0,108.0,96.0,84.0,84.0,100.0,116.0,64.0,88.0,96.0,84.0,116.0,92.0,112.0,88.0,96.0,88.0,104.0,88.0,80.0,88.0,84.0,76.0,96.0,104.0,96.0,116.0,104.0,88.0,84.0,96.0,88.0,96.0
long,51,LB--TGRPhCL--,True,62.0,95.32,80,92.0,85.0,85.0,108.0,104.0,93.0,76.0,100.0,108.0,102.0,96.0,108.0,88.0,108.0,106.0,86.0,90.0,92.0,92.0,88.0,100.0,105.0,88.0,82.0,108.0,84.0,107.0,104.0,81.0,79.0,94.0,97.0,92.0,84.0,96.0,124.0,104.0,93.0,100.0,93.0,93.0,85.0,112.0,97.0,76.0,96.0,84.0,104.0,92.0,84.0
long,63,LBE-T-RPhCL--,False,65.0,86.35999999999999,80,108.0,82.0,65.0,84.0,110.0,73.0,94.0,85.0,80.0,86.0,64.0,88.0,92.0,96.0,88.0,81.0,89.0,84.0,82.0,60.0,92.0,89.0,89.0,92.0,88.0,121.0,92.0,93.0,80.0,105.0,93.0,81.0,81.0,82.0,96.0,81.0,84.0,90.0,77.0,88.0,95.0,73.0,95.0,96.0,68.0,73.0,97.0,85.0,92.0,106.0
long,99,LB--T-RPhCL--,True,90.0,98.34,80,108.0,103.0,94.0,107.0,101.0,77.0,94.0,107.0,79.0,109.0,102.0,93.0,101.0,95.0,111.0,96.0,80.0,97.0,97.0,96.0,100.0,100.0,101.0,102.0,114.0,91.0,94.0,95.0,72.0,91.0,93.0,110.0,83.0,98.0,101.0,92.0,95.0,105.0,118.0,113.0,100.0,104.0,93.0,96.0,96.0,82.0,94.0,104.0,82.0,102.0
long,26,LBE-T-RPhCL--,False,105.0,88.2,80,89.0,91.0,102.0,94.0,85.0,77.0,85.0,83.0,97.0,65.0,93.0,72.0,98.0,91.0,104.0,67.0,95.0,101.0,76.0,95.0,93.0,95.0,97.0,118.0,81.0,117.0,67.0,93.0,83.0,80.0,73.0,81.0,94.0,68.0,81.0,77.0,96.0,111.0,78.0,69.0,85.0,108.0,119.0,105.0,101.0,103.0,80.0,89.0,98.0,111.0
long,80,LB--T-RPhCL--,True,92.0,82.34,80,84.0,85.0,93.0,88.0,97.0,88.0,100.0,88.0,80.0,88.0,89.0,88.0,61.0,96.0,88.0,96.0,96.0,97.0,76.0,96.0,80.0,77.0,61.0,93.0,96.0,84.0,90.0,85.0,81.0,76.0,96.0,112.0,88.0,85.0,88.0,84.0,80.0,65.0,88.0,53.0,88.0,65.0,81.0,104.0,92.0,108.0,96.0,68.0,89.0,84.0
long,75,LB--TGRPhCL--,True,104.0,98.69999999999999,80,97.0,98.0,97.0,100.0,96.0,108.0,97.0,89.0,105.0,90.0,100.0,110.0,101.0,90.0,96.0,104.0,104.0,92.0,93.0,85.0,108.0,97.0,108.0,89.0,108.0,92.0,93.0,92.0,109.0,105.0,92.0,97.0,100.0,113.0,99.0,94.0,96.0,84.0,86.0,107.0,94.0,112.0,93.0,100.0,93.0,88.0,105.0,100.0,81.0,88.0
long,13,LB--TGRPhCL--,True,84.0,92.12,80,101.0,96.0,79.0,112.0,93.0,82.0,102.0,100.0,65.0,74.0,84.0,91.0,104.0,85.0,117.0,102.0,96.0,93.0,89.0,120.0,105.0,108.0,97.0,104.0,97.0,101.0,121.0,90.0,89.0,96.0,109.0,94.0,86.0,104.0,88.0,92.0,88.0,89.0,104.0,88.0,96.0,97.0,98.0,97.0,88.0,91.0,96.0,96.0,85.0,92.0
long,29,LB--T-RPhCL--,True,77.0,87.96,80,84.0,84.0,76.0,85.0,104.0,76.0,88.0,96.0,64.0,76.0,92.0,93.0,92.0,104.0,112.0,94.0,84.0,92.0,84.0,72.0,84.0,84.0,100.0,88.0,76.0,94.0,89.0,76.0,84.0,76.0,84.0,100.0,88.0,96.0,88.0,84.0,100.0,84.0,80.0,81.0,80.0,84.0,64.0,60.0,100.0,68.0,96.0,92.0,88.0,88.0
long,46,LB--T-RPhCL--,True,88.0,81.86,80,80.0,96.0,84.0,73.0,89.0,88.0,104.0,81.0,89.0,69.0,78.0,104.0,84.0,89.0,109.0,93.0,77.0,96.0,94.0,74.0,74.0,92.0,68.0,89.0,85.0,92.0,76.0,82.0,104.0,79.0,85.0,100.0,82.0,98.0,81.0,108.0,69.0,81.0,90.0,81.0,81.0,92.0,102.0,88.0,76.0,70.0,85.0,73.0,102.0,92.0
long,52,LB--T-RPhCL--,True,89.0,79.96000000000001,80,69.0,58.0,74.0,85.0,84.0,81.0,73.0,81.0,76.0,82.0,80.0,77.0,80.0,57.0,81.0,54.0,72.0,78.0,85.0,72.0,62.0,78.0,72.0,93.0,72.0,76.0,81.0,78.0,76.0,109.0,89.0,78.0,60.0,101.0,81.0,79.0,107.0,65.0,65.0,74.0,74.0,89.0,68.0,84.0,48.0,74.0,89.0,92.0,101.0,89.0
long,67,LBE-T-RPhCL--,False,84.0,88.17999999999999,80,80.0,76.0,80.0,92.0,80.0,100.0,96.0,104.0,76.0,92.0,48.0,96.0,92.0,80.0,101.0,100.0,80.0,76.0,96.0,88.0,84.0,92.0,104.0,92.0,88.0,88.0,92.0,92.0,84.0,88.0,92.0,84.0,96.0,88.0,92.0,92.0,104.0,92.0,72.0,68.0,68.0,76.0,92.0,73.0,76.0,84.0,88.0,93.0,88.0,100.0
long,105,LB--TGRPhCL--,True,69.0,96.66,80,105.0,109.0,101.0,101.0,96.0,104.0,108.0,100.0,105.0,84.0,104.0,96.0,100.0,92.0,88.0,96.0,116.0,92.0,113.0,88.0,104.0,100.0,100.0,96.0,104.0,96.0,92.0,108.0,112.0,96.0,100.0,108.0,108.0,108.0,112.0,108.0,112.0,94.0,108.0,80.0,116.0,109.0,96.0,96.0,89.0,89.0,96.0,104.0,100.0,116.0
long,101,LB--TGRPhCL--,True,100.0,101.28,80,110.0,93.0,97.0,99.0,98.0,118.0,102.0,101.0,96.0,88.0,102.0,105.0,103.0,98.0,92.0,89.0,103.0,103.0,101.0,94.0,105.0,94.0,84.0,96.0,93.0,97.0,117.0,106.0,105.0,96.0,108.0,110.0,109.0,101.0,108.0,89.0,101.0,108.0,105.0,98.0,94.0,98.0,98.0,88.0,90.0,114.0,93.0,98.0,107.0,81.0
long,61,LB--T-RPhCL--,True,108.0,99.82,80,96.0,112.0,112.0,82.0,102.0,98.0,112.0,104.0,96.0,112.0,108.0,101.0,92.0,112.0,112.0,101.0,108.0,96.0,104.0,92.0,88.0,112.0,105.0,100.0,92.0,108.0,88.0,104.0,104.0,116.0,84.0,96.0,100.0,104.0,100.0,96.0,116.0,96.0,104.0,89.0,88.0,80.0,88.0,96.0,88.0,104.0,100.0,88.0,84.0,92.0
long,27,LBE-T-RPhCL--,False,85.0,94.54,80,88.0,83.0,76.0,106.0,100.0,92.0,92.0,75.0,95.0,88.0,94.0,84.0,99.0,98.0,100.0,93.0,94.0,121.0,104.0,91.0,121.0,101.0,102.0,95.0,93.0,69.0,91.0,107.0,85.0,84.0,109.0,83.0,83.0,91.0,84.0,118.0,107.0,84.0,85.0,105.0,97.0,85.0,90.0,88.0,80.0,124.0,116.0,82.0,106.0,83.0
long,93,LB--T-RPhCL--,True,92.0,78.06,80,69.0,97.0,73.0,85.0,81.0,94.0,78.0,81.0,81.0,61.0,60.0,74.0,73.0,80.0,65.0,70.0,64.0,94.0,85.0,80.0,70.0,82.0,70.0,77.0,81.0,92.0,101.0,80.0,76.0,78.0,90.0,54.0,80.0,78.0,66.0,78.0,82.0,61.0,77.0,65.0,78.0,53.0,92.0,81.0,69.0,86.0,81.0,93.0,92.0,72.0
long,17,LBEXT-RP-C-UK,True,96.0,69.53999999999999,80,73.0,59.0,85.0,77.0,75.0,72.0,62.0,61.0,52.0,62.0,75.0,49.0,68.0,72.0,64.0,64.0,94.0,75.0,82.0,37.0,88.0,57.0,82.0,83.0,77.0,82.0,53.0,84.0,59.0,76.0,60.0,71.0,80.0,64.0,73.0,67.0,65.0,58.0,54.0,69.0,71.0,73.0,89.0,95.0,81.0,83.0,53.0,53.0,61.0,73.0
long,7,LB--TGRPhCL--,True,84.0,86.98,80,65.0,82.0,82.0,104.0,85.0,85.0,79.0,99.0,85.0,65.0,75.0,95.0,86.0,96.0,76.0,89.0,99.0,93.0,86.0,74.0,105.0,88.0,80.0,88.0,90.0,101.0,94.0,96.0,93.0,94.0,80.0,95.0,97.0,104.0,80.0,106.0,89.0,96.0,104.0,71.0,88.0,82.0,95.0,88.0,98.0,75.0,85.0,94.0,99.0,102.0
long,12,LB--T-RPhCL--,True,96.0,99.86000000000001,80,96.0,88.0,92.0,108.0,101.0,92.0,104.0,116.0,84.0,92.0,108.0,108.0,92.0,112.0,89.0,92.0,108.0,81.0,80.0,100.0,112.0,105.0,100.0,112.0,80.0,89.0,108.0,96.0,108.0,97.0,92.0,96.0,105.0,96.0,117.0,117.0,121.0,96.0,109.0,108.0,100.0,100.0,89.0,96.0,108.0,113.0,112.0,105.0,96.0,101.0
long,103,LB--TGRPhCL--,True,93.0,101.62,80,99.0,114.0,100.0,96.0,104.0,107.0,117.0,105.0,99.0,89.0,103.0,120.0,81.0,73.0,113.0,102.0,95.0,119.0,112.0,101.0,114.0,88.0,114.0,108.0,95.0,110.0,102.0,116.0,112.0,106.0,92.0,105.0,104.0,105.0,109.0,108.0,90.0,113.0,107.0,103.0,96.0,91.0,97.0,110.0,91.0,111.0,93.0,89.0,90.0,108.0
long,48,LB-XT-RPhCLUK,True,85.0,97.96,80,88.0,84.0,80.0,92.0,113.0,96.0,120.0,88.0,84.0,96.0,80.0,104.0,104.0,109.0,88.0,116.0,100.0,72.0,81.0,100.0,84.0,112.0,88.0,112.0,112.0,113.0,93.0,104.0,100.0,92.0,80.0,96.0,89.0,92.0,96.0,104.0,96.0,100.0,96.0,88.0,92.0,100.0,112.0,81.0,92.0,92.0,89.0,96.0,76.0,84.0
long,43,LB--TGRPhCL--,True,71.0,96.83999999999999,80,92.0,76.0,100.0,96.0,124.0,95.0,88.0,96.0,99.0,103.0,87.0,118.0,93.0,99.0,107.0,106.0,96.0,92.0,95.0,81.0,89.0,95.0,104.0,107.0,106.0,120.0,86.0,96.0,94.0,85.0,87.0,89.0,106.0,107.0,86.0,111.0,96.0,98.0,106.0,92.0,102.0,97.0,119.0,90.0,89.0,108.0,100.0,91.0,96.0,108.0
long,100,LB--TGRPhCL--,True,80.0,93.05999999999999,80,88.0,96.0,86.0,95.0,91.0,95.0,116.0,88.0,107.0,104.0,108.0,76.0,87.0,102.0,87.0,84.0,99.0,107.0,86.0,94.0,82.0,86.0,87.0,103.0,89.0,95.0,88.0,98.0,106.0,82.0,73.0,101.0,113.0,90.0,89.0,105.0,118.0,99.0,97.0,92.0,88.0,90.0,87.0,85.0,98.0,101.0,101.0,83.0,90.0,101.0
long,45,LB--TGRPhCL--,True,116.0,98.2,80,93.0,96.0,86.0,96.0,89.0,104.0,100.0,92.0,109.0,88.0,96.0,89.0,80.0,112.0,92.0,100.0,100.0,100.0,88.0,116.0,100.0,92.0,104.0,112.0,100.0,116.0,100.0,104.0,104.0,101.0,108.0,92.0,92.0,112.0,96.0,89.0,100.0,100.0,101.0,100.0,112.0,100.0,92.0,109.0,96.0,92.0,101.0,97.0,108.0,96.0
long,73,L--XT-RPH--UK,True,104.0,99.86000000000001,80,100.0,112.0,96.0,112.0,100.0,96.0,96.0,104.0,100.0,88.0,88.0,96.0,92.0,108.0,112.0,96.0,92.0,100.0,96.0,104.0,116.0,108.0,112.0,108.0,92.0,96.0,104.0,112.0,104.0,96.0,80.0,100.0,84.0,88.0,100.0,84.0,104.0,112.0,96.0,84.0,100.0,112.0,88.0,100.0,108.0,108.0,96.0,112.0,112.0,88.0
long,24,LB--T-RPhCL--,True,86.0,97.66,80,100.0,106.0,94.0,108.0,103.0,104.0,95.0,99.0,83.0,98.0,99.0,97.0,97.0,85.0,96.0,100.0,94.0,94.0,97.0,95.0,102.0,94.0,96.0,90.0,94.0,105.0,92.0,103.0,90.0,113.0,74.0,88.0,91.0,89.0,99.0,89.0,97.0,98.0,110.0,98.0,94.0,79.0,83.0,96.0,82.0,110.0,96.0,95.0,111.0,88.0
long,71,LB--TGRPhCL--,True,80.0,89.12,80,100.0,84.0,92.0,92.0,76.0,68.0,92.0,104.0,104.0,92.0,80.0,100.0,100.0,84.0,96.0,76.0,84.0,80.0,72.0,72.0,84.0,76.0,68.0,88.0,97.0,84.0,88.0,76.0,85.0,80.0,84.0,84.0,84.0,80.0,92.0,92.0,89.0,85.0,64.0,84.0,80.0,80.0,96.0,80.0,92.0,72.0,88.0,80.0,96.0,76.0
long,76,LB--TGRPhCL--,True,77.0,94.68,80,100.0,98.0,96.0,96.0,80.0,74.0,88.0,77.0,97.0,109.0,104.0,78.0,104.0,101.0,100.0,100.0,101.0,92.0,113.0,84.0,104.0,89.0,101.0,98.0,97.0,88.0,108.0,97.0,97.0,101.0,76.0,94.0,102.0,88.0,89.0,110.0,76.0,76.0,88.0,88.0,96.0,104.0,93.0,106.0,93.0,108.0,91.0,93.0,104.0,89.0
long,96,LB--TGRPhCL--,True,96.0,94.96000000000001,80,100.0,92.0,96.0,100.0,96.0,88.0,72.0,100.0,88.0,96.0,80.0,112.0,100.0,88.0,108.0,92.0,76.0,100.0,92.0,72.0,88.0,104.0,112.0,92.0,96.0,108.0,100.0,88.0,108.0,96.0,104.0,84.0,100.0,100.0,84.0,84.0,96.0,112.0,84.0,92.0,104.0,104.0,84.0,80.0,104.0,88.0,84.0,108.0,100.0,112.0
long,98,LBEXT-RPhC---,True,77.0,77.64,80,80.0,60.0,60.0,92.0,88.0,88.0,76.0,61.0,55.0,79.0,68.0,81.0,65.0,53.0,85.0,89.0,65.0,84.0,72.0,81.0,93.0,49.0,60.0,104.0,106.0,73.0,62.0,82.0,90.0,72.0,62.0,84.0,52.0,65.0,77.0,73.0,74.0,93.0,73.0,52.0,73.0,74.0,68.0,70.0,81.0,82.0,57.0,62.0,70.0,102.0
long,97,LB--T-RPhCL--,True,64.0,81.86,80,68.0,73.0,96.0,104.0,72.0,104.0,92.0,64.0,82.0,64.0,96.0,80.0,56.0,88.0,76.0,81.0,77.0,108.0,100.0,72.0,81.0,84.0,69.0,62.0,104.0,80.0,60.0,80.0,80.0,68.0,76.0,72.0,96.0,84.0,84.0,80.0,68.0,65.0,88.0,88.0,88.0,61.0,85.0,88.0,89.0,85.0,88.0,84.0,65.0,68.0
long,79,LBE-T-RPhCL--,False,80.0,81.86,80,70.0,108.0,75.0,76.0,77.0,72.0,88.0,81.0,64.0,73.0,88.0,73.0,100.0,105.0,102.0,76.0,77.0,60.0,68.0,76.0,69.0,88.0,73.0,91.0,93.0,93.0,77.0,65.0,69.0,88.0,73.0,93.0,86.0,89.0,88.0,77.0,89.0,88.0,76.0,53.0,88.0,70.0,101.0,77.0,85.0,72.0,89.0,88.0,85.0,80.0
long,58,LB--TGRPhCL--,True,87.0,90.86,80,105.0,89.0,90.0,99.0,92.0,82.0,79.0,96.0,85.0,98.0,80.0,96.0,102.0,99.0,98.0,96.0,88.0,89.0,95.0,91.0,91.0,87.0,80.0,82.0,95.0,95.0,71.0,91.0,88.0,88.0,79.0,97.0,95.0,100.0,96.0,84.0,79.0,93.0,86.0,102.0,87.0,104.0,78.0,79.0,92.0,65.0,95.0,88.0,92.0,95.0
long,9,LB-XT-RP-C-UK,True,80.0,88.4,80,96.0,92.0,68.0,84.0,104.0,104.0,96.0,104.0,84.0,80.0,72.0,96.0,88.0,108.0,84.0,88.0,88.0,68.0,100.0,92.0,92.0,96.0,100.0,84.0,84.0,96.0,84.0,80.0,80.0,80.0,84.0,76.0,104.0,88.0,80.0,88.0,92.0,96.0,80.0,112.0,100.0,80.0,92.0,104.0,100.0,96.0,88.0,100.0,96.0,84.0
long,35,LB--TGRPhCL--,True,100.0,98.80000000000001,80,84.0,108.0,88.0,92.0,92.0,100.0,105.0,104.0,97.0,96.0,96.0,104.0,96.0,97.0,109.0,100.0,84.0,104.0,108.0,110.0,84.0,101.0,96.0,88.0,100.0,100.0,108.0,108.0,80.0,92.0,96.0,105.0,80.0,96.0,92.0,88.0,100.0,92.0,89.0,96.0,116.0,108.0,104.0,96.0,97.0,108.0,100.0,100.0,104.0,101.0
long,92,LBE-T-RPhCL--,False,76.0,82.14,80,76.0,80.0,80.0,96.0,80.0,112.0,77.0,96.0,72.0,92.0,64.0,60.0,96.0,89.0,80.0,88.0,89.0,80.0,85.0,72.0,96.0,80.0,92.0,60.0,92.0,60.0,100.0,96.0,68.0,76.0,80.0,96.0,88.0,92.0,92.0,64.0,93.0,88.0,72.0,80.0,76.0,88.0,108.0,80.0,80.0,81.0,80.0,96.0,72.0,72.0
long,42,LB--TGRPhCL--,True,77.0,95.07999999999998,80,105.0,84.0,104.0,88.0,96.0,96.0,112.0,84.0,100.0,92.0,100.0,97.0,100.0,81.0,84.0,97.0,76.0,104.0,92.0,100.0,104.0,96.0,88.0,96.0,84.0,68.0,93.0,92.0,85.0,105.0,112.0,86.0,108.0,97.0,80.0,84.0,96.0,100.0,80.0,89.0,100.0,80.0,84.0,96.0,84.0,100.0,88.0,108.0,88.0,76.0
long,40,LB--TGRPhCL--,True,100.0,96.03999999999999,80,81.0,109.0,96.0,96.0,100.0,100.0,100.0,92.0,92.0,96.0,108.0,92.0,89.0,96.0,92.0,88.0,89.0,96.0,100.0,104.0,96.0,96.0,112.0,100.0,100.0,112.0,93.0,88.0,104.0,92.0,93.0,112.0,92.0,104.0,112.0,104.0,96.0,108.0,104.0,97.0,100.0,72.0,96.0,88.0,85.0,108.0,92.0,96.0,96.0,108.0
long,50,L--XT-RPH--UK,True,105.0,94.42,80,92.0,110.0,106.0,86.0,97.0,121.0,88.0,91.0,99.0,101.0,73.0,89.0,97.0,109.0,85.0,97.0,94.0,106.0,100.0,90.0,98.0,76.0,77.0,93.0,93.0,80.0,101.0,99.0,88.0,93.0,96.0,103.0,93.0,97.0,97.0,89.0,105.0,91.0,97.0,98.0,97.0,85.0,78.0,96.0,88.0,78.0,106.0,97.0,88.0,85.0
long,30,LBE-T-RPhCL--,False,96.0,99.06,80,112.0,100.0,120.0,100.0,108.0,96.0,108.0,88.0,88.0,100.0,96.0,81.0,100.0,80.0,96.0,100.0,84.0,92.0,93.0,100.0,96.0,101.0,92.0,96.0,100.0,108.0,116.0,80.0,100.0,108.0,116.0,108.0,100.0,116.0,104.0,109.0,108.0,84.0,96.0,96.0,96.0,88.0,104.0,105.0,104.0,104.0,100.0,104.0,104.0,100.0
long,85,LB--T-RPhCL--,True,86.0,86.12,80,74.0,102.0,95.0,85.0,87.0,73.0,106.0,79.0,103.0,90.0,76.0,96.0,117.0,90.0,99.0,80.0,92.0,75.0,103.0,79.0,94.0,75.0,82.0,93.0,79.0,102.0,89.0,115.0,88.0,83.0,94.0,82.0,100.0,93.0,90.0,92.0,93.0,100.0,79.0,85.0,99.0,72.0,78.0,92.0,92.0,80.0,84.0,100.0,81.0,110.0
long,57,LBEXT-RPhC---,True,76.0,80.55999999999999,80,60.0,81.0,80.0,92.0,85.0,81.0,100.0,97.0,96.0,77.0,93.0,84.0,68.0,81.0,76.0,96.0,80.0,68.0,88.0,80.0,88.0,88.0,100.0,76.0,76.0,92.0,80.0,96.0,72.0,72.0,100.0,72.0,72.0,92.0,84.0,77.0,65.0,65.0,60.0,72.0,69.0,80.0,76.0,96.0,92.0,76.0,97.0,108.0,88.0,64.0
long,95,LB--T-RPhCL--,True,90.0,87.86,80,62.0,74.0,54.0,104.0,101.0,100.0,80.0,105.0,108.0,94.0,66.0,83.0,95.0,85.0,103.0,78.0,89.0,73.0,79.0,92.0,119.0,89.0,64.0,114.0,79.0,94.0,100.0,91.0,81.0,98.0,97.0,85.0,79.0,94.0,106.0,76.0,86.0,93.0,102.0,87.0,97.0,83.0,94.0,81.0,90.0,105.0,75.0,85.0,99.0,71.0
long,21,LBE-T-RPhCL--,False,96.0,92.08,80,84.0,108.0,88.0,85.0,88.0,104.0,94.0,89.0,96.0,88.0,84.0,96.0,96.0,92.0,108.0,76.0,96.0,96.0,89.0,89.0,100.0,96.0,80.0,100.0,84.0,112.0,96.0,80.0,88.0,116.0,91.0,84.0,116.0,88.0,80.0,84.0,100.0,88.0,97.0,100.0,84.0,92.0,96.0,88.0,88.0,82.0,104.0,88.0,84.0,76.0
long,5,LB--TGRPhCL--,True,102.0,88.16000000000001,80,67.0,85.0,90.0,90.0,90.0,108.0,96.0,88.0,93.0,77.0,79.0,87.0,94.0,87.0,63.0,86.0,82.0,73.0,96.0,69.0,100.0,104.0,99.0,77.0,87.0,92.0,76.0,99.0,99.0,94.0,85.0,84.0,84.0,87.0,92.0,93.0,76.0,83.0,96.0,91.0,88.0,85.0,84.0,98.0,94.0,90.0,89.0,88.0,79.0,78.0
long,72,LB--T-RPhCL--,True,72.0,88.48,80,96.0,84.0,96.0,94.0,88.0,77.0,100.0,116.0,88.0,92.0,96.0,125.0,100.0,96.0,80.0,96.0,97.0,84.0,89.0,72.0,101.0,72.0,89.0,108.0,100.0,88.0,84.0,76.0,76.0,92.0,76.0,104.0,105.0,81.0,97.0,84.0,76.0,72.0,89.0,112.0,72.0,108.0,102.0,96.0,80.0,88.0,104.0,77.0,76.0,100.0
long,22,LB--T-RPhCL--,True,104.0,101.34,80,101.0,113.0,84.0,104.0,101.0,85.0,88.0,92.0,96.0,96.0,76.0,97.0,92.0,94.0,96.0,105.0,112.0,96.0,92.0,101.0,100.0,96.0,100.0,96.0,110.0,116.0,101.0,98.0,108.0,89.0,104.0,108.0,97.0,100.0,93.0,101.0,101.0,104.0,102.0,94.0,85.0,108.0,108.0,101.0,100.0,96.0,104.0,100.0,101.0,100.0
long,87,LBE-T-RPhCL--,False,98.0,92.96,80,110.0,94.0,81.0,113.0,94.0,85.0,105.0,106.0,79.0,104.0,70.0,105.0,113.0,97.0,73.0,97.0,104.0,103.0,104.0,104.0,97.0,89.0,80.0,94.0,93.0,79.0,94.0,93.0,109.0,89.0,114.0,117.0,98.0,95.0,81.0,101.0,109.0,90.0,95.0,94.0,79.0,99.0,71.0,117.0,86.0,117.0,97.0,91.0,112.0,101.0
long,3,LB-XTGRPhCL--,True,72.0,71.2,80,69.0,80.0,77.0,74.0,83.0,65.0,74.0,89.0,88.0,78.0,58.0,65.0,55.0,84.0,70.0,65.0,80.0,79.0,85.0,68.0,80.0,84.0,73.0,60.0,67.0,86.0,86.0,74.0,65.0,72.0,89.0,59.0,77.0,67.0,57.0,53.0,55.0,85.0,69.0,82.0,69.0,85.0,73.0,68.0,65.0,76.0,70.0,63.0,60.0,77.0
long,15,LB--T-RPhCL--,True,85.0,87.52000000000001,80,78.0,96.0,85.0,90.0,108.0,84.0,72.0,90.0,93.0,86.0,84.0,85.0,77.0,68.0,96.0,68.0,104.0,105.0,97.0,88.0,80.0,89.0,73.0,72.0,80.0,88.0,116.0,101.0,93.0,85.0,80.0,89.0,71.0,97.0,81.0,85.0,101.0,81.0,71.0,93.0,85.0,77.0,88.0,80.0,84.0,94.0,69.0,85.0,87.0,70.0
long,60,LBE-T-RPhCL--,False,104.0,97.68,80,105.0,84.0,104.0,84.0,94.0,77.0,112.0,104.0,100.0,88.0,112.0,121.0,93.0,88.0,96.0,113.0,93.0,92.0,97.0,108.0,92.0,109.0,104.0,97.0,92.0,100.0,104.0,80.0,84.0,112.0,92.0,88.0,96.0,88.0,88.0,93.0,116.0,88.0,84.0,116.0,105.0,96.0,92.0,96.0,97.0,76.0,104.0,105.0,93.0,93.0
long,16,LBE-T-RPhCL--,False,92.0,90.88,80,112.0,92.0,88.0,89.0,94.0,81.0,100.0,106.0,85.0,85.0,108.0,68.0,96.0,100.0,72.0,101.0,81.0,98.0,100.0,96.0,85.0,108.0,96.0,96.0,92.0,89.0,97.0,85.0,108.0,100.0,80.0,104.0,100.0,92.0,73.0,84.0,97.0,96.0,100.0,112.0,68.0,84.0,85.0,100.0,81.0,85.0,120.0,88.0,100.0,79.0
long,11,LBE-T-RPhCL--,False,104.0,100.72,80,112.0,103.0,97.0,98.0,115.0,103.0,108.0,87.0,96.0,112.0,89.0,95.0,98.0,94.0,86.0,107.0,96.0,103.0,97.0,94.0,112.0,104.0,95.0,98.0,95.0,103.0,80.0,103.0,115.0,85.0,94.0,107.0,117.0,102.0,75.0,77.0,90.0,76.0,106.0,100.0,95.0,116.0,107.0,92.0,102.0,101.0,111.0,94.0,91.0,110.0
long,83,LB--TGRPhCL--,True,69.0,85.52,80,92.0,85.0,66.0,85.0,81.0,82.0,73.0,82.0,84.0,76.0,102.0,88.0,101.0,102.0,93.0,60.0,69.0,92.0,92.0,96.0,101.0,82.0,114.0,61.0,96.0,106.0,101.0,98.0,85.0,93.0,84.0,96.0,88.0,102.0,77.0,87.0,82.0,78.0,80.0,92.0,88.0,86.0,58.0,73.0,65.0,97.0,100.0,92.0,88.0,92.0
long,66,LB--TGRPhCL--,True,93.0,91.18,80,98.0,100.0,103.0,96.0,93.0,112.0,86.0,88.0,76.0,102.0,114.0,98.0,106.0,107.0,100.0,90.0,80.0,92.0,85.0,90.0,83.0,89.0,100.0,102.0,81.0,102.0,83.0,89.0,95.0,108.0,94.0,104.0,95.0,94.0,99.0,90.0,92.0,101.0,92.0,95.0,78.0,94.0,94.0,71.0,92.0,101.0,97.0,78.0,99.0,107.0
long,25,LB--TGRPhCL--,True,64.0,94.80000000000001,80,86.0,92.0,92.0,101.0,104.0,96.0,86.0,101.0,100.0,88.0,104.0,88.0,89.0,92.0,78.0,80.0,92.0,100.0,92.0,88.0,84.0,97.0,85.0,112.0,104.0,96.0,106.0,90.0,93.0,88.0,89.0,96.0,88.0,93.0,89.0,92.0,97.0,101.0,105.0,93.0,89.0,84.0,88.0,80.0,100.0,84.0,104.0,101.0,92.0,76.0
long,2,LBE-T-RPhCL--,False,80.0,86.56,80,104.0,85.0,84.0,111.0,85.0,92.0,107.0,72.0,104.0,95.0,120.0,88.0,87.0,86.0,67.0,89.0,96.0,79.0,68.0,111.0,82.0,110.0,93.0,90.0,99.0,80.0,92.0,83.0,71.0,105.0,90.0,85.0,74.0,87.0,75.0,95.0,97.0,76.0,70.0,112.0,62.0,99.0,93.0,98.0,81.0,91.0,104.0,79.0,107.0,95.0
long,91,LBE-T-RPhCL--,False,116.0,92.66,80,93.0,92.0,90.0,104.0,83.0,86.0,95.0,92.0,78.0,73.0,102.0,84.0,103.0,82.0,84.0,94.0,99.0,90.0,81.0,95.0,86.0,72.0,80.0,91.0,106.0,93.0,89.0,102.0,91.0,102.0,111.0,71.0,76.0,96.0,88.0,94.0,96.0,97.0,94.0,75.0,92.0,87.0,80.0,86.0,71.0,80.0,109.0,96.0,96.0,77.0
long,19,LB--TGRPhCL--,True,84.0,90.82000000000001,80,77.0,84.0,100.0,98.0,100.0,108.0,86.0,84.0,96.0,97.0,85.0,83.0,89.0,96.0,96.0,96.0,89.0,89.0,70.0,101.0,90.0,81.0,83.0,88.0,82.0,89.0,108.0,80.0,85.0,105.0,103.0,72.0,96.0,97.0,93.0,88.0,86.0,82.0,93.0,108.0,97.0,96.0,108.0,92.0,96.0,81.0,81.0,81.0,96.0,93.0
long,90,LB-XTGRPhCL--,True,57.0,78.8,80,100.0,77.0,56.0,77.0,53.0,81.0,88.0,96.0,66.0,45.0,81.0,81.0,76.0,88.0,100.0,66.0,82.0,84.0,96.0,84.0,76.0,45.0,74.0,77.0,65.0,80.0,70.0,100.0,73.0,44.0,73.0,60.0,85.0,80.0,73.0,56.0,60.0,92.0,72.0,96.0,88.0,88.0,65.0,78.0,73.0,79.0,82.0,88.0,68.0,76.0
long,69,LB--TGRPhCL--,True,98.0,96.44,80,117.0,92.0,93.0,100.0,92.0,104.0,105.0,101.0,104.0,109.0,114.0,112.0,77.0,89.0,106.0,91.0,84.0,81.0,105.0,76.0,92.0,84.0,101.0,104.0,92.0,86.0,102.0,99.0,108.0,100.0,93.0,89.0,72.0,97.0,104.0,96.0,86.0,81.0,101.0,84.0,93.0,80.0,94.0,105.0,109.0,96.0,93.0,100.0,100.0,105.0
long,31,LBEXT-RPhC---,True,110.0,84.74000000000001,80,90.0,92.0,84.0,94.0,66.0,84.0,74.0,76.0,88.0,85.0,67.0,112.0,113.0,76.0,93.0,89.0,88.0,82.0,70.0,85.0,85.0,101.0,80.0,85.0,88.0,58.0,100.0,96.0,73.0,66.0,105.0,76.0,73.0,84.0,85.0,69.0,73.0,90.0,94.0,76.0,60.0,87.0,60.0,68.0,86.0,97.0,94.0,105.0,81.0,85.0
long,6,LB--TGRPhCL--,True,88.0,93.66,80,100.0,104.0,104.0,96.0,84.0,88.0,104.0,108.0,96.0,96.0,84.0,108.0,88.0,84.0,89.0,112.0,104.0,80.0,88.0,112.0,100.0,80.0,96.0,88.0,84.0,92.0,76.0,82.0,104.0,92.0,84.0,92.0,100.0,76.0,92.0,88.0,100.0,92.0,104.0,97.0,112.0,88.0,116.0,88.0,80.0,104.0,96.0,88.0,93.0,88.0
long,62,LB--T-RPhCL--,True,88.0,94.12,80,93.0,93.0,112.0,96.0,76.0,84.0,84.0,108.0,96.0,108.0,92.0,80.0,84.0,104.0,92.0,76.0,92.0,96.0,104.0,92.0,100.0,104.0,80.0,60.0,92.0,96.0,88.0,100.0,92.0,96.0,92.0,116.0,88.0,77.0,96.0,100.0,96.0,76.0,88.0,88.0,104.0,108.0,68.0,104.0,72.0,96.0,92.0,92.0,88.0,88.0
long,59,LBEXT-RPhCL--,True,72.0,84.44000000000001,80,63.0,73.0,87.0,89.0,83.0,88.0,90.0,85.0,94.0,77.0,86.0,43.0,93.0,51.0,98.0,91.0,78.0,59.0,88.0,73.0,74.0,90.0,85.0,77.0,78.0,94.0,88.0,77.0,99.0,87.0,82.0,103.0,58.0,93.0,82.0,83.0,80.0,70.0,94.0,83.0,79.0,86.0,78.0,95.0,95.0,82.0,82.0,94.0,83.0,88.0
long,36,LB--TGRPhCL--,True,92.0,93.62,80,104.0,104.0,85.0,88.0,96.0,92.0,88.0,84.0,84.0,96.0,88.0,96.0,100.0,96.0,96.0,84.0,108.0,84.0,84.0,96.0,92.0,96.0,104.0,108.0,96.0,96.0,100.0,104.0,92.0,100.0,100.0,100.0,116.0,92.0,92.0,112.0,92.0,96.0,116.0,80.0,104.0,80.0,92.0,104.0,84.0,88.0,100.0,88.0,88.0,100.0
long,94,LBE-T-RPhCL--,False,100.0,90.9,80,88.0,92.0,96.0,88.0,108.0,104.0,85.0,76.0,80.0,100.0,88.0,104.0,88.0,76.0,88.0,100.0,97.0,92.0,101.0,100.0,100.0,92.0,92.0,88.0,88.0,84.0,104.0,112.0,100.0,92.0,112.0,92.0,96.0,96.0,100.0,88.0,112.0,109.0,84.0,96.0,96.0,96.0,88.0,68.0,96.0,92.0,92.0,76.0,100.0,84.0
long,102,LBE-T-RPhCL--,False,84.0,86.66,80,83.0,72.0,87.0,81.0,95.0,74.0,59.0,96.0,78.0,88.0,81.0,80.0,86.0,88.0,88.0,100.0,90.0,95.0,82.0,95.0,84.0,90.0,80.0,68.0,75.0,114.0,71.0,80.0,70.0,92.0,99.0,86.0,93.0,98.0,92.0,80.0,82.0,85.0,99.0,95.0,92.0,94.0,90.0,80.0,117.0,91.0,85.0,95.0,90.0,86.0
long,86,LBE-T-RPhCL--,False,96.0,86.12,80,80.0,84.0,92.0,97.0,72.0,89.0,84.0,89.0,92.0,92.0,84.0,100.0,81.0,65.0,78.0,80.0,69.0,84.0,85.0,101.0,96.0,104.0,81.0,80.0,89.0,90.0,100.0,80.0,81.0,104.0,100.0,104.0,80.0,85.0,81.0,93.0,105.0,96.0,97.0,85.0,80.0,76.0,104.0,84.0,104.0,73.0,116.0,97.0,92.0,81.0
long,54,LB--T-RPhCL--,True,89.0,86.12,80,80.0,88.0,83.0,88.0,81.0,66.0,64.0,84.0,81.0,77.0,82.0,97.0,104.0,91.0,81.0,77.0,76.0,109.0,84.0,82.0,105.0,62.0,80.0,81.0,69.0,72.0,86.0,93.0,90.0,82.0,84.0,64.0,97.0,106.0,93.0,96.0,68.0,100.0,80.0,79.0,88.0,71.0,60.0,77.0,92.0,97.0,71.0,68.0,80.0,92.0
long,23,LB--T-RPhCL--,True,94.0,92.88,80,94.0,90.0,81.0,98.0,90.0,96.0,82.0,99.0,105.0,96.0,90.0,93.0,99.0,89.0,91.0,96.0,101.0,78.0,68.0,84.0,99.0,79.0,100.0,118.0,84.0,80.0,105.0,77.0,81.0,97.0,116.0,108.0,98.0,69.0,97.0,96.0,73.0,109.0,103.0,89.0,95.0,107.0,106.0,99.0,90.0,91.0,94.0,118.0,105.0,85.0
long,88,LBE-T-RPhCL--,False,94.0,93.2,80,68.0,91.0,80.0,103.0,79.0,107.0,92.0,106.0,102.0,82.0,104.0,90.0,102.0,88.0,99.0,94.0,118.0,94.0,97.0,90.0,90.0,105.0,102.0,87.0,78.0,87.0,97.0,96.0,106.0,113.0,86.0,89.0,109.0,99.0,115.0,97.0,94.0,102.0,111.0,79.0,98.0,85.0,111.0,97.0,79.0,87.0,94.0,81.0,96.0,89.0
long,64,L--XT-RPH--UK,True,84.0,75.72,80,80.0,72.0,56.0,84.0,80.0,68.0,76.0,88.0,60.0,80.0,88.0,64.0,76.0,72.0,80.0,72.0,72.0,96.0,104.0,60.0,72.0,80.0,80.0,68.0,88.0,72.0,72.0,72.0,68.0,89.0,80.0,56.0,60.0,104.0,92.0,52.0,57.0,84.0,80.0,68.0,68.0,68.0,88.0,60.0,80.0,88.0,88.0,76.0,104.0,89.0
long,38,LBE-T-RPhCL--,False,84.0,93.17999999999999,80,85.0,92.0,88.0,83.0,91.0,84.0,75.0,93.0,100.0,107.0,94.0,82.0,86.0,98.0,95.0,81.0,86.0,95.0,85.0,114.0,92.0,84.0,91.0,82.0,111.0,87.0,92.0,92.0,92.0,102.0,74.0,93.0,95.0,85.0,94.0,90.0,93.0,98.0,92.0,79.0,84.0,80.0,94.0,95.0,82.0,111.0,104.0,104.0,96.0,91.0
long,81,LB--TGRPhCL--,True,100.0,88.78,80,80.0,92.0,90.0,81.0,81.0,80.0,92.0,72.0,96.0,97.0,88.0,81.0,88.0,104.0,112.0,88.0,72.0,100.0,89.0,97.0,92.0,84.0,88.0,100.0,88.0,100.0,84.0,96.0,85.0,86.0,73.0,98.0,108.0,96.0,88.0,73.0,97.0,88.0,96.0,96.0,81.0,80.0,88.0,96.0,92.0,88.0,92.0,97.0,93.0,72.0
long,77,LB--T-RPhCL--,True,100.0,87.53999999999999,80,76.0,81.0,80.0,76.0,83.0,100.0,80.0,68.0,80.0,85.0,85.0,74.0,100.0,72.0,61.0,91.0,85.0,78.0,84.0,97.0,66.0,85.0,105.0,81.0,90.0,104.0,80.0,76.0,84.0,93.0,100.0,83.0,90.0,102.0,92.0,81.0,97.0,89.0,87.0,96.0,96.0,85.0,88.0,79.0,61.0,108.0,85.0,100.0,85.0,79.0
long,20,LBE-T-RPhCL--,False,94.0,80.48,80,84.0,72.0,63.0,63.0,76.0,68.0,71.0,97.0,116.0,86.0,94.0,89.0,78.0,95.0,90.0,82.0,67.0,82.0,85.0,87.0,64.0,68.0,66.0,69.0,72.0,89.0,56.0,85.0,88.0,81.0,58.0,65.0,90.0,75.0,70.0,70.0,92.0,83.0,58.0,93.0,68.0,76.0,65.0,95.0,106.0,66.0,65.0,97.0,98.0,110.0
combined,28,CBEXT-RPhCL--,True,168.0,164.46,160,146.0,144.0,191.0,166.0,153.0,176.0,154.0,170.0,131.0,172.0,158.0,177.0,150.0,174.0,162.0,141.0,142.0,133.0,148.0,177.0,149.0,168.0,180.0,171.0,161.0,180.0,183.0,132.0,156.0,158.0,160.0,194.0,139.0,155.0,179.0,169.0,153.0,159.0,163.0,163.0,157.0,157.0,166.0,165.0,144.0,147.0,155.0,150.0,132.0,149.0
combined,10,C--XT-RPHC-UK,True,156.0,147.94,160,173.0,137.0,146.0,140.0,199.0,137.0,124.0,179.0,143.0,151.0,137.0,153.0,144.0,122.0,155.0,149.0,123.0,125.0,167.0,174.0,180.0,146.0,162.0,124.0,156.0,171.0,159.0,122.0,146.0,198.0,158.0,124.0,145.0,177.0,157.0,159.0,137.0,129.0,173.0,169.0,165.0,148.0,139.0,157.0,137.0,127.0,149.0,133.0,129.0,143.0
combined,53,C--XT-RPHC-UK,True,180.0,165.10000000000002,160,181.0,181.0,202.0,158.0,154.0,167.0,180.0,178.0,158.0,141.0,183.0,159.0,180.0,151.0,188.0,167.0,194.0,181.0,182.0,164.0,176.0,179.0,171.0,178.0,189.0,160.0,130.0,191.0,152.0,155.0,161.0,149.0,187.0,158.0,173.0,147.0,182.0,155.0,150.0,178.0,159.0,176.0,180.0,153.0,182.0,181.0,166.0,173.0,145.0,177.0
combined,39,CB-XTGRPHCLUK,True,153.0,161.96,160,177.0,181.0,169.0,167.0,169.0,160.0,154.0,174.0,177.0,171.0,146.0,168.0,176.0,161.0,186.0,174.0,182.0,158.0,147.0,174.0,166.0,164.0,177.0,152.0,148.0,177.0,163.0,184.0,164.0,174.0,175.0,162.0,153.0,140.0,151.0,168.0,139.0,173.0,176.0,161.0,170.0,167.0,165.0,154.0,151.0,174.0,151.0,148.0,157.0,160.0
combined,37,C--XT-RPH--UK,True,100.0,99.66,160,71.0,75.0,72.0,86.0,112.0,111.0,137.0,72.0,98.0,107.0,83.0,86.0,67.0,112.0,107.0,88.0,84.0,85.0,87.0,96.0,63.0,98.0,134.0,104.0,114.0,62.0,89.0,94.0,86.0,111.0,80.0,96.0,115.0,119.0,70.0,103.0,98.0,136.0,64.0,132.0,117.0,123.0,94.0,105.0,82.0,105.0,92.0,71.0,63.0,91.0
combined,1,C--XT-RPHC-UK,True,159.0,148.06,160,113.0,154.0,118.0,107.0,126.0,128.0,142.0,144.0,155.0,120.0,133.0,141.0,117.0,141.0,144.0,139.0,144.0,116.0,125.0,122.0,130.0,150.0,155.0,146.0,166.0,157.0,126.0,139.0,147.0,121.0,150.0,139.0,151.0,186.0,147.0,153.0,132.0,127.0,136.0,114.0,137.0,150.0,159.0,154.0,127.0,172.0,152.0,167.0,115.0,152.0
combined,18,C--XT-RPH--UK,True,190.0,164.74,160,170.0,172.0,184.0,173.0,155.0,153.0,142.0,171.0,158.0,183.0,185.0,154.0,175.0,185.0,168.0,157.0,156.0,174.0,176.0,147.0,180.0,171.0,158.0,153.0,190.0,132.0,167.0,148.0,185.0,174.0,181.0,159.0,176.0,177.0,141.0,166.0,168.0,181.0,134.0,165.0,151.0,179.0,151.0,178.0,180.0,148.0,172.0,166.0,153.0,158.0
combined,8,CB-XTGRPhCL--,True,170.0,168.88000000000002,160,180.0,185.0,183.0,160.0,172.0,159.0,206.0,183.0,142.0,186.0,172.0,163.0,163.0,183.0,171.0,168.0,118.0,181.0,181.0,142.0,198.0,172.0,115.0,158.0,156.0,171.0,165.0,151.0,158.0,151.0,164.0,175.0,170.0,161.0,193.0,161.0,163.0,149.0,180.0,158.0,159.0,180.0,153.0,171.0,144.0,162.0,181.0,178.0,164.0,190.0
combined,32,C--XT-RPH--UK,True,179.0,140.7,160,181.0,159.0,150.0,112.0,144.0,158.0,122.0,123.0,163.0,132.0,121.0,125.0,136.0,156.0,136.0,124.0,160.0,159.0,142.0,141.0,135.0,125.0,152.0,154.0,146.0,172.0,150.0,111.0,128.0,151.0,113.0,136.0,156.0,127.0,166.0,127.0,171.0,122.0,149.0,158.0,130.0,143.0,122.0,100.0,165.0,153.0,138.0,133.0,150.0,172.0
combined,68,C--XT-RPHC-UK,True,158.0,149.92000000000002,160,158.0,124.0,142.0,144.0,136.0,157.0,140.0,149.0,139.0,121.0,127.0,133.0,135.0,146.0,141.0,172.0,165.0,129.0,164.0,156.0,149.0,162.0,138.0,146.0,125.0,154.0,125.0,156.0,167.0,147.0,155.0,135.0,164.0,103.0,166.0,152.0,123.0,163.0,132.0,158.0,133.0,139.0,116.0,125.0,153.0,116.0,119.0,141.0,141.0,141.0
combined,70,C-E-T-RPHC-UK,True,167.0,176.0,160,174.0,179.0,165.0,195.0,173.0,169.0,184.0,204.0,185.0,174.0,171.0,177.0,173.0,147.0,184.0,164.0,171.0,178.0,177.0,149.0,169.0,194.0,174.0,156.0,182.0,175.0,191.0,177.0,172.0,175.0,192.0,159.0,171.0,182.0,192.0,156.0,165.0,190.0,167.0,177.0,175.0,178.0,196.0,196.0,173.0,183.0,184.0,157.0,157.0,195.0
combined,44,CB-XT-RPHC-UK,True,123.0,133.52,160,141.0,102.0,137.0,119.0,114.0,134.0,172.0,140.0,81.0,120.0,118.0,110.0,131.0,130.0,111.0,128.0,150.0,136.0,111.0,125.0,127.0,105.0,155.0,118.0,144.0,119.0,124.0,123.0,133.0,125.0,143.0,164.0,140.0,134.0,125.0,158.0,123.0,151.0,140.0,128.0,121.0,119.0,106.0,122.0,138.0,96.0,110.0,120.0,139.0,104.0
combined,14,CBEXT-RPhCL--,True,156.0,158.26,160,170.0,160.0,167.0,132.0,158.0,179.0,159.0,147.0,169.0,152.0,175.0,168.0,155.0,165.0,146.0,149.0,160.0,166.0,170.0,190.0,181.0,159.0,162.0,170.0,157.0,148.0,172.0,146.0,139.0,186.0,177.0,162.0,162.0,169.0,156.0,150.0,135.0,180.0,130.0,146.0,124.0,176.0,169.0,157.0,149.0,182.0,168.0,164.0,169.0,163.0
combined,78,CB-XTGRPhCL--,True,154.0,162.2,160,139.0,120.0,170.0,147.0,171.0,153.0,156.0,141.0,142.0,125.0,144.0,163.0,162.0,179.0,163.0,144.0,167.0,160.0,145.0,166.0,178.0,150.0,176.0,191.0,135.0,187.0,157.0,161.0,177.0,142.0,142.0,175.0,168.0,192.0,160.0,140.0,161.0,155.0,179.0,145.0,145.0,154.0,131.0,151.0,147.0,148.0,167.0,151.0,150.0,159.0
combined,84,C--XT-RPHC-UK,True,148.0,163.24,160,182.0,159.0,153.0,174.0,177.0,177.0,177.0,174.0,160.0,149.0,153.0,168.0,135.0,156.0,161.0,173.0,156.0,155.0,161.0,162.0,171.0,142.0,147.0,175.0,160.0,184.0,139.0,197.0,179.0,168.0,158.0,174.0,151.0,177.0,174.0,137.0,162.0,145.0,163.0,156.0,151.0,153.0,141.0,144.0,162.0,178.0,179.0,160.0,166.0,168.0
combined,55,C--XT-RPH--UK,True,140.0,124.66,160,132.0,122.0,108.0,124.0,114.0,96.0,130.0,106.0,127.0,98.0,116.0,128.0,100.0,110.0,116.0,128.0,119.0,118.0,88.0,111.0,113.0,126.0,105.0,135.0,132.0,145.0,109.0,116.0,131.0,115.0,90.0,87.0,107.0,88.0,117.0,142.0,93.0,116.0,170.0,110.0,105.0,90.0,124.0,123.0,158.0,92.0,126.0,162.0,135.0,132.0
combined,34,C-EXT-RPHC-UK,False,217.0,164.14000000000001,160,167.0,155.0,161.0,146.0,170.0,195.0,144.0,179.0,162.0,152.0,163.0,175.0,152.0,167.0,157.0,187.0,164.0,155.0,177.0,178.0,132.0,147.0,169.0,186.0,169.0,153.0,183.0,182.0,168.0,195.0,159.0,154.0,147.0,163.0,155.0,166.0,153.0,141.0,162.0,151.0,159.0,199.0,141.0,146.0,163.0,196.0,176.0,165.0,166.0,166.0
combined,74,C-E-T-RPHC-UK,True,164.0,155.84,160,146.0,167.0,166.0,143.0,149.0,142.0,157.0,142.0,133.0,157.0,162.0,170.0,147.0,170.0,145.0,124.0,150.0,172.0,157.0,180.0,157.0,153.0,139.0,159.0,145.0,176.0,149.0,165.0,171.0,168.0,159.0,135.0,142.0,156.0,134.0,179.0,186.0,139.0,164.0,126.0,153.0,149.0,160.0,157.0,176.0,159.0,157.0,161.0,182.0,140.0
combined,65,C--XT-RPH--UK,True,186.0,177.57999999999998,160,167.0,197.0,189.0,181.0,168.0,175.0,189.0,184.0,166.0,175.0,195.0,183.0,179.0,184.0,181.0,186.0,158.0,160.0,202.0,190.0,183.0,169.0,191.0,160.0,149.0,169.0,171.0,178.0,201.0,166.0,149.0,168.0,175.0,171.0,158.0,181.0,184.0,188.0,194.0,170.0,175.0,175.0,182.0,178.0,164.0,179.0,180.0,197.0,163.0,178.0
combined,49,C--XT-RPH--UK,True,140.0,142.38,160,167.0,117.0,130.0,146.0,109.0,128.0,164.0,123.0,143.0,145.0,141.0,169.0,143.0,137.0,113.0,122.0,115.0,137.0,118.0,163.0,120.0,102.0,127.0,115.0,161.0,148.0,121.0,143.0,129.0,160.0,113.0,203.0,144.0,132.0,124.0,125.0,170.0,109.0,133.0,129.0,134.0,135.0,143.0,112.0,148.0,114.0,113.0,159.0,131.0,121.0
combined,104,C-E-T-RPHC-UK,True,145.0,155.8,160,120.0,142.0,167.0,170.0,161.0,163.0,109.0,187.0,140.0,173.0,149.0,139.0,157.0,130.0,151.0,166.0,168.0,175.0,158.0,181.0,162.0,170.0,184.0,152.0,162.0,136.0,143.0,176.0,140.0,164.0,173.0,156.0,159.0,143.0,142.0,149.0,127.0,143.0,126.0,166.0,152.0,162.0,154.0,151.0,149.0,168.0,137.0,154.0,136.0,143.0
combined,89,C--XT-RPHC-UK,True,164.0,153.54,160,143.0,185.0,140.0,147.0,158.0,170.0,125.0,154.0,176.0,145.0,152.0,145.0,145.0,151.0,168.0,125.0,170.0,150.0,129.0,157.0,165.0,111.0,162.0,139.0,148.0,153.0,148.0,142.0,167.0,143.0,115.0,143.0,153.0,153.0,144.0,171.0,161.0,137.0,141.0,137.0,159.0,147.0,183.0,179.0,142.0,160.0,159.0,173.0,151.0,142.0
combined,56,C-E-T-RPHC-UK,True,168.0,158.24,160,150.0,179.0,182.0,182.0,166.0,155.0,161.0,157.0,178.0,147.0,142.0,153.0,158.0,170.0,156.0,177.0,190.0,175.0,146.0,163.0,162.0,180.0,130.0,155.0,148.0,174.0,180.0,153.0,211.0,157.0,165.0,149.0,141.0,148.0,174.0,157.0,183.0,163.0,167.0,159.0,164.0,153.0,165.0,192.0,153.0,170.0,179.0,169.0,166.0,154.0
combined,4,C--XT-RPHC-UK,True,188.0,165.0,160,171.0,188.0,173.0,189.0,162.0,159.0,171.0,136.0,205.0,137.0,155.0,172.0,163.0,170.0,120.0,201.0,146.0,150.0,172.0,169.0,184.0,136.0,167.0,169.0,176.0,159.0,185.0,161.0,153.0,166.0,185.0,149.0,168.0,173.0,216.0,155.0,165.0,153.0,165.0,132.0,151.0,195.0,152.0,159.0,175.0,161.0,168.0,161.0,124.0,167.0
combined,33,CB-XT-RPhCLUK,True,193.0,165.3,160,179.0,176.0,191.0,165.0,169.0,165.0,182.0,172.0,185.0,149.0,165.0,169.0,177.0,186.0,161.0,154.0,181.0,193.0,152.0,190.0,157.0,181.0,193.0,138.0,165.0,140.0,151.0,155.0,178.0,183.0,179.0,180.0,187.0,174.0,184.0,159.0,176.0,161.0,178.0,174.0,176.0,172.0,180.0,163.0,176.0,177.0,134.0,166.0,149.0,173.0
combined,82,C-E-T-RPHC-UK,True,149.0,159.84,160,165.0,159.0,152.0,173.0,189.0,155.0,166.0,168.0,145.0,164.0,144.0,132.0,129.0,141.0,180.0,131.0,183.0,167.0,171.0,164.0,166.0,168.0,143.0,169.0,179.0,133.0,179.0,176.0,126.0,163.0,191.0,179.0,165.0,143.0,148.0,176.0,168.0,182.0,176.0,146.0,166.0,173.0,175.0,168.0,167.0,171.0,182.0,172.0,151.0,130.0
combined,41,C-EXT-RPHC-UK,False,158.0,150.5,160,143.0,155.0,143.0,141.0,145.0,124.0,153.0,178.0,120.0,172.0,134.0,163.0,163.0,166.0,156.0,148.0,150.0,151.0,151.0,149.0,165.0,149.0,151.0,154.0,140.0,166.0,165.0,139.0,154.0,163.0,176.0,133.0,143.0,170.0,155.0,171.0,167.0,168.0,148.0,154.0,171.0,144.0,144.0,176.0,145.0,130.0,152.0,150.0,173.0,157.0
combined,47,C--XT-RPH--UK,True,179.0,175.62,160,180.0,161.0,164.0,159.0,206.0,180.0,175.0,183.0,196.0,157.0,177.0,170.0,177.0,165.0,186.0,162.0,170.0,168.0,180.0,166.0,153.0,163.0,192.0,181.0,174.0,166.0,160.0,139.0,180.0,173.0,190.0,149.0,164.0,200.0,190.0,193.0,162.0,171.0,156.0,160.0,205.0,173.0,146.0,172.0,170.0,179.0,193.0,173.0,156.0,188.0
combined,51,CB-XTGRPHCLUK,True,133.0,164.0,160,170.0,146.0,197.0,156.0,175.0,175.0,161.0,134.0,177.0,139.0,140.0,169.0,162.0,158.0,163.0,169.0,152.0,162.0,163.0,174.0,152.0,150.0,181.0,165.0,176.0,158.0,168.0,178.0,181.0,167.0,148.0,173.0,177.0,178.0,165.0,164.0,143.0,149.0,140.0,159.0,129.0,146.0,120.0,171.0,144.0,177.0,184.0,177.0,159.0,181.0
combined,63,C-E-T-RPHC-UK,True,144.0,169.04,160,199.0,199.0,176.0,162.0,181.0,152.0,178.0,165.0,189.0,146.0,174.0,183.0,181.0,169.0,172.0,172.0,167.0,191.0,203.0,172.0,174.0,164.0,189.0,163.0,205.0,162.0,170.0,155.0,161.0,175.0,190.0,167.0,172.0,184.0,166.0,154.0,161.0,183.0,133.0,148.0,152.0,166.0,187.0,159.0,192.0,164.0,187.0,163.0,161.0,163.0
combined,99,C--XT-RPHC-UK,True,190.0,170.85999999999999,160,170.0,178.0,178.0,152.0,166.0,167.0,165.0,152.0,182.0,187.0,193.0,170.0,175.0,158.0,136.0,179.0,191.0,188.0,163.0,156.0,160.0,175.0,176.0,177.0,154.0,157.0,150.0,177.0,167.0,157.0,204.0,197.0,144.0,156.0,183.0,197.0,163.0,162.0,176.0,165.0,179.0,186.0,184.0,192.0,156.0,159.0,176.0,206.0,157.0,158.0
combined,26,CBEXT-RPhCL--,True,200.0,159.60000000000002,160,150.0,147.0,161.0,153.0,179.0,173.0,155.0,169.0,155.0,152.0,159.0,146.0,148.0,149.0,169.0,162.0,134.0,142.0,159.0,188.0,150.0,147.0,162.0,179.0,157.0,162.0,175.0,143.0,155.0,191.0,170.0,150.0,163.0,169.0,186.0,158.0,144.0,130.0,158.0,167.0,154.0,171.0,164.0,203.0,119.0,159.0,167.0,157.0,141.0,183.0
combined,80,C--XT-RPHC-UK,True,121.0,103.3,160,142.0,107.0,78.0,110.0,129.0,99.0,118.0,129.0,135.0,118.0,133.0,91.0,104.0,115.0,127.0,86.0,109.0,108.0,96.0,81.0,112.0,112.0,154.0,141.0,94.0,100.0,103.0,140.0,112.0,123.0,124.0,146.0,121.0,64.0,85.0,108.0,92.0,107.0,110.0,132.0,92.0,86.0,118.0,127.0,109.0,123.0,125.0,118.0,103.0,84.0
combined,75,C-E-T-RPHC-UK,True,170.0,178.1,160,169.0,185.0,163.0,167.0,185.0,184.0,181.0,182.0,161.0,171.0,181.0,164.0,207.0,167.0,165.0,187.0,161.0,172.0,154.0,206.0,177.0,199.0,165.0,184.0,177.0,185.0,182.0,172.0,191.0,194.0,201.0,173.0,184.0,161.0,203.0,145.0,169.0,190.0,199.0,223.0,206.0,176.0,156.0,165.0,181.0,178.0,159.0,182.0,156.0,166.0
combined,13,C-E-T-RPHC-UK,True,146.0,166.29999999999998,160,153.0,164.0,151.0,165.0,177.0,161.0,167.0,164.0,159.0,163.0,191.0,161.0,183.0,147.0,174.0,165.0,162.0,157.0,194.0,171.0,166.0,146.0,158.0,188.0,163.0,158.0,146.0,144.0,166.0,171.0,167.0,158.0,177.0,148.0,177.0,175.0,162.0,165.0,179.0,150.0,158.0,167.0,152.0,155.0,167.0,147.0,166.0,164.0,186.0,153.0
combined,29,C--XT-RPHC-UK,True,142.0,143.68,160,144.0,150.0,150.0,127.0,150.0,133.0,173.0,139.0,134.0,181.0,118.0,142.0,164.0,164.0,119.0,144.0,156.0,168.0,126.0,134.0,162.0,133.0,123.0,146.0,153.0,141.0,128.0,183.0,134.0,148.0,201.0,166.0,135.0,131.0,180.0,132.0,118.0,141.0,156.0,123.0,159.0,139.0,145.0,176.0,145.0,136.0,173.0,155.0,145.0,144.0
combined,46,C-E-T-RPHC-UK,True,152.0,155.92000000000002,160,158.0,157.0,188.0,185.0,144.0,165.0,158.0,160.0,145.0,143.0,164.0,152.0,140.0,175.0,141.0,129.0,137.0,147.0,168.0,187.0,141.0,141.0,203.0,155.0,137.0,160.0,175.0,164.0,152.0,178.0,135.0,132.0,160.0,172.0,154.0,179.0,142.0,129.0,160.0,143.0,156.0,153.0,172.0,154.0,147.0,138.0,163.0,167.0,155.0,142.0
combined,52,C--XT-RPH--UK,True,164.0,130.6,160,149.0,155.0,116.0,138.0,123.0,131.0,147.0,118.0,138.0,153.0,144.0,131.0,147.0,118.0,148.0,117.0,117.0,136.0,136.0,135.0,113.0,141.0,122.0,160.0,143.0,128.0,144.0,125.0,140.0,144.0,128.0,131.0,147.0,139.0,118.0,146.0,115.0,128.0,153.0,134.0,135.0,161.0,114.0,149.0,116.0,113.0,123.0,131.0,130.0,151.0
combined,67,C--XT-RPH--UK,True,162.0,153.2,160,160.0,170.0,170.0,128.0,160.0,163.0,144.0,146.0,172.0,163.0,157.0,159.0,144.0,150.0,167.0,155.0,139.0,147.0,160.0,152.0,145.0,169.0,155.0,158.0,167.0,151.0,155.0,154.0,173.0,161.0,139.0,149.0,160.0,147.0,159.0,140.0,147.0,149.0,160.0,120.0,188.0,159.0,141.0,120.0,176.0,146.0,151.0,146.0,161.0,172.0
combined,105,C--XT-RPH--UK,True,155.0,153.32,160,159.0,184.0,151.0,133.0,168.0,146.0,165.0,136.0,124.0,166.0,144.0,173.0,148.0,114.0,129.0,124.0,176.0,123.0,150.0,132.0,149.0,139.0,151.0,176.0,170.0,156.0,147.0,142.0,111.0,153.0,148.0,158.0,161.0,168.0,155.0,154.0,140.0,146.0,142.0,171.0,131.0,179.0,171.0,166.0,187.0,176.0,144.0,121.0,136.0,176.0
combined,101,C--XT-RPH--UK,True,153.0,160.84,160,175.0,156.0,192.0,197.0,167.0,139.0,146.0,147.0,184.0,157.0,150.0,168.0,179.0,173.0,137.0,200.0,162.0,156.0,156.0,181.0,171.0,162.0,130.0,190.0,150.0,167.0,126.0,159.0,169.0,153.0,169.0,153.0,160.0,161.0,158.0,136.0,159.0,165.0,171.0,151.0,157.0,183.0,159.0,159.0,170.0,144.0,182.0,167.0,193.0,163.0
combined,61,C--XT-RPHC-UK,True,207.0,170.85999999999999,160,167.0,178.0,163.0,154.0,189.0,163.0,168.0,126.0,157.0,170.0,164.0,166.0,178.0,190.0,181.0,143.0,179.0,153.0,177.0,192.0,173.0,163.0,186.0,183.0,168.0,169.0,154.0,154.0,174.0,182.0,193.0,161.0,208.0,180.0,174.0,185.0,164.0,191.0,158.0,165.0,197.0,177.0,149.0,183.0,159.0,190.0,171.0,168.0,179.0,190.0
combined,27,C-E-T-RPHC-UK,True,152.0,154.56,160,158.0,119.0,155.0,158.0,150.0,160.0,149.0,138.0,141.0,149.0,155.0,175.0,150.0,148.0,173.0,161.0,139.0,156.0,136.0,140.0,153.0,157.0,130.0,117.0,136.0,130.0,131.0,137.0,157.0,126.0,164.0,133.0,108.0,163.0,160.0,121.0,155.0,148.0,136.0,155.0,146.0,155.0,166.0,136.0,140.0,129.0,121.0,167.0,159.0,156.0
combined,93,C-E-T-RPHC-UK,True,138.0,140.7,160,171.0,134.0,139.0,148.0,162.0,118.0,117.0,159.0,127.0,144.0,128.0,143.0,136.0,136.0,116.0,165.0,156.0,137.0,160.0,90.0,138.0,154.0,166.0,119.0,106.0,146.0,114.0,119.0,167.0,123.0,141.0,122.0,149.0,166.0,117.0,140.0,137.0,141.0,123.0,142.0,136.0,116.0,146.0,169.0,170.0,115.0,129.0,138.0,155.0,123.0
combined,17,CBEXT-RPhCL--,True,176.0,108.9,160,126.0,123.0,124.0,131.0,100.0,96.0,100.0,115.0,126.0,103.0,117.0,113.0,144.0,130.0,110.0,96.0,99.0,118.0,104.0,131.0,87.0,86.0,111.0,69.0,124.0,103.0,134.0,82.0,119.0,101.0,100.0,123.0,128.0,93.0,106.0,120.0,118.0,107.0,106.0,105.0,113.0,96.0,103.0,113.0,116.0,116.0,120.0,144.0,103.0,141.0
combined,7,CB--TGRPhCL--,True,165.0,168.94,160,193.0,141.0,176.0,188.0,174.0,174.0,180.0,200.0,165.0,162.0,186.0,185.0,175.0,152.0,178.0,163.0,151.0,168.0,166.0,169.0,177.0,173.0,183.0,161.0,156.0,173.0,137.0,146.0,164.0,166.0,187.0,173.0,182.0,178.0,183.0,167.0,155.0,205.0,184.0,172.0,172.0,172.0,197.0,193.0,178.0,184.0,176.0,172.0,171.0,168.0
combined,12,C-E-T-RPHC-UK,True,156.0,171.42,160,156.0,174.0,173.0,162.0,186.0,157.0,175.0,186.0,149.0,169.0,163.0,162.0,167.0,185.0,139.0,176.0,164.0,190.0,167.0,184.0,176.0,160.0,182.0,168.0,168.0,179.0,151.0,168.0,160.0,178.0,155.0,178.0,175.0,176.0,145.0,180.0,186.0,164.0,153.0,163.0,166.0,197.0,176.0,174.0,156.0,166.0,158.0,142.0,150.0,174.0
combined,103,CBEXT-RPhC---,True,163.0,162.0,160,168.0,135.0,186.0,181.0,146.0,193.0,147.0,138.0,136.0,155.0,168.0,161.0,139.0,158.0,177.0,132.0,177.0,143.0,162.0,160.0,153.0,160.0,175.0,168.0,176.0,145.0,140.0,147.0,168.0,154.0,163.0,163.0,144.0,152.0,153.0,173.0,171.0,173.0,143.0,152.0,166.0,178.0,163.0,185.0,166.0,169.0,175.0,176.0,158.0,171.0
combined,48,C--XT-RPH--UK,True,154.0,159.60000000000002,160,162.0,146.0,171.0,178.0,190.0,138.0,154.0,164.0,165.0,181.0,120.0,168.0,149.0,167.0,167.0,168.0,156.0,147.0,153.0,154.0,183.0,148.0,170.0,159.0,152.0,179.0,160.0,145.0,160.0,154.0,131.0,173.0,193.0,173.0,156.0,142.0,172.0,145.0,174.0,177.0,175.0,140.0,166.0,160.0,152.0,162.0,144.0,183.0,177.0,168.0
combined,43,CB-XTGRPHCLUK,True,145.0,164.42000000000002,160,180.0,147.0,138.0,189.0,172.0,173.0,166.0,163.0,128.0,177.0,182.0,162.0,154.0,170.0,145.0,174.0,142.0,162.0,155.0,190.0,166.0,173.0,170.0,122.0,180.0,189.0,166.0,175.0,149.0,175.0,164.0,152.0,158.0,128.0,181.0,178.0,135.0,188.0,165.0,178.0,167.0,146.0,188.0,145.0,192.0,177.0,179.0,160.0,172.0,168.0
combined,100,C--XT-RPH--UK,True,138.0,150.44,160,134.0,176.0,162.0,137.0,153.0,151.0,151.0,135.0,179.0,113.0,123.0,153.0,124.0,157.0,159.0,162.0,139.0,175.0,133.0,161.0,134.0,132.0,153.0,164.0,130.0,136.0,137.0,143.0,131.0,150.0,135.0,141.0,151.0,146.0,102.0,154.0,121.0,145.0,135.0,163.0,133.0,149.0,149.0,174.0,161.0,151.0,162.0,165.0,119.0,123.0
combined,45,C--XT-RPHC-UK,True,184.0,159.56,160,186.0,162.0,176.0,191.0,156.0,138.0,140.0,163.0,176.0,188.0,153.0,181.0,145.0,162.0,168.0,189.0,144.0,137.0,177.0,167.0,174.0,144.0,172.0,169.0,154.0,147.0,170.0,178.0,149.0,135.0,172.0,162.0,163.0,144.0,158.0,160.0,166.0,145.0,150.0,157.0,149.0,200.0,151.0,136.0,144.0,150.0,143.0,185.0,194.0,160.0
combined,73,C--XT-RPH--UK,True,198.0,169.44,160,163.0,196.0,187.0,174.0,172.0,158.0,187.0,174.0,195.0,182.0,194.0,181.0,171.0,174.0,148.0,174.0,177.0,169.0,177.0,160.0,184.0,190.0,181.0,182.0,167.0,152.0,193.0,169.0,190.0,185.0,177.0,167.0,183.0,194.0,160.0,176.0,190.0,187.0,174.0,199.0,192.0,149.0,169.0,164.0,160.0,186.0,172.0,151.0,173.0,166.0
combined,24,CB--TGRPhCL--,True,146.0,168.34,160,168.0,159.0,179.0,171.0,163.0,146.0,178.0,154.0,172.0,162.0,172.0,171.0,181.0,124.0,180.0,171.0,142.0,145.0,178.0,152.0,167.0,148.0,193.0,179.0,172.0,151.0,154.0,155.0,167.0,175.0,155.0,160.0,155.0,157.0,133.0,158.0,170.0,184.0,151.0,145.0,152.0,179.0,154.0,180.0,168.0,183.0,183.0,151.0,152.0,148.0
combined,71,CB--TGRPhCL--,True,160.0,155.39999999999998,160,149.0,152.0,165.0,167.0,171.0,157.0,155.0,137.0,167.0,135.0,170.0,135.0,147.0,160.0,152.0,137.0,172.0,158.0,172.0,144.0,133.0,155.0,196.0,159.0,163.0,161.0,143.0,130.0,156.0,177.0,163.0,156.0,159.0,167.0,135.0,158.0,164.0,177.0,133.0,164.0,139.0,159.0,181.0,157.0,139.0,151.0,137.0,156.0,148.0,159.0
combined,76,C-EXT-RPHC-UK,False,146.0,141.56,160,143.0,134.0,127.0,151.0,125.0,115.0,156.0,161.0,162.0,138.0,144.0,150.0,158.0,169.0,147.0,136.0,132.0,146.0,117.0,143.0,129.0,131.0,159.0,139.0,192.0,152.0,145.0,151.0,133.0,166.0,127.0,114.0,163.0,146.0,150.0,150.0,118.0,152.0,134.0,146.0,136.0,126.0,156.0,130.0,161.0,104.0,153.0,141.0,109.0,109.0
combined,96,CB--TGRPhCL--,True,164.0,157.42000000000002,160,156.0,161.0,159.0,143.0,163.0,143.0,164.0,180.0,176.0,154.0,146.0,169.0,176.0,158.0,161.0,173.0,163.0,160.0,166.0,155.0,142.0,156.0,131.0,142.0,173.0,151.0,148.0,153.0,196.0,157.0,154.0,156.0,155.0,162.0,173.0,145.0,159.0,162.0,163.0,161.0,142.0,164.0,167.0,150.0,166.0,159.0,162.0,154.0,147.0,164.0
combined,98,CB-XTGRPHCLUK,True,155.0,152.72,160,180.0,152.0,140.0,181.0,143.0,153.0,141.0,137.0,176.0,162.0,161.0,107.0,147.0,169.0,134.0,173.0,149.0,180.0,152.0,163.0,161.0,147.0,158.0,156.0,147.0,137.0,159.0,134.0,152.0,158.0,146.0,134.0,149.0,159.0,147.0,159.0,150.0,130.0,128.0,161.0,126.0,165.0,152.0,174.0,198.0,132.0,167.0,130.0,154.0,140.0
combined,97,C-E-T-RPHC-UK,True,129.0,141.66,160,118.0,136.0,125.0,129.0,143.0,126.0,147.0,142.0,151.0,112.0,147.0,147.0,133.0,172.0,155.0,130.0,153.0,146.0,128.0,131.0,134.0,135.0,160.0,164.0,175.0,145.0,144.0,162.0,127.0,134.0,138.0,130.0,117.0,120.0,135.0,169.0,130.0,147.0,134.0,121.0,160.0,132.0,158.0,155.0,139.0,171.0,136.0,155.0,141.0,178.0
combined,79,C-E-T-RPHC-UK,True,142.0,140.51999999999998,160,103.0,119.0,125.0,162.0,138.0,138.0,138.0,115.0,128.0,139.0,144.0,145.0,140.0,167.0,159.0,146.0,162.0,105.0,135.0,142.0,139.0,116.0,140.0,127.0,118.0,115.0,96.0,144.0,137.0,136.0,135.0,146.0,126.0,128.0,144.0,151.0,160.0,132.0,131.0,138.0,90.0,162.0,177.0,130.0,147.0,146.0,143.0,147.0,151.0,142.0
combined,58,CB--TGRPhCL--,True,148.0,145.6,160,142.0,114.0,130.0,120.0,140.0,126.0,154.0,133.0,156.0,137.0,140.0,143.0,136.0,135.0,122.0,136.0,112.0,155.0,109.0,149.0,175.0,118.0,160.0,161.0,138.0,128.0,143.0,137.0,140.0,154.0,127.0,139.0,148.0,155.0,125.0,136.0,134.0,141.0,134.0,153.0,163.0,150.0,167.0,138.0,124.0,154.0,113.0,135.0,144.0,120.0
combined,9,C--XT-RPH--UK,True,168.0,169.28,160,154.0,175.0,175.0,145.0,189.0,176.0,155.0,164.0,180.0,174.0,167.0,180.0,177.0,194.0,166.0,186.0,185.0,151.0,182.0,164.0,168.0,162.0,159.0,156.0,185.0,165.0,171.0,157.0,178.0,182.0,158.0,151.0,176.0,176.0,182.0,182.0,186.0,171.0,170.0,153.0,163.0,162.0,182.0,195.0,185.0,163.0,144.0,152.0,172.0,156.0
combined,35,CB-XTGRPHCLUK,True,183.0,168.12,160,178.0,180.0,182.0,162.0,178.0,174.0,185.0,182.0,188.0,171.0,161.0,175.0,207.0,182.0,181.0,157.0,165.0,188.0,171.0,171.0,169.0,172.0,172.0,167.0,164.0,176.0,165.0,181.0,173.0,174.0,141.0,187.0,177.0,167.0,163.0,165.0,174.0,187.0,181.0,157.0,184.0,163.0,170.0,152.0,156.0,158.0,183.0,178.0,170.0,177.0
combined,92,C-E-T-RPHC-UK,True,142.0,150.9,160,161.0,182.0,119.0,138.0,175.0,132.0,145.0,145.0,127.0,151.0,127.0,158.0,146.0,122.0,142.0,140.0,156.0,156.0,152.0,158.0,144.0,148.0,116.0,144.0,167.0,127.0,165.0,162.0,144.0,154.0,118.0,152.0,182.0,163.0,142.0,139.0,127.0,158.0,136.0,125.0,146.0,166.0,144.0,143.0,154.0,154.0,149.0,153.0,141.0,154.0
combined,42,C-E-T-RPHC-UK,True,141.0,165.10000000000002,160,202.0,168.0,169.0,183.0,155.0,172.0,175.0,173.0,141.0,182.0,139.0,153.0,160.0,160.0,182.0,137.0,156.0,135.0,166.0,158.0,182.0,144.0,170.0,168.0,127.0,164.0,155.0,196.0,174.0,166.0,150.0,160.0,180.0,153.0,148.0,147.0,161.0,170.0,174.0,188.0,160.0,138.0,166.0,178.0,212.0,158.0,146.0,166.0,163.0,154.0
combined,40,CB-XTGRPHCLUK,True,112.0,152.06,160,133.0,137.0,130.0,150.0,136.0,165.0,128.0,107.0,180.0,132.0,151.0,162.0,155.0,160.0,157.0,152.0,131.0,110.0,153.0,163.0,142.0,142.0,162.0,129.0,126.0,167.0,162.0,138.0,131.0,119.0,156.0,182.0,139.0,136.0,163.0,164.0,151.0,153.0,142.0,151.0,145.0,138.0,156.0,152.0,153.0,139.0,164.0,116.0,136.0,162.0
combined,50,C--XT-RPH--UK,True,181.0,175.51999999999998,160,195.0,201.0,181.0,165.0,164.0,160.0,170.0,197.0,175.0,167.0,186.0,150.0,186.0,166.0,174.0,184.0,164.0,171.0,169.0,174.0,178.0,163.0,187.0,168.0,164.0,181.0,171.0,141.0,185.0,174.0,173.0,180.0,158.0,160.0,155.0,150.0,165.0,167.0,182.0,183.0,163.0,183.0,142.0,167.0,190.0,182.0,189.0,167.0,168.0,191.0
combined,30,C--XT-RPH--UK,True,159.0,154.36,160,155.0,141.0,143.0,136.0,173.0,183.0,173.0,157.0,161.0,151.0,143.0,162.0,134.0,154.0,144.0,155.0,139.0,151.0,158.0,163.0,176.0,171.0,143.0,165.0,154.0,143.0,177.0,128.0,173.0,140.0,176.0,166.0,136.0,195.0,156.0,141.0,161.0,156.0,173.0,152.0,126.0,131.0,134.0,138.0,170.0,165.0,163.0,172.0,155.0,159.0
combined,85,C--XT-RPH--UK,True,148.0,146.64,160,162.0,151.0,171.0,153.0,146.0,150.0,148.0,152.0,138.0,145.0,149.0,169.0,135.0,169.0,148.0,138.0,146.0,139.0,146.0,159.0,144.0,158.0,138.0,159.0,150.0,141.0,164.0,163.0,147.0,163.0,148.0,144.0,139.0,163.0,151.0,133.0,137.0,153.0,137.0,141.0,157.0,158.0,169.0,161.0,157.0,156.0,140.0,159.0,158.0,134.0
combined,57,C--XT-RPH--UK,True,155.0,151.51999999999998,160,161.0,149.0,175.0,123.0,150.0,159.0,192.0,153.0,134.0,156.0,172.0,147.0,130.0,134.0,191.0,97.0,165.0,161.0,135.0,121.0,159.0,119.0,160.0,144.0,169.0,153.0,140.0,151.0,162.0,160.0,137.0,157.0,141.0,160.0,145.0,114.0,160.0,151.0,126.0,135.0,145.0,146.0,152.0,181.0,144.0,155.0,178.0,141.0,170.0,148.0
combined,95,CB--TGRPhCL--,True,179.0,166.1,160,178.0,187.0,167.0,164.0,186.0,151.0,145.0,163.0,129.0,159.0,159.0,163.0,172.0,180.0,163.0,194.0,171.0,146.0,184.0,189.0,176.0,177.0,134.0,162.0,180.0,191.0,162.0,175.0,165.0,174.0,175.0,151.0,168.0,165.0,181.0,184.0,167.0,167.0,175.0,162.0,188.0,170.0,189.0,169.0,131.0,182.0,151.0,196.0,173.0,195.0
combined,21,C--XT-RPH--UK,True,192.0,146.04,160,163.0,129.0,157.0,115.0,141.0,138.0,173.0,136.0,127.0,153.0,177.0,154.0,134.0,139.0,151.0,148.0,139.0,155.0,125.0,177.0,146.0,161.0,138.0,144.0,162.0,159.0,170.0,159.0,143.0,171.0,182.0,147.0,151.0,159.0,142.0,153.0,169.0,132.0,151.0,120.0,145.0,175.0,158.0,154.0,123.0,136.0,154.0,141.0,141.0,153.0
combined,5,CBEXT-RPhCL--,True,164.0,143.98,160,156.0,175.0,129.0,143.0,132.0,167.0,146.0,123.0,130.0,142.0,125.0,133.0,130.0,142.0,168.0,178.0,132.0,159.0,138.0,133.0,143.0,146.0,168.0,148.0,124.0,177.0,115.0,151.0,148.0,129.0,153.0,153.0,144.0,154.0,132.0,127.0,150.0,173.0,159.0,126.0,119.0,126.0,117.0,156.0,174.0,144.0,139.0,114.0,129.0,164.0
combined,72,C--XT-RPH--UK,True,136.0,123.26,160,152.0,91.0,97.0,144.0,118.0,135.0,114.0,134.0,165.0,102.0,114.0,145.0,87.0,131.0,129.0,140.0,141.0,116.0,168.0,140.0,102.0,97.0,97.0,112.0,128.0,115.0,108.0,113.0,137.0,102.0,123.0,127.0,147.0,150.0,134.0,109.0,125.0,115.0,98.0,138.0,125.0,114.0,139.0,135.0,123.0,69.0,143.0,122.0,136.0,126.0
combined,22,C--XT-RPH--UK,True,180.0,176.6,160,196.0,176.0,186.0,174.0,150.0,166.0,169.0,165.0,161.0,185.0,182.0,150.0,197.0,185.0,180.0,157.0,195.0,173.0,165.0,165.0,183.0,166.0,185.0,197.0,164.0,164.0,196.0,163.0,165.0,171.0,181.0,192.0,180.0,185.0,190.0,144.0,169.0,169.0,173.0,185.0,170.0,184.0,182.0,170.0,179.0,151.0,185.0,195.0,165.0,167.0
combined,87,CBEXT-RPhCL--,True,183.0,163.28,160,180.0,160.0,156.0,155.0,124.0,143.0,162.0,163.0,161.0,153.0,187.0,148.0,129.0,174.0,143.0,165.0,147.0,143.0,147.0,189.0,173.0,164.0,154.0,163.0,154.0,142.0,165.0,155.0,165.0,176.0,174.0,121.0,149.0,142.0,151.0,182.0,161.0,162.0,155.0,172.0,145.0,146.0,183.0,202.0,133.0,162.0,156.0,166.0,174.0,161.0
combined,3,C-EXT-RPHC-UK,False,173.0,133.94,160,140.0,107.0,151.0,115.0,132.0,146.0,123.0,137.0,118.0,130.0,152.0,144.0,123.0,131.0,135.0,161.0,140.0,132.0,150.0,125.0,151.0,166.0,139.0,117.0,143.0,132.0,128.0,146.0,123.0,139.0,115.0,148.0,101.0,179.0,167.0,153.0,106.0,111.0,130.0,106.0,134.0,140.0,176.0,128.0,156.0,160.0,118.0,147.0,135.0,126.0
combined,15,C--XT-RPH--UK,True,128.0,130.34,160,155.0,149.0,113.0,134.0,139.0,113.0,115.0,131.0,81.0,156.0,120.0,127.0,113.0,150.0,120.0,141.0,179.0,118.0,154.0,138.0,129.0,125.0,159.0,145.0,131.0,142.0,145.0,132.0,99.0,118.0,136.0,141.0,127.0,92.0,102.0,141.0,76.0,152.0,141.0,132.0,159.0,129.0,127.0,141.0,136.0,150.0,111.0,154.0,147.0,128.0
combined,60,C--XT-RPH--UK,True,179.0,173.82000000000002,160,176.0,191.0,185.0,199.0,199.0,165.0,182.0,183.0,147.0,207.0,169.0,172.0,188.0,179.0,210.0,176.0,184.0,182.0,177.0,178.0,155.0,187.0,147.0,186.0,184.0,185.0,169.0,187.0,163.0,152.0,153.0,164.0,169.0,161.0,188.0,194.0,163.0,184.0,173.0,175.0,171.0,162.0,188.0,174.0,201.0,196.0,194.0,157.0,182.0,182.0
combined,16,C--XT-RPHC-UK,True,162.0,169.16,160,182.0,183.0,176.0,174.0,173.0,159.0,174.0,164.0,151.0,175.0,161.0,170.0,179.0,180.0,140.0,168.0,169.0,166.0,195.0,180.0,196.0,179.0,172.0,161.0,164.0,178.0,177.0,174.0,177.0,153.0,168.0,174.0,185.0,177.0,152.0,176.0,171.0,150.0,178.0,171.0,160.0,209.0,170.0,152.0,179.0,184.0,157.0,195.0,156.0,146.0
combined,11,C-E-T-RPHC-UK,True,192.0,188.07999999999998,160,197.0,207.0,205.0,192.0,185.0,171.0,182.0,196.0,200.0,180.0,198.0,185.0,202.0,187.0,184.0,153.0,182.0,199.0,193.0,192.0,188.0,200.0,198.0,186.0,178.0,195.0,194.0,215.0,187.0,170.0,175.0,186.0,196.0,199.0,194.0,188.0,185.0,209.0,161.0,170.0,169.0,188.0,160.0,193.0,199.0,190.0,182.0,192.0,201.0,179.0
combined,83,C-EXT-RPHC-UK,False,135.0,129.60000000000002,160,110.0,139.0,138.0,115.0,122.0,138.0,121.0,122.0,146.0,162.0,134.0,147.0,167.0,147.0,148.0,107.0,130.0,111.0,135.0,128.0,121.0,144.0,115.0,135.0,101.0,123.0,137.0,134.0,182.0,127.0,138.0,130.0,114.0,116.0,143.0,168.0,135.0,141.0,145.0,128.0,120.0,159.0,86.0,114.0,112.0,114.0,148.0,150.0,154.0,137.0
combined,66,CB--TGRPhCL--,True,167.0,169.89999999999998,160,159.0,156.0,158.0,184.0,163.0,182.0,167.0,198.0,166.0,174.0,176.0,156.0,165.0,168.0,159.0,167.0,166.0,166.0,168.0,139.0,148.0,168.0,155.0,172.0,175.0,165.0,160.0,147.0,173.0,155.0,143.0,156.0,169.0,179.0,154.0,165.0,158.0,165.0,184.0,199.0,142.0,181.0,144.0,187.0,185.0,159.0,162.0,163.0,198.0,179.0
combined,25,C-EXT-RPHC-UK,False,138.0,158.1,160,192.0,136.0,179.0,177.0,168.0,152.0,172.0,164.0,142.0,123.0,159.0,179.0,165.0,164.0,181.0,138.0,159.0,177.0,169.0,142.0,169.0,164.0,151.0,173.0,145.0,179.0,169.0,177.0,160.0,133.0,187.0,166.0,170.0,159.0,153.0,161.0,156.0,174.0,127.0,176.0,165.0,146.0,142.0,162.0,183.0,179.0,163.0,154.0,143.0,168.0
combined,2,C-EXT-RPHC-UK,False,159.0,149.86,160,183.0,156.0,187.0,150.0,144.0,142.0,179.0,160.0,121.0,134.0,155.0,113.0,163.0,162.0,143.0,165.0,145.0,145.0,135.0,122.0,137.0,141.0,150.0,153.0,179.0,146.0,119.0,144.0,180.0,140.0,169.0,178.0,171.0,161.0,165.0,121.0,156.0,139.0,157.0,155.0,133.0,177.0,114.0,122.0,145.0,136.0,113.0,131.0,134.0,139.0
combined,91,C-E-T-RPHC-UK,True,178.0,166.62,160,153.0,195.0,168.0,154.0,182.0,152.0,165.0,177.0,174.0,182.0,170.0,157.0,170.0,126.0,158.0,171.0,189.0,171.0,145.0,196.0,150.0,143.0,180.0,174.0,173.0,162.0,188.0,150.0,169.0,162.0,157.0,178.0,153.0,168.0,152.0,162.0,179.0,199.0,169.0,181.0,161.0,169.0,172.0,155.0,169.0,155.0,171.0,171.0,157.0,175.0
combined,19,C--XT-RPH--UK,True,141.0,141.04,160,141.0,160.0,136.0,124.0,148.0,148.0,158.0,137.0,168.0,172.0,151.0,141.0,153.0,140.0,141.0,158.0,144.0,139.0,140.0,130.0,144.0,163.0,142.0,134.0,153.0,137.0,131.0,148.0,129.0,138.0,144.0,112.0,128.0,161.0,153.0,125.0,131.0,146.0,140.0,129.0,138.0,157.0,144.0,154.0,137.0,118.0,132.0,144.0,136.0,131.0
combined,90,C-EXT-RPHC-UK,False,138.0,133.68,160,125.0,130.0,136.0,156.0,139.0,118.0,134.0,137.0,115.0,127.0,124.0,138.0,145.0,107.0,125.0,134.0,157.0,165.0,96.0,138.0,151.0,139.0,121.0,111.0,117.0,123.0,157.0,129.0,125.0,126.0,126.0,133.0,120.0,147.0,156.0,150.0,130.0,121.0,158.0,114.0,87.0,116.0,120.0,145.0,108.0,76.0,176.0,117.0,140.0,121.0
combined,69,C--XT-RPHC-UK,True,170.0,161.6,160,157.0,139.0,189.0,158.0,185.0,157.0,177.0,169.0,176.0,146.0,156.0,169.0,140.0,152.0,176.0,165.0,161.0,176.0,169.0,194.0,174.0,180.0,146.0,159.0,165.0,150.0,169.0,167.0,160.0,146.0,160.0,163.0,166.0,168.0,155.0,171.0,166.0,137.0,185.0,182.0,132.0,139.0,154.0,156.0,171.0,139.0,181.0,174.0,189.0,138.0
combined,31,C--XT-RPH--UK,True,177.0,159.42000000000002,160,140.0,131.0,172.0,162.0,176.0,155.0,199.0,148.0,169.0,166.0,157.0,159.0,187.0,161.0,162.0,159.0,153.0,142.0,158.0,166.0,153.0,139.0,170.0,148.0,165.0,174.0,172.0,157.0,161.0,151.0,143.0,141.0,129.0,141.0,178.0,184.0,150.0,150.0,151.0,155.0,173.0,187.0,156.0,145.0,162.0,165.0,151.0,197.0,142.0,146.0
combined,6,CB--TGRPhCL--,True,158.0,147.24,160,126.0,128.0,146.0,164.0,151.0,148.0,146.0,162.0,134.0,145.0,161.0,121.0,174.0,115.0,154.0,162.0,137.0,140.0,174.0,138.0,143.0,114.0,142.0,156.0,144.0,157.0,150.0,146.0,153.0,149.0,143.0,138.0,160.0,129.0,129.0,148.0,161.0,120.0,140.0,138.0,117.0,137.0,159.0,139.0,163.0,107.0,142.0,155.0,139.0,130.0
combined,62,C--XT-RPHC-UK,True,186.0,159.48000000000002,160,142.0,165.0,156.0,178.0,162.0,151.0,131.0,166.0,164.0,169.0,174.0,167.0,168.0,151.0,147.0,128.0,156.0,160.0,174.0,133.0,162.0,162.0,165.0,162.0,164.0,135.0,187.0,124.0,150.0,172.0,159.0,121.0,158.0,150.0,137.0,161.0,150.0,140.0,129.0,162.0,147.0,126.0,143.0,172.0,153.0,165.0,163.0,125.0,196.0,184.0
combined,59,CB-XTGRPHCLUK,True,121.0,138.48000000000002,160,139.0,117.0,140.0,157.0,112.0,131.0,135.0,145.0,132.0,140.0,132.0,136.0,141.0,142.0,151.0,129.0,130.0,123.0,168.0,146.0,175.0,171.0,123.0,118.0,119.0,133.0,125.0,143.0,147.0,161.0,143.0,153.0,143.0,133.0,141.0,145.0,152.0,139.0,144.0,134.0,123.0,129.0,147.0,126.0,141.0,115.0,138.0,142.0,133.0,161.0
combined,36,C--XT-RPH--UK,True,162.0,165.2,160,139.0,132.0,174.0,174.0,154.0,173.0,163.0,136.0,179.0,146.0,175.0,165.0,150.0,158.0,189.0,169.0,180.0,166.0,136.0,157.0,151.0,187.0,155.0,163.0,177.0,159.0,174.0,176.0,181.0,173.0,146.0,164.0,177.0,151.0,168.0,191.0,175.0,137.0,159.0,144.0,116.0,157.0,137.0,142.0,173.0,137.0,180.0,156.0,174.0,171.0
combined,94,C--XT-RPH--UK,True,170.0,162.76,160,135.0,163.0,165.0,155.0,169.0,155.0,156.0,154.0,144.0,150.0,143.0,170.0,164.0,148.0,132.0,155.0,183.0,144.0,159.0,160.0,174.0,162.0,154.0,143.0,169.0,186.0,200.0,151.0,129.0,170.0,149.0,145.0,158.0,164.0,168.0,155.0,140.0,154.0,176.0,187.0,142.0,146.0,160.0,143.0,161.0,141.0,163.0,179.0,188.0,181.0
combined,102,CBEXT-RPhCL--,True,162.0,157.89999999999998,160,151.0,141.0,171.0,175.0,158.0,162.0,153.0,147.0,177.0,154.0,173.0,173.0,149.0,152.0,186.0,144.0,137.0,168.0,154.0,156.0,152.0,163.0,163.0,195.0,147.0,183.0,189.0,157.0,165.0,131.0,162.0,158.0,159.0,163.0,166.0,138.0,162.0,158.0,186.0,185.0,157.0,145.0,163.0,168.0,175.0,162.0,191.0,139.0,185.0,148.0
combined,86,C-E-T-RPHC-UK,True,165.0,154.8,160,167.0,147.0,151.0,162.0,169.0,153.0,151.0,170.0,148.0,154.0,142.0,154.0,127.0,149.0,157.0,153.0,140.0,124.0,164.0,177.0,146.0,154.0,151.0,188.0,152.0,197.0,163.0,154.0,150.0,153.0,162.0,147.0,195.0,156.0,139.0,128.0,175.0,162.0,177.0,138.0,152.0,147.0,146.0,140.0,157.0,168.0,163.0,143.0,170.0,155.0
combined,54,C--XT-RPHC-UK,True,148.0,151.62,160,156.0,139.0,143.0,165.0,100.0,168.0,185.0,149.0,145.0,130.0,162.0,166.0,130.0,146.0,154.0,183.0,135.0,144.0,173.0,191.0,134.0,172.0,147.0,157.0,147.0,161.0,152.0,154.0,147.0,155.0,153.0,110.0,142.0,136.0,135.0,158.0,137.0,167.0,164.0,152.0,137.0,156.0,133.0,153.0,147.0,145.0,156.0,147.0,181.0,114.0
combined,23,CBEXT-RPhCL--,True,156.0,159.64000000000001,160,131.0,148.0,180.0,143.0,173.0,160.0,172.0,137.0,170.0,184.0,187.0,195.0,133.0,175.0,177.0,192.0,149.0,159.0,179.0,185.0,141.0,159.0,131.0,160.0,153.0,170.0,175.0,149.0,149.0,173.0,131.0,156.0,146.0,157.0,144.0,148.0,155.0,162.0,172.0,152.0,157.0,139.0,166.0,131.0,167.0,167.0,170.0,183.0,158.0,164.0
combined,88,CBEXT-RPhCL--,True,180.0,160.62,160,159.0,175.0,164.0,159.0,165.0,180.0,171.0,163.0,151.0,159.0,150.0,154.0,171.0,174.0,166.0,180.0,159.0,174.0,166.0,147.0,194.0,168.0,171.0,165.0,191.0,159.0,169.0,192.0,153.0,173.0,143.0,175.0,173.0,126.0,178.0,154.0,182.0,168.0,168.0,188.0,183.0,136.0,164.0,195.0,146.0,177.0,142.0,153.0,176.0,188.0
combined,64,C--XT-RPH--UK,True,167.0,158.07999999999998,160,165.0,155.0,175.0,151.0,173.0,131.0,133.0,134.0,141.0,174.0,151.0,187.0,137.0,156.0,143.0,113.0,158.0,163.0,168.0,150.0,158.0,155.0,145.0,151.0,158.0,175.0,159.0,153.0,159.0,169.0,159.0,152.0,163.0,165.0,146.0,171.0,136.0,148.0,174.0,154.0,157.0,116.0,173.0,150.0,114.0,132.0,138.0,128.0,157.0,186.0
combined,38,C-E-T-RPHC-UK,True,148.0,154.78,160,133.0,145.0,156.0,135.0,153.0,153.0,146.0,173.0,143.0,166.0,136.0,156.0,153.0,159.0,157.0,146.0,171.0,161.0,146.0,136.0,136.0,174.0,161.0,168.0,144.0,163.0,154.0,136.0,141.0,145.0,140.0,155.0,154.0,152.0,135.0,151.0,109.0,119.0,122.0,141.0,146.0,163.0,179.0,160.0,176.0,140.0,139.0,152.0,150.0,119.0
combined,81,CB-XTGRPHCLUK,True,168.0,149.42000000000002,160,142.0,183.0,144.0,148.0,152.0,132.0,146.0,140.0,176.0,165.0,167.0,166.0,168.0,132.0,137.0,121.0,131.0,118.0,168.0,161.0,153.0,141.0,132.0,156.0,122.0,153.0,144.0,155.0,148.0,160.0,135.0,162.0,170.0,149.0,149.0,148.0,159.0,152.0,129.0,153.0,166.0,152.0,139.0,150.0,140.0,163.0,120.0,159.0,183.0,146.0
combined,77,CB-XT-RP-C-UK,True,154.0,144.58,160,183.0,132.0,168.0,146.0,151.0,188.0,146.0,122.0,140.0,171.0,136.0,146.0,162.0,167.0,158.0,132.0,166.0,174.0,114.0,155.0,145.0,145.0,150.0,152.0,158.0,147.0,96.0,132.0,166.0,180.0,124.0,116.0,137.0,165.0,154.0,171.0,146.0,192.0,147.0,152.0,126.0,141.0,166.0,129.0,124.0,132.0,128.0,186.0,126.0,157.0
combined,20,C-EXT-RPHC-UK,False,147.0,120.38,160,139.0,114.0,129.0,137.0,132.0,135.0,147.0,127.0,112.0,109.0,125.0,114.0,97.0,119.0,113.0,128.0,117.0,118.0,129.0,125.0,144.0,113.0,123.0,118.0,90.0,129.0,93.0,113.0,97.0,120.0,122.0,135.0,95.0,156.0,88.0,130.0,114.0,144.0,120.0,134.0,74.0,147.0,157.0,113.0,102.0,116.0,132.0,107.0,97.0,106.0
